source_literature_key,source_literature_title,source_literature_path,source_literature_abs_path,source_literature_doi,source_match_confidence,source_match_status,source_match_rule,source_match_basis,source_match_notes,wff_dataset,wff_source_file,wff_row_number,source_path_exists,Cation,anion,compound,surface,h,r_cat,logP_cat,MW_cat,N_rot_cat,velocity,I_ss,Potential,MW_an,Bertz_cat,r_an,N_qN_cat,σ_s,γ_s,TPSA_an,Rq,TPSA_cat,BalJ_cat,logP_an,θ_s,I_H2O,T,x_IL,N_HA_cat,Bertz_an,BalJ_an,μ,friction_bin,cation_bin,stratify_label,original_index,friction_pred,friction_diff,error_flag,N_HD_cat
polymeric_2022,Interfacial nanostructure and friction of a polymeric ionic liquid-ionic liquid mixture as a function of potential at Au(111) electrode interface,reference/Lubrication/Extracted/Interfacial nanostructure and friction of a polymeric ionic liquid-ionic.pdf,/Users/julyanffzz/项目/Ioniclink/reference/Lubrication/Extracted/Interfacial nanostructure and friction of a polymeric ionic liquid-ionic.pdf,10.1016/j.jcis.2021.08.067,high,matched_local_reference,bmim_tfsi_polymeric_au,[BMIm]+ [TFSI]- / compound=zero / surface=Au(111) / potential=-1.0 / velocity=6.0,"BMIM TFSI and PIL/BMIM TFSI mixture on Au(111), matching the 2022 polymeric ionic-liquid mixture study.",film,film+dataset0312.csv,1,True,[BMIm]+,[TFSI]-,zero,Au(111),2.649913594,3.310978931,1.1127,139.222,3,6.0,0,-1.0,280.147,190.8925906,3.359227186,0,0.7,-0.02,82.38,1.0,8.81,2.422977778,1.0593,60.0,0,298,100.0,1,384.7328028,5.284512596,0.319,4.0,139.222,4_139.222,,,,,
bmim_surfaces_2022,Ionic liquids on uncharged and charged surfaces: in situ microstructures and nanofriction,reference/Lubrication/2022-Ionic liquids on uncharged and charged surfaces In situ.pdf,/Users/julyanffzz/项目/Ioniclink/reference/Lubrication/2022-Ionic liquids on uncharged and charged surfaces In situ.pdf,10.1007/s40544-021-0566-5,high,matched_local_reference,bmim_bf4_pf6_mica_hopg,[BMIm]+ [PF6]- / compound=zero / surface=mica / potential=0.0 / velocity=20.0,BMIM BF4/PF6 on uncharged mica and HOPG with in situ microstructures and nanofriction.,film,film+dataset0312.csv,2,True,[BMIm]+,[PF6]-,zero,mica,2.2,3.310978931,1.1127,139.222,3,20.0,0,0.0,144.962,190.8925906,2.529372901,0,1.77,-0.16,0.0,0.66,8.81,2.422977778,3.3824,0.0,0,298,100.0,1,62.74506838,4.431293675,0.1,2.0,139.222,2_139.222,,,,,
bmb_pc_2020,Electroresponsive structuring and friction of a non-halogenated ionic liquid in a polar solvent: effect of concentration,reference/Lubrication/3.10/2020-Rutland-Electroresponsive structuring and friction of a non-halogenated ionic liquid in a polar solvent effect of concentration.pdf,/Users/julyanffzz/项目/Ioniclink/reference/Lubrication/3.10/2020-Rutland-Electroresponsive structuring and friction of a non-halogenated ionic liquid in a polar solvent effect of concentration.pdf,10.1039/D0CP02736G,high,matched_local_reference,p66614_bmb_pc_au,"[P6,6,6,14]+ [BMB]- / compound=PC / surface=Au(111) / potential=-1.0 / velocity=6.0","Exact P6,6,6,14 BMB in propylene carbonate on Au(111), matching the 2020 electroresponsive PC/gold paper.",film,film+dataset0312.csv,3,True,"[P6,6,6,14]+",[BMB]-,PC,Au(111),2.9,5.174799948,12.446,483.87,28,6.0,0,-1.0,311.078,319.1282666,3.97427778,0,0.7,-0.02,71.06,0.835,0.0,4.337445108,2.0514,60.0,0,298,3.1,0,682.1804819,1.591434542,0.0881,2.0,483.87,2_483.87,,,,,
bmim_surfaces_2022,Ionic liquids on uncharged and charged surfaces: in situ microstructures and nanofriction,reference/Lubrication/2022-Ionic liquids on uncharged and charged surfaces In situ.pdf,/Users/julyanffzz/项目/Ioniclink/reference/Lubrication/2022-Ionic liquids on uncharged and charged surfaces In situ.pdf,10.1007/s40544-021-0566-5,high,matched_local_reference,bmim_bf4_pf6_mica_hopg,[BMIm]+ [BF4]- / compound=zero / surface=HOPG / potential=0.0 / velocity=20.0,BMIM BF4/PF6 on uncharged mica and HOPG with in situ microstructures and nanofriction.,film,film+dataset0312.csv,4,True,[BMIm]+,[BF4]-,zero,HOPG,3.9,3.310978931,1.1127,139.222,3,20.0,0,0.0,86.804,190.8925906,2.328453731,0,0.05,-0.0002,0.0,0.89,8.81,2.422977778,1.3,85.0,0,298,100.0,1,19.11941548,3.023715784,0.0028,0.0,139.222,0_139.222,,,,,
bmb_pc_2020,Electroresponsive structuring and friction of a non-halogenated ionic liquid in a polar solvent: effect of concentration,reference/Lubrication/3.10/2020-Rutland-Electroresponsive structuring and friction of a non-halogenated ionic liquid in a polar solvent effect of concentration.pdf,/Users/julyanffzz/项目/Ioniclink/reference/Lubrication/3.10/2020-Rutland-Electroresponsive structuring and friction of a non-halogenated ionic liquid in a polar solvent effect of concentration.pdf,10.1039/D0CP02736G,high,matched_local_reference,p66614_bmb_pc_au,"[P6,6,6,14]+ [BMB]- / compound=PC / surface=Au(111) / potential=0.25 / velocity=12.0","Exact P6,6,6,14 BMB in propylene carbonate on Au(111), matching the 2020 electroresponsive PC/gold paper.",film,film+dataset0312.csv,5,True,"[P6,6,6,14]+",[BMB]-,PC,Au(111),2.83,5.174799948,12.446,483.87,28,12.0,0,0.25,311.078,319.1282666,3.97427778,0,0.7,-0.02,71.06,0.835,0.0,4.337445108,2.0514,60.0,0,298,0.67,0,682.1804819,1.591434542,0.1162,3.0,483.87,3_483.87,,,,,
polymeric_2022,Interfacial nanostructure and friction of a polymeric ionic liquid-ionic liquid mixture as a function of potential at Au(111) electrode interface,reference/Lubrication/Extracted/Interfacial nanostructure and friction of a polymeric ionic liquid-ionic.pdf,/Users/julyanffzz/项目/Ioniclink/reference/Lubrication/Extracted/Interfacial nanostructure and friction of a polymeric ionic liquid-ionic.pdf,10.1016/j.jcis.2021.08.067,high,matched_local_reference,bmim_tfsi_polymeric_au,[BMIm]+ [TFSI]- / compound=zero / surface=Au(111) / potential=1.0 / velocity=6.0,"BMIM TFSI and PIL/BMIM TFSI mixture on Au(111), matching the 2022 polymeric ionic-liquid mixture study.",film,film+dataset0312.csv,6,True,[BMIm]+,[TFSI]-,zero,Au(111),1.24452765,3.310978931,1.1127,139.222,3,6.0,0,1.0,280.147,190.8925906,3.359227186,0,0.7,-0.02,82.38,1.0,8.81,2.422977778,1.0593,60.0,0,298,100.0,1,384.7328028,5.284512596,0.299,4.0,139.222,4_139.222,,,,,
bmim_surfaces_2022,Ionic liquids on uncharged and charged surfaces: in situ microstructures and nanofriction,reference/Lubrication/2022-Ionic liquids on uncharged and charged surfaces In situ.pdf,/Users/julyanffzz/项目/Ioniclink/reference/Lubrication/2022-Ionic liquids on uncharged and charged surfaces In situ.pdf,10.1007/s40544-021-0566-5,high,matched_local_reference,bmim_bf4_pf6_mica_hopg,[BMIm]+ [PF6]- / compound=zero / surface=HOPG / potential=0.0 / velocity=20.0,BMIM BF4/PF6 on uncharged mica and HOPG with in situ microstructures and nanofriction.,film,film+dataset0312.csv,7,True,[BMIm]+,[PF6]-,zero,HOPG,4.4,3.310978931,1.1127,139.222,3,20.0,0,0.0,144.962,190.8925906,2.529372901,0,0.05,-0.0002,0.0,0.89,8.81,2.422977778,3.3824,85.0,0,298,100.0,1,62.74506838,4.431293675,0.0023,0.0,139.222,0_139.222,,,,,
polymeric_2022,Interfacial nanostructure and friction of a polymeric ionic liquid-ionic liquid mixture as a function of potential at Au(111) electrode interface,reference/Lubrication/Extracted/Interfacial nanostructure and friction of a polymeric ionic liquid-ionic.pdf,/Users/julyanffzz/项目/Ioniclink/reference/Lubrication/Extracted/Interfacial nanostructure and friction of a polymeric ionic liquid-ionic.pdf,10.1016/j.jcis.2021.08.067,high,matched_local_reference,bmim_tfsi_polymeric_au,[BMIm]+ [TFSI]- / compound=zero / surface=Au(111) / potential=1.0 / velocity=6.0,"BMIM TFSI and PIL/BMIM TFSI mixture on Au(111), matching the 2022 polymeric ionic-liquid mixture study.",film,film+dataset0312.csv,8,True,[BMIm]+,[TFSI]-,zero,Au(111),0.485455069,3.310978931,1.1127,139.222,3,6.0,0,1.0,280.147,190.8925906,3.359227186,0,0.7,-0.02,82.38,1.0,8.81,2.422977778,1.0593,60.0,0,298,100.0,1,384.7328028,5.284512596,0.119,3.0,139.222,3_139.222,,,,,
protic_2014,Effect of ion structure on nanoscale friction in protic ionic liquids,reference/Lubrication/Extracted/2014-Rutland-Effect of ion structure on nanoscale friction in protic ionic liquids.pdf,/Users/julyanffzz/项目/Ioniclink/reference/Lubrication/Extracted/2014-Rutland-Effect of ion structure on nanoscale friction in protic ionic liquids.pdf,,high,matched_local_reference,protic_ion_structure_2014,[DMEA]+ [F]- / compound=zero / surface=mica / potential=0.0 / velocity=30.0,"Protic ionic-liquid ion-structure series on mica/silica, covering EA/PA/DMEA/EtA nitrate/formate systems.",film,film+dataset0312.csv,9,True,[DMEA]+,[F]-,zero,mica,0.445396146,2.824148313,-0.8492,74.147,1,30.0,0,0.0,45.017,17.60964047,2.091441062,1,1.77,-0.16,40.13,0.0569,4.44,2.539538861,-1.6339,0.0,0,298,100.0,0,10.26466251,2.187496097,0.607594937,5.0,74.147,5_74.147,,,,,
graphite_2021,Potential-Dependent Superlubricity of Ionic Liquids on a Graphite Surface,reference/Lubrication/2021-atkin-potential-dependent-superlubricity-of-ionic-liquids-on-a-graphite-surface.pdf,/Users/julyanffzz/项目/Ioniclink/reference/Lubrication/2021-atkin-potential-dependent-superlubricity-of-ionic-liquids-on-a-graphite-surface.pdf,10.1021/acs.jpcc.0c10804,high,matched_local_reference,phosphonium_hopg_graphite,"[P6,6,6,14]+ [BEHP]- / compound=zero / surface=HOPG / potential=0.0 / velocity=6.0",HOPG phosphonium ionic-liquid comparison series from the graphite potential-dependent superlubricity paper.,film,film+dataset0312.csv,10,True,"[P6,6,6,14]+",[BEHP]-,zero,HOPG,3.7,5.174799948,12.446,483.87,28,6.0,0,0.0,321.418,319.1282666,4.32349866,0,0.05,-0.0002,58.59,0.89,0.0,4.337445108,4.9208,85.0,0,298,100.0,0,259.4505415,4.075382025,0.012,0.0,483.87,0_483.87,,,,,
bmim_aot_water_2025,Potential-dependent superlubricity of stainless steel and Au(111) using a water-in-surface-active ionic liquid mixture,reference/Lubrication/Extracted/2025-Potential-dependent superlubricity of stainless steel and Au(111) using a.pdf,/Users/julyanffzz/项目/Ioniclink/reference/Lubrication/Extracted/2025-Potential-dependent superlubricity of stainless steel and Au(111) using a.pdf,,high,matched_local_reference,bmim_aot_h2o_au_stainless,[BMIm]+ [AOT]- / compound=H2O / surface=Au(111) / potential=-0.5 / velocity=6.0,1.6 M [BMIm][AOT] water-in-surface-active ionic liquid mixture on Au(111)/stainless steel.,film,film+dataset0312.csv,11,True,[BMIm]+,[AOT]-,H2O,Au(111),2.0,3.310978931,1.1127,139.222,3,6.0,0,-0.5,421.576,190.8925906,4.637037402,0,0.7,-0.02,109.8,0.2,8.81,2.422977778,3.8095,60.0,1,298,16.5,1,544.7574562,4.726289834,0.312,4.0,139.222,4_139.222,,,,,
control_gold_2012,Control of Nanoscale Friction on Gold in an Ionic Liquid by a Potential-Dependent Ionic Lubricant Layer,reference/Lubrication/3.10/2012-Rutland-Control of Nanoscale Friction on Gold in an Ionic Liquid by a Potential-Dependent Ionic Lubricant Layer.pdf,/Users/julyanffzz/项目/Ioniclink/reference/Lubrication/3.10/2012-Rutland-Control of Nanoscale Friction on Gold in an Ionic Liquid by a Potential-Dependent Ionic Lubricant Layer.pdf,,high,matched_local_reference,py14_fap_au,"[Py1,4]+ [FAP]- / compound=zero / surface=Au(111) / potential=1.0 / velocity=6.0","Exact [Py1,4][FAP] on Au(111) potential-dependent lubricant layer system.",film,film+dataset0312.csv,12,True,"[Py1,4]+",[FAP]-,zero,Au(111),4.086022,3.423597497,2.0269,142.266,3,6.0,0,1.0,445.004,92.90138861,3.775688868,1,0.7,-0.02,0.0,1.0,0.0,2.21874475,7.1942,60.0,0,298,100.0,0,468.4882895,7.871070033,0.45,5.0,142.266,5_142.266,,,,,
ean_mica_2012,Ionic liquid nanotribology: mica-silica interactions in ethylammonium nitrate,reference/Lubrication/Extracted/2012-rutland-Ionic liquid nanotribology mica–silica interactions in ethylammonium nitrate.pdf,/Users/julyanffzz/项目/Ioniclink/reference/Lubrication/Extracted/2012-rutland-Ionic liquid nanotribology mica–silica interactions in ethylammonium nitrate.pdf,10.1039/C2SM25620K,high,matched_local_reference,ean_mica_silica_2012,[EA]+ [N]- / compound=zero / surface=mica / potential=0.0 / velocity=40.0,"EAN on mica/silica nanotribology system. Some EAN rows overlap ion-structure comparisons, but this is the EAN-specific primary paper in the local Lubrication corpus.",film,film+dataset0312.csv,13,True,[EA]+,[N]-,zero,mica,2.884955752,2.431285504,-0.7518,46.093,0,40.0,0,0.0,62.004,2.754887502,2.192174955,1,1.77,-0.16,66.2,0.0569,27.64,1.632993162,-0.2391,0.0,0,298,100.0,0,26.26466251,2.803039488,2.3,7.0,46.093,7_46.093,,,,,
surface_active_2024,Surface-active ionic liquids as lubricant additives to hexadecane and diethyl succinate,reference/Lubrication/Extracted/Surface-active ionic liquids as lubricant additives to hexadecane and diethyl succinate.pdf,/Users/julyanffzz/项目/Ioniclink/reference/Lubrication/Extracted/Surface-active ionic liquids as lubricant additives to hexadecane and diethyl succinate.pdf,,high,matched_local_reference,p66614_aot_ds_stainless_additives,"[P6,6,6,14]+ [AOT]- / compound=(CH2CO2Et)2 / surface=stainless steel / potential=1.24 / velocity=6.0",Surface-active phosphonium AOT/DS additives in hexadecane or diethyl succinate on stainless steel.,film,film+dataset0312.csv,14,True,"[P6,6,6,14]+",[AOT]-,(CH2CO2Et)2,stainless steel,0.69,5.174799948,12.446,483.87,28,6.0,1,1.24,421.576,319.1282666,4.637037402,0,0.07,0.01,109.8,0.9,0.0,4.337445108,3.8095,72.0,0,298,1.002,0,544.7574562,4.726289834,0.36,4.0,483.87,4_483.87,,,,,
ean_mica_2012,Ionic liquid nanotribology: mica-silica interactions in ethylammonium nitrate,reference/Lubrication/Extracted/2012-rutland-Ionic liquid nanotribology mica–silica interactions in ethylammonium nitrate.pdf,/Users/julyanffzz/项目/Ioniclink/reference/Lubrication/Extracted/2012-rutland-Ionic liquid nanotribology mica–silica interactions in ethylammonium nitrate.pdf,10.1039/C2SM25620K,high,matched_local_reference,ean_mica_silica_2012,[EA]+ [N]- / compound=zero / surface=mica / potential=0.0 / velocity=30.0,"EAN on mica/silica nanotribology system. Some EAN rows overlap ion-structure comparisons, but this is the EAN-specific primary paper in the local Lubrication corpus.",film,film+dataset0312.csv,15,True,[EA]+,[N]-,zero,mica,0.75,2.431285504,-0.7518,46.093,0,30.0,0,0.0,62.004,2.754887502,2.192174955,1,1.77,-0.16,66.2,0.0569,27.64,1.632993162,-0.2391,0.0,0,298,100.0,0,26.26466251,2.803039488,0.563,5.0,46.093,5_46.093,,,,,
superlubricity_hopg_2014,An ionic liquid lubricant enables superlubricity to be switched on in situ using an electrical potential,reference/Lubrication/3.10/2014-atkin-An ionic liquid lubricant enables superlubricity to be “switched on” in situ usin.pdf,/Users/julyanffzz/项目/Ioniclink/reference/Lubrication/3.10/2014-atkin-An ionic liquid lubricant enables superlubricity to be “switched on” in situ usin.pdf,10.1039/C4CC00979G,high,matched_local_reference,hmim_fap_hopg,[HMIM]+ [FAP]- / compound=zero / surface=HOPG / potential=-1.5 / velocity=6.0,[HMIM][FAP] on HOPG potential-dependent superlubricity system.,film,film+dataset0312.csv,16,True,[HMIM]+,[FAP]-,zero,HOPG,0.54,3.540263249,1.8929,167.276,5,6.0,0,-1.5,445.004,215.3680851,3.775688868,0,0.05,-0.0002,0.0,0.89,8.81,2.153242802,7.1942,85.0,0,298,100.0,1,468.4882895,7.871070033,0.0217,1.0,167.276,1_167.276,,,,,
protic_2014,Effect of ion structure on nanoscale friction in protic ionic liquids,reference/Lubrication/Extracted/2014-Rutland-Effect of ion structure on nanoscale friction in protic ionic liquids.pdf,/Users/julyanffzz/项目/Ioniclink/reference/Lubrication/Extracted/2014-Rutland-Effect of ion structure on nanoscale friction in protic ionic liquids.pdf,,high,matched_local_reference,protic_ion_structure_2014,[EtA]+ [N]- / compound=zero / surface=mica / potential=0.0 / velocity=20.0,"Protic ionic-liquid ion-structure series on mica/silica, covering EA/PA/DMEA/EtA nitrate/formate systems.",film,film+dataset0312.csv,17,True,[EtA]+,[N]-,zero,mica,0.437894737,2.543129445,-1.7794,62.092,1,20.0,0,0.0,62.004,8.0,2.192174955,1,1.77,-0.16,66.2,0.0569,47.87,1.974744871,-0.2391,0.0,0,298,100.0,1,26.26466251,2.803039488,0.670886076,5.0,62.092,5_62.092,,,,,
bmim_surfaces_2022,Ionic liquids on uncharged and charged surfaces: in situ microstructures and nanofriction,reference/Lubrication/2022-Ionic liquids on uncharged and charged surfaces In situ.pdf,/Users/julyanffzz/项目/Ioniclink/reference/Lubrication/2022-Ionic liquids on uncharged and charged surfaces In situ.pdf,10.1007/s40544-021-0566-5,high,matched_local_reference,bmim_bf4_pf6_mica_hopg,[BMIm]+ [BF4]- / compound=zero / surface=HOPG / potential=0.0 / velocity=20.0,BMIM BF4/PF6 on uncharged mica and HOPG with in situ microstructures and nanofriction.,film,film+dataset0312.csv,18,True,[BMIm]+,[BF4]-,zero,HOPG,3.8,3.310978931,1.1127,139.222,3,20.0,0,0.0,86.804,190.8925906,2.328453731,0,0.05,-0.0002,0.0,0.89,8.81,2.422977778,1.3,85.0,0,298,100.0,1,19.11941548,3.023715784,0.003,0.0,139.222,0_139.222,,,,,
protic_2014,Effect of ion structure on nanoscale friction in protic ionic liquids,reference/Lubrication/Extracted/2014-Rutland-Effect of ion structure on nanoscale friction in protic ionic liquids.pdf,/Users/julyanffzz/项目/Ioniclink/reference/Lubrication/Extracted/2014-Rutland-Effect of ion structure on nanoscale friction in protic ionic liquids.pdf,,high,matched_local_reference,protic_ion_structure_2014,[PA]+ [F]- / compound=zero / surface=mica / potential=0.0 / velocity=30.0,"Protic ionic-liquid ion-structure series on mica/silica, covering EA/PA/DMEA/EtA nitrate/formate systems.",film,film+dataset0312.csv,19,True,[PA]+,[F]-,zero,mica,0.666666667,2.642365161,-0.3617,60.12,1,30.0,0,0.0,45.017,5.245112498,2.091441062,1,1.77,-0.16,40.13,0.0569,27.64,1.974744871,-1.6339,0.0,0,298,100.0,0,10.26466251,2.187496097,1.017721519,6.0,60.12,6_60.12,,,,,
protic_2014,Effect of ion structure on nanoscale friction in protic ionic liquids,reference/Lubrication/Extracted/2014-Rutland-Effect of ion structure on nanoscale friction in protic ionic liquids.pdf,/Users/julyanffzz/项目/Ioniclink/reference/Lubrication/Extracted/2014-Rutland-Effect of ion structure on nanoscale friction in protic ionic liquids.pdf,,high,matched_local_reference,protic_ion_structure_2014,[EA]+ [F]- / compound=zero / surface=mica / potential=0.0 / velocity=10.0,"Protic ionic-liquid ion-structure series on mica/silica, covering EA/PA/DMEA/EtA nitrate/formate systems.",film,film+dataset0312.csv,20,True,[EA]+,[F]-,zero,mica,1.667334669,2.431285504,-0.7518,46.093,0,10.0,0,0.0,45.017,2.754887502,2.091441062,1,1.77,-0.16,40.13,0.0569,27.64,1.632993162,-1.6339,0.0,0,298,100.0,0,10.26466251,2.187496097,1.25,6.0,46.093,6_46.093,,,,,
superlubricity_hopg_2014,An ionic liquid lubricant enables superlubricity to be switched on in situ using an electrical potential,reference/Lubrication/3.10/2014-atkin-An ionic liquid lubricant enables superlubricity to be “switched on” in situ usin.pdf,/Users/julyanffzz/项目/Ioniclink/reference/Lubrication/3.10/2014-atkin-An ionic liquid lubricant enables superlubricity to be “switched on” in situ usin.pdf,10.1039/C4CC00979G,high,matched_local_reference,hmim_fap_hopg,[HMIM]+ [FAP]- / compound=zero / surface=HOPG / potential=1.5 / velocity=6.0,[HMIM][FAP] on HOPG potential-dependent superlubricity system.,film,film+dataset0312.csv,21,True,[HMIM]+,[FAP]-,zero,HOPG,0.437,3.540263249,1.8929,167.276,5,6.0,0,1.5,445.004,215.3680851,3.775688868,0,0.05,-0.0002,0.0,0.89,8.81,2.153242802,7.1942,85.0,0,298,100.0,1,468.4882895,7.871070033,0.001,0.0,167.276,0_167.276,,,,,
bmim_surfaces_2022,Ionic liquids on uncharged and charged surfaces: in situ microstructures and nanofriction,reference/Lubrication/2022-Ionic liquids on uncharged and charged surfaces In situ.pdf,/Users/julyanffzz/项目/Ioniclink/reference/Lubrication/2022-Ionic liquids on uncharged and charged surfaces In situ.pdf,10.1007/s40544-021-0566-5,high,matched_local_reference,bmim_bf4_pf6_mica_hopg,[BMIm]+ [PF6]- / compound=zero / surface=HOPG / potential=0.0 / velocity=20.0,BMIM BF4/PF6 on uncharged mica and HOPG with in situ microstructures and nanofriction.,film,film+dataset0312.csv,22,True,[BMIm]+,[PF6]-,zero,HOPG,0.0,3.310978931,1.1127,139.222,3,20.0,0,0.0,144.962,190.8925906,2.529372901,0,0.05,-0.0002,0.0,0.89,8.81,2.422977778,3.3824,85.0,0,298,0.0,1,62.74506838,4.431293675,0.002,0.0,139.222,0_139.222,,,,,
protic_2014,Effect of ion structure on nanoscale friction in protic ionic liquids,reference/Lubrication/Extracted/2014-Rutland-Effect of ion structure on nanoscale friction in protic ionic liquids.pdf,/Users/julyanffzz/项目/Ioniclink/reference/Lubrication/Extracted/2014-Rutland-Effect of ion structure on nanoscale friction in protic ionic liquids.pdf,,high,matched_local_reference,protic_ion_structure_2014,[PA]+ [F]- / compound=zero / surface=mica / potential=0.0 / velocity=5.0,"Protic ionic-liquid ion-structure series on mica/silica, covering EA/PA/DMEA/EtA nitrate/formate systems.",film,film+dataset0312.csv,23,True,[PA]+,[F]-,zero,mica,0.666666667,2.642365161,-0.3617,60.12,1,5.0,0,0.0,45.017,5.245112498,2.091441062,1,1.77,-0.16,40.13,0.0569,27.64,1.974744871,-1.6339,0.0,0,298,100.0,0,10.26466251,2.187496097,0.843037975,6.0,60.12,6_60.12,,,,,
hydrogen_bond_2020,Effect of Hydrogen Bonding between Ions of Like Charge on the Boundary Layer Friction of Hydroxy-Functionalized Ionic Liquids,reference/Lubrication/Extracted/2020-atkin-Effect of Hydrogen Bonding between Ions of Like Charge on the.pdf,/Users/julyanffzz/项目/Ioniclink/reference/Lubrication/Extracted/2020-atkin-Effect of Hydrogen Bonding between Ions of Like Charge on the.pdf,,high,matched_local_reference,hydroxy_functionalized_mica,[HOC3Py] + [TFSI]- / compound=zero / surface=mica / potential=0.0 / velocity=6.0,Hydroxy-functionalized ionic liquids on mica; same-charge hydrogen-bonding boundary-layer friction paper.,film,film+dataset0312.csv,24,True,[HOC3Py] +,[TFSI]-,zero,mica,0.756,3.236493461,0.3565,138.19,3,6.0,0,0.0,280.147,173.8722824,3.359227186,0,1.77,-0.16,82.38,0.0569,24.11,2.426522347,1.0593,0.0,0,293,100.0,1,384.7328028,5.284512596,0.18,3.0,138.19,3_138.19,,,,,
surface_active_2024,Surface-active ionic liquids as lubricant additives to hexadecane and diethyl succinate,reference/Lubrication/Extracted/Surface-active ionic liquids as lubricant additives to hexadecane and diethyl succinate.pdf,/Users/julyanffzz/项目/Ioniclink/reference/Lubrication/Extracted/Surface-active ionic liquids as lubricant additives to hexadecane and diethyl succinate.pdf,,high,matched_local_reference,p66614_aot_ds_stainless_additives,"[P6,6,6,14]+ [AOT]- / compound=hexadecane / surface=stainless steel / potential=0.0 / velocity=6.0",Surface-active phosphonium AOT/DS additives in hexadecane or diethyl succinate on stainless steel.,film,film+dataset0312.csv,25,True,"[P6,6,6,14]+",[AOT]-,hexadecane,stainless steel,0.89,5.174799948,12.446,483.87,28,6.0,1,0.0,421.576,319.1282666,4.637037402,0,0.07,0.01,109.8,0.9,0.0,4.337445108,3.8095,72.0,0,298,0.508,0,544.7574562,4.726289834,0.56,5.0,483.87,5_483.87,,,,,
surface_active_2024,Surface-active ionic liquids as lubricant additives to hexadecane and diethyl succinate,reference/Lubrication/Extracted/Surface-active ionic liquids as lubricant additives to hexadecane and diethyl succinate.pdf,/Users/julyanffzz/项目/Ioniclink/reference/Lubrication/Extracted/Surface-active ionic liquids as lubricant additives to hexadecane and diethyl succinate.pdf,,high,matched_local_reference,p66614_aot_ds_stainless_additives,"[P6,6,6,14]+ [DS]- / compound=hexadecane / surface=stainless steel / potential=0.0 / velocity=6.0",Surface-active phosphonium AOT/DS additives in hexadecane or diethyl succinate on stainless steel.,film,film+dataset0312.csv,26,True,"[P6,6,6,14]+",[DS]-,hexadecane,stainless steel,1.0,5.174799948,12.446,483.87,28,6.0,1,0.0,265.395,319.1282666,3.990255029,0,0.07,0.01,66.43,0.9,0.0,4.337445108,3.3841,72.0,0,298,0.613,0,249.2312434,3.038016531,0.77,5.0,483.87,5_483.87,,,,,
graphite_2021,Potential-Dependent Superlubricity of Ionic Liquids on a Graphite Surface,reference/Lubrication/2021-atkin-potential-dependent-superlubricity-of-ionic-liquids-on-a-graphite-surface.pdf,/Users/julyanffzz/项目/Ioniclink/reference/Lubrication/2021-atkin-potential-dependent-superlubricity-of-ionic-liquids-on-a-graphite-surface.pdf,10.1021/acs.jpcc.0c10804,high,matched_local_reference,phosphonium_hopg_graphite,"[P6,6,6,14]+ [BEHP]- / compound=zero / surface=HOPG / potential=-1.0 / velocity=6.0",HOPG phosphonium ionic-liquid comparison series from the graphite potential-dependent superlubricity paper.,film,film+dataset0312.csv,27,True,"[P6,6,6,14]+",[BEHP]-,zero,HOPG,3.3,5.174799948,12.446,483.87,28,6.0,0,-1.0,321.418,319.1282666,4.32349866,0,0.05,-0.0002,58.59,0.89,0.0,4.337445108,4.9208,85.0,0,298,100.0,0,259.4505415,4.075382025,0.002,0.0,483.87,0_483.87,,,,,
graphite_2021,Potential-Dependent Superlubricity of Ionic Liquids on a Graphite Surface,reference/Lubrication/2021-atkin-potential-dependent-superlubricity-of-ionic-liquids-on-a-graphite-surface.pdf,/Users/julyanffzz/项目/Ioniclink/reference/Lubrication/2021-atkin-potential-dependent-superlubricity-of-ionic-liquids-on-a-graphite-surface.pdf,10.1021/acs.jpcc.0c10804,high,matched_local_reference,phosphonium_hopg_graphite,"[P4,4,4,1 ]+ [TFSI]- / compound=zero / surface=HOPG / potential=1.0 / velocity=6.0",HOPG phosphonium ionic-liquid comparison series from the graphite potential-dependent superlubricity paper.,film,film+dataset0312.csv,28,True,"[P4,4,4,1 ]+",[TFSI]-,zero,HOPG,3.6,3.951373459,5.0341,217.357,9,6.0,0,1.0,280.147,98.62953293,3.359227186,0,0.05,-0.0002,82.38,0.89,0.0,3.889782595,1.0593,85.0,0,298,100.0,0,384.7328028,5.284512596,0.018,1.0,217.357,1_217.357,,,,,
ean_mica_2012,Ionic liquid nanotribology: mica-silica interactions in ethylammonium nitrate,reference/Lubrication/Extracted/2012-rutland-Ionic liquid nanotribology mica–silica interactions in ethylammonium nitrate.pdf,/Users/julyanffzz/项目/Ioniclink/reference/Lubrication/Extracted/2012-rutland-Ionic liquid nanotribology mica–silica interactions in ethylammonium nitrate.pdf,10.1039/C2SM25620K,high,matched_local_reference,ean_mica_silica_2012,[EA]+ [N]- / compound=zero / surface=mica / potential=0.0 / velocity=5.0,"EAN on mica/silica nanotribology system. Some EAN rows overlap ion-structure comparisons, but this is the EAN-specific primary paper in the local Lubrication corpus.",film,film+dataset0312.csv,29,True,[EA]+,[N]-,zero,mica,0.1,2.431285504,-0.7518,46.093,0,5.0,0,0.0,62.004,2.754887502,2.192174955,1,1.77,-0.16,66.2,0.0569,27.64,1.632993162,-0.2391,0.0,0,298,100.0,0,26.26466251,2.803039488,0.04905363,1.0,46.093,1_46.093,,,,,
ean_mica_2012,Ionic liquid nanotribology: mica-silica interactions in ethylammonium nitrate,reference/Lubrication/Extracted/2012-rutland-Ionic liquid nanotribology mica–silica interactions in ethylammonium nitrate.pdf,/Users/julyanffzz/项目/Ioniclink/reference/Lubrication/Extracted/2012-rutland-Ionic liquid nanotribology mica–silica interactions in ethylammonium nitrate.pdf,10.1039/C2SM25620K,high,matched_local_reference,ean_mica_silica_2012,[EA]+ [N]- / compound=zero / surface=mica / potential=0.0 / velocity=20.0,"EAN on mica/silica nanotribology system. Some EAN rows overlap ion-structure comparisons, but this is the EAN-specific primary paper in the local Lubrication corpus.",film,film+dataset0312.csv,30,True,[EA]+,[N]-,zero,mica,0.28,2.431285504,-0.7518,46.093,0,20.0,0,0.0,62.004,2.754887502,2.192174955,1,1.77,-0.16,66.2,0.0569,27.64,1.632993162,-0.2391,0.0,0,298,100.0,0,26.26466251,2.803039488,0.281,4.0,46.093,4_46.093,,,,,
bmb_pc_2020,Electroresponsive structuring and friction of a non-halogenated ionic liquid in a polar solvent: effect of concentration,reference/Lubrication/3.10/2020-Rutland-Electroresponsive structuring and friction of a non-halogenated ionic liquid in a polar solvent effect of concentration.pdf,/Users/julyanffzz/项目/Ioniclink/reference/Lubrication/3.10/2020-Rutland-Electroresponsive structuring and friction of a non-halogenated ionic liquid in a polar solvent effect of concentration.pdf,10.1039/D0CP02736G,high,matched_local_reference,p66614_bmb_pc_au,"[P6,6,6,14]+ [BMB]- / compound=PC / surface=Au(111) / potential=-1.0 / velocity=1.0","Exact P6,6,6,14 BMB in propylene carbonate on Au(111), matching the 2020 electroresponsive PC/gold paper.",film,film+dataset0312.csv,31,True,"[P6,6,6,14]+",[BMB]-,PC,Au(111),2.9,5.174799948,12.446,483.87,28,1.0,0,-1.0,311.078,319.1282666,3.97427778,0,0.7,-0.02,71.06,0.835,0.0,4.337445108,2.0514,60.0,0,298,3.1,0,682.1804819,1.591434542,0.0944,2.0,483.87,2_483.87,,,,,
protic_2014,Effect of ion structure on nanoscale friction in protic ionic liquids,reference/Lubrication/Extracted/2014-Rutland-Effect of ion structure on nanoscale friction in protic ionic liquids.pdf,/Users/julyanffzz/项目/Ioniclink/reference/Lubrication/Extracted/2014-Rutland-Effect of ion structure on nanoscale friction in protic ionic liquids.pdf,,high,matched_local_reference,protic_ion_structure_2014,[EA]+ [F]- / compound=zero / surface=mica / potential=0.0 / velocity=5.0,"Protic ionic-liquid ion-structure series on mica/silica, covering EA/PA/DMEA/EtA nitrate/formate systems.",film,film+dataset0312.csv,32,True,[EA]+,[F]-,zero,mica,0.537074148,2.431285504,-0.7518,46.093,0,5.0,0,0.0,45.017,2.754887502,2.091441062,1,1.77,-0.16,40.13,0.0569,27.64,1.632993162,-1.6339,0.0,0,298,100.0,0,10.26466251,2.187496097,0.929113924,6.0,46.093,6_46.093,,,,,
bmim_aot_water_2025,Potential-dependent superlubricity of stainless steel and Au(111) using a water-in-surface-active ionic liquid mixture,reference/Lubrication/Extracted/2025-Potential-dependent superlubricity of stainless steel and Au(111) using a.pdf,/Users/julyanffzz/项目/Ioniclink/reference/Lubrication/Extracted/2025-Potential-dependent superlubricity of stainless steel and Au(111) using a.pdf,,high,matched_local_reference,bmim_aot_h2o_au_stainless,[BMIm]+ [AOT]- / compound=H2O / surface=stainless steel / potential=0.0 / velocity=6.0,1.6 M [BMIm][AOT] water-in-surface-active ionic liquid mixture on Au(111)/stainless steel.,film,film+dataset0312.csv,33,True,[BMIm]+,[AOT]-,H2O,stainless steel,2.0,3.310978931,1.1127,139.222,3,6.0,1,0.0,421.576,190.8925906,4.637037402,0,0.07,0.01,109.8,0.8,8.81,2.422977778,3.8095,72.0,1,298,16.5,1,544.7574562,4.726289834,3.4,7.0,139.222,7_139.222,,,,,
bmb_pc_2020,Electroresponsive structuring and friction of a non-halogenated ionic liquid in a polar solvent: effect of concentration,reference/Lubrication/3.10/2020-Rutland-Electroresponsive structuring and friction of a non-halogenated ionic liquid in a polar solvent effect of concentration.pdf,/Users/julyanffzz/项目/Ioniclink/reference/Lubrication/3.10/2020-Rutland-Electroresponsive structuring and friction of a non-halogenated ionic liquid in a polar solvent effect of concentration.pdf,10.1039/D0CP02736G,high,matched_local_reference,p66614_bmb_pc_au,"[P6,6,6,14]+ [BMB]- / compound=PC / surface=Au(111) / potential=-0.12 / velocity=6.0","Exact P6,6,6,14 BMB in propylene carbonate on Au(111), matching the 2020 electroresponsive PC/gold paper.",film,film+dataset0312.csv,34,True,"[P6,6,6,14]+",[BMB]-,PC,Au(111),2.48,5.174799948,12.446,483.87,28,6.0,0,-0.12,311.078,319.1282666,3.97427778,0,0.7,-0.02,71.06,0.835,0.0,4.337445108,2.0514,60.0,0,298,0.67,0,682.1804819,1.591434542,0.093,2.0,483.87,2_483.87,,,,,
bmim_aot_water_2025,Potential-dependent superlubricity of stainless steel and Au(111) using a water-in-surface-active ionic liquid mixture,reference/Lubrication/Extracted/2025-Potential-dependent superlubricity of stainless steel and Au(111) using a.pdf,/Users/julyanffzz/项目/Ioniclink/reference/Lubrication/Extracted/2025-Potential-dependent superlubricity of stainless steel and Au(111) using a.pdf,,high,matched_local_reference,bmim_aot_h2o_au_stainless,[BMIm]+ [AOT]- / compound=H2O / surface=Au(111) / potential=0.5 / velocity=6.0,1.6 M [BMIm][AOT] water-in-surface-active ionic liquid mixture on Au(111)/stainless steel.,film,film+dataset0312.csv,35,True,[BMIm]+,[AOT]-,H2O,Au(111),1.65,3.310978931,1.1127,139.222,3,6.0,0,0.5,421.576,190.8925906,4.637037402,0,0.7,-0.02,109.8,0.2,8.81,2.422977778,3.8095,60.0,1,298,16.5,1,544.7574562,4.726289834,0.442,5.0,139.222,5_139.222,,,,,
dicationic_2019,Interfacial Structure and Boundary Lubrication of a Dicationic Ionic Liquid,reference/Lubrication/Extracted/2019-Interfacial structure and boundary lubrication of a dicationic ionic liquid.pdf,/Users/julyanffzz/项目/Ioniclink/reference/Lubrication/Extracted/2019-Interfacial structure and boundary lubrication of a dicationic ionic liquid.pdf,,high,matched_local_reference,dicationic_tfsi_mica,[C10(C1Im)2]2+ [TFSI]- / compound=zero / surface=mica / potential=0.0 / velocity=0.47,Dicationic [C10(C1Im)2][TFSI] boundary lubrication between mica surfaces.,film,film+dataset0312.csv,36,True,[C10(C1Im)2]2+,[TFSI]-,zero,mica,1.6,4.268585015,2.8978,304.482,11,0.47,0,0.0,280.147,478.4344778,3.359227186,0,1.77,-0.16,82.38,0.0596,39.34,1.38550141,1.0593,0.0,0,298,100.0,0,384.7328028,5.284512596,0.0594,1.0,304.482,1_304.482,,,,,
ean_mica_2012,Ionic liquid nanotribology: mica-silica interactions in ethylammonium nitrate,reference/Lubrication/Extracted/2012-rutland-Ionic liquid nanotribology mica–silica interactions in ethylammonium nitrate.pdf,/Users/julyanffzz/项目/Ioniclink/reference/Lubrication/Extracted/2012-rutland-Ionic liquid nanotribology mica–silica interactions in ethylammonium nitrate.pdf,10.1039/C2SM25620K,high,matched_local_reference,ean_mica_silica_2012,[EA]+ [N]- / compound=zero / surface=mica / potential=0.0 / velocity=20.0,"EAN on mica/silica nanotribology system. Some EAN rows overlap ion-structure comparisons, but this is the EAN-specific primary paper in the local Lubrication corpus.",film,film+dataset0312.csv,37,True,[EA]+,[N]-,zero,mica,0.75,2.431285504,-0.7518,46.093,0,20.0,0,0.0,62.004,2.754887502,2.192174955,1,1.77,-0.16,66.2,0.0569,27.64,1.632993162,-0.2391,0.0,0,298,100.0,0,26.26466251,2.803039488,0.469,5.0,46.093,5_46.093,,,,,
protic_2014,Effect of ion structure on nanoscale friction in protic ionic liquids,reference/Lubrication/Extracted/2014-Rutland-Effect of ion structure on nanoscale friction in protic ionic liquids.pdf,/Users/julyanffzz/项目/Ioniclink/reference/Lubrication/Extracted/2014-Rutland-Effect of ion structure on nanoscale friction in protic ionic liquids.pdf,,high,matched_local_reference,protic_ion_structure_2014,[DMEA]+ [F]- / compound=zero / surface=mica / potential=0.0 / velocity=20.0,"Protic ionic-liquid ion-structure series on mica/silica, covering EA/PA/DMEA/EtA nitrate/formate systems.",film,film+dataset0312.csv,38,True,[DMEA]+,[F]-,zero,mica,0.445396146,2.824148313,-0.8492,74.147,1,20.0,0,0.0,45.017,17.60964047,2.091441062,1,1.77,-0.16,40.13,0.0569,4.44,2.539538861,-1.6339,0.0,0,298,100.0,0,10.26466251,2.187496097,0.569620253,5.0,74.147,5_74.147,,,,,
control_gold_2012,Control of Nanoscale Friction on Gold in an Ionic Liquid by a Potential-Dependent Ionic Lubricant Layer,reference/Lubrication/3.10/2012-Rutland-Control of Nanoscale Friction on Gold in an Ionic Liquid by a Potential-Dependent Ionic Lubricant Layer.pdf,/Users/julyanffzz/项目/Ioniclink/reference/Lubrication/3.10/2012-Rutland-Control of Nanoscale Friction on Gold in an Ionic Liquid by a Potential-Dependent Ionic Lubricant Layer.pdf,,high,matched_local_reference,py14_fap_au,"[Py1,4]+ [FAP]- / compound=zero / surface=Au(111) / potential=-1.0 / velocity=6.0","Exact [Py1,4][FAP] on Au(111) potential-dependent lubricant layer system.",film,film+dataset0312.csv,39,True,"[Py1,4]+",[FAP]-,zero,Au(111),5.001786,3.423597497,2.0269,142.266,3,6.0,0,-1.0,445.004,92.90138861,3.775688868,1,0.7,-0.02,0.0,1.0,0.0,2.21874475,7.1942,60.0,0,298,100.0,0,468.4882895,7.871070033,0.2,4.0,142.266,4_142.266,,,,,
bmim_surfaces_2022,Ionic liquids on uncharged and charged surfaces: in situ microstructures and nanofriction,reference/Lubrication/2022-Ionic liquids on uncharged and charged surfaces In situ.pdf,/Users/julyanffzz/项目/Ioniclink/reference/Lubrication/2022-Ionic liquids on uncharged and charged surfaces In situ.pdf,10.1007/s40544-021-0566-5,high,matched_local_reference,bmim_bf4_pf6_mica_hopg,[BMIm]+ [PF6]- / compound=zero / surface=mica / potential=0.0 / velocity=20.0,BMIM BF4/PF6 on uncharged mica and HOPG with in situ microstructures and nanofriction.,film,film+dataset0312.csv,40,True,[BMIm]+,[PF6]-,zero,mica,1.9,3.310978931,1.1127,139.222,3,20.0,0,0.0,144.962,190.8925906,2.529372901,0,1.77,-0.16,0.0,0.66,8.81,2.422977778,3.3824,0.0,0,298,100.0,1,62.74506838,4.431293675,0.11,2.0,139.222,2_139.222,,,,,
surface_active_2024,Surface-active ionic liquids as lubricant additives to hexadecane and diethyl succinate,reference/Lubrication/Extracted/Surface-active ionic liquids as lubricant additives to hexadecane and diethyl succinate.pdf,/Users/julyanffzz/项目/Ioniclink/reference/Lubrication/Extracted/Surface-active ionic liquids as lubricant additives to hexadecane and diethyl succinate.pdf,,high,matched_local_reference,p66614_aot_ds_stainless_additives,"[P6,6,6,14]+ [DS]- / compound=(CH2CO2Et)2 / surface=stainless steel / potential=0.0 / velocity=6.0",Surface-active phosphonium AOT/DS additives in hexadecane or diethyl succinate on stainless steel.,film,film+dataset0312.csv,41,True,"[P6,6,6,14]+",[DS]-,(CH2CO2Et)2,stainless steel,0.84,5.174799948,12.446,483.87,28,6.0,1,0.0,265.395,319.1282666,3.990255029,0,0.07,0.01,66.43,0.9,0.0,4.337445108,3.3841,72.0,0,298,0.493,0,249.2312434,3.038016531,0.74,5.0,483.87,5_483.87,,,,,
protic_2014,Effect of ion structure on nanoscale friction in protic ionic liquids,reference/Lubrication/Extracted/2014-Rutland-Effect of ion structure on nanoscale friction in protic ionic liquids.pdf,/Users/julyanffzz/项目/Ioniclink/reference/Lubrication/Extracted/2014-Rutland-Effect of ion structure on nanoscale friction in protic ionic liquids.pdf,,high,matched_local_reference,protic_ion_structure_2014,[PA]+ [F]- / compound=zero / surface=mica / potential=0.0 / velocity=10.0,"Protic ionic-liquid ion-structure series on mica/silica, covering EA/PA/DMEA/EtA nitrate/formate systems.",film,film+dataset0312.csv,42,True,[PA]+,[F]-,zero,mica,0.666666667,2.642365161,-0.3617,60.12,1,10.0,0,0.0,45.017,5.245112498,2.091441062,1,1.77,-0.16,40.13,0.0569,27.64,1.974744871,-1.6339,0.0,0,298,100.0,0,10.26466251,2.187496097,0.97721519,6.0,60.12,6_60.12,,,,,
ean_mica_2012,Ionic liquid nanotribology: mica-silica interactions in ethylammonium nitrate,reference/Lubrication/Extracted/2012-rutland-Ionic liquid nanotribology mica–silica interactions in ethylammonium nitrate.pdf,/Users/julyanffzz/项目/Ioniclink/reference/Lubrication/Extracted/2012-rutland-Ionic liquid nanotribology mica–silica interactions in ethylammonium nitrate.pdf,10.1039/C2SM25620K,high,matched_local_reference,ean_mica_silica_2012,[EA]+ [N]- / compound=zero / surface=mica / potential=0.0 / velocity=30.0,"EAN on mica/silica nanotribology system. Some EAN rows overlap ion-structure comparisons, but this is the EAN-specific primary paper in the local Lubrication corpus.",film,film+dataset0312.csv,43,True,[EA]+,[N]-,zero,mica,0.75,2.431285504,-0.7518,46.093,0,30.0,0,0.0,62.004,2.754887502,2.192174955,1,1.77,-0.16,66.2,0.0569,27.64,1.632993162,-0.2391,0.0,0,369,100.0,0,26.26466251,2.803039488,0.133,3.0,46.093,3_46.093,,,,,
bmim_surfaces_2022,Ionic liquids on uncharged and charged surfaces: in situ microstructures and nanofriction,reference/Lubrication/2022-Ionic liquids on uncharged and charged surfaces In situ.pdf,/Users/julyanffzz/项目/Ioniclink/reference/Lubrication/2022-Ionic liquids on uncharged and charged surfaces In situ.pdf,10.1007/s40544-021-0566-5,high,matched_local_reference,bmim_bf4_pf6_mica_hopg,[BMIm]+ [PF6]- / compound=zero / surface=HOPG / potential=0.0 / velocity=20.0,BMIM BF4/PF6 on uncharged mica and HOPG with in situ microstructures and nanofriction.,film,film+dataset0312.csv,44,True,[BMIm]+,[PF6]-,zero,HOPG,7.2,3.310978931,1.1127,139.222,3,20.0,0,0.0,144.962,190.8925906,2.529372901,0,0.05,-0.0002,0.0,0.89,8.81,2.422977778,3.3824,85.0,0,298,100.0,1,62.74506838,4.431293675,0.0015,0.0,139.222,0_139.222,,,,,
graphite_2021,Potential-Dependent Superlubricity of Ionic Liquids on a Graphite Surface,reference/Lubrication/2021-atkin-potential-dependent-superlubricity-of-ionic-liquids-on-a-graphite-surface.pdf,/Users/julyanffzz/项目/Ioniclink/reference/Lubrication/2021-atkin-potential-dependent-superlubricity-of-ionic-liquids-on-a-graphite-surface.pdf,10.1021/acs.jpcc.0c10804,high,matched_local_reference,phosphonium_hopg_graphite,"[P6,6,6,14]+ [BEHP]- / compound=zero / surface=HOPG / potential=1.0 / velocity=6.0",HOPG phosphonium ionic-liquid comparison series from the graphite potential-dependent superlubricity paper.,film,film+dataset0312.csv,45,True,"[P6,6,6,14]+",[BEHP]-,zero,HOPG,4.9,5.174799948,12.446,483.87,28,6.0,0,1.0,321.418,319.1282666,4.32349866,0,0.05,-0.0002,58.59,0.89,0.0,4.337445108,4.9208,85.0,0,298,100.0,0,259.4505415,4.075382025,0.012,0.0,483.87,0_483.87,,,,,
bmim_aot_water_2025,Potential-dependent superlubricity of stainless steel and Au(111) using a water-in-surface-active ionic liquid mixture,reference/Lubrication/Extracted/2025-Potential-dependent superlubricity of stainless steel and Au(111) using a.pdf,/Users/julyanffzz/项目/Ioniclink/reference/Lubrication/Extracted/2025-Potential-dependent superlubricity of stainless steel and Au(111) using a.pdf,,high,matched_local_reference,bmim_aot_h2o_au_stainless,[BMIm]+ [AOT]- / compound=H2O / surface=Au(111) / potential=0.5 / velocity=6.0,1.6 M [BMIm][AOT] water-in-surface-active ionic liquid mixture on Au(111)/stainless steel.,film,film+dataset0312.csv,46,True,[BMIm]+,[AOT]-,H2O,Au(111),3.97,3.310978931,1.1127,139.222,3,6.0,0,0.5,421.576,190.8925906,4.637037402,0,0.7,-0.02,109.8,0.2,8.81,2.422977778,3.8095,60.0,1,298,16.5,1,544.7574562,4.726289834,0.001,0.0,139.222,0_139.222,,,,,
protic_2014,Effect of ion structure on nanoscale friction in protic ionic liquids,reference/Lubrication/Extracted/2014-Rutland-Effect of ion structure on nanoscale friction in protic ionic liquids.pdf,/Users/julyanffzz/项目/Ioniclink/reference/Lubrication/Extracted/2014-Rutland-Effect of ion structure on nanoscale friction in protic ionic liquids.pdf,,high,matched_local_reference,protic_ion_structure_2014,[DMEA]+ [F]- / compound=zero / surface=mica / potential=0.0 / velocity=5.0,"Protic ionic-liquid ion-structure series on mica/silica, covering EA/PA/DMEA/EtA nitrate/formate systems.",film,film+dataset0312.csv,47,True,[DMEA]+,[F]-,zero,mica,0.445396146,2.824148313,-0.8492,74.147,1,5.0,0,0.0,45.017,17.60964047,2.091441062,1,1.77,-0.16,40.13,0.0569,4.44,2.539538861,-1.6339,0.0,0,298,100.0,0,10.26466251,2.187496097,0.508860759,5.0,74.147,5_74.147,,,,,
bmb_pc_2020,Electroresponsive structuring and friction of a non-halogenated ionic liquid in a polar solvent: effect of concentration,reference/Lubrication/3.10/2020-Rutland-Electroresponsive structuring and friction of a non-halogenated ionic liquid in a polar solvent effect of concentration.pdf,/Users/julyanffzz/项目/Ioniclink/reference/Lubrication/3.10/2020-Rutland-Electroresponsive structuring and friction of a non-halogenated ionic liquid in a polar solvent effect of concentration.pdf,10.1039/D0CP02736G,high,matched_local_reference,p66614_bmb_pc_au,"[P6,6,6,14]+ [BMB]- / compound=PC / surface=Au(111) / potential=-1.0 / velocity=6.0","Exact P6,6,6,14 BMB in propylene carbonate on Au(111), matching the 2020 electroresponsive PC/gold paper.",film,film+dataset0312.csv,48,True,"[P6,6,6,14]+",[BMB]-,PC,Au(111),2.42,5.174799948,12.446,483.87,28,6.0,0,-1.0,311.078,319.1282666,3.97427778,0,0.7,-0.02,71.06,0.835,0.0,4.337445108,2.0514,60.0,0,298,0.67,0,682.1804819,1.591434542,0.0725,2.0,483.87,2_483.87,,,,,
protic_2014,Effect of ion structure on nanoscale friction in protic ionic liquids,reference/Lubrication/Extracted/2014-Rutland-Effect of ion structure on nanoscale friction in protic ionic liquids.pdf,/Users/julyanffzz/项目/Ioniclink/reference/Lubrication/Extracted/2014-Rutland-Effect of ion structure on nanoscale friction in protic ionic liquids.pdf,,high,matched_local_reference,protic_ion_structure_2014,[EA]+ [F]- / compound=zero / surface=mica / potential=0.0 / velocity=5.0,"Protic ionic-liquid ion-structure series on mica/silica, covering EA/PA/DMEA/EtA nitrate/formate systems.",film,film+dataset0312.csv,49,True,[EA]+,[F]-,zero,mica,1.667334669,2.431285504,-0.7518,46.093,0,5.0,0,0.0,45.017,2.754887502,2.091441062,1,1.77,-0.16,40.13,0.0569,27.64,1.632993162,-1.6339,0.0,0,298,100.0,0,10.26466251,2.187496097,0.871478873,6.0,46.093,6_46.093,,,,,
ean_mica_2012,Ionic liquid nanotribology: mica-silica interactions in ethylammonium nitrate,reference/Lubrication/Extracted/2012-rutland-Ionic liquid nanotribology mica–silica interactions in ethylammonium nitrate.pdf,/Users/julyanffzz/项目/Ioniclink/reference/Lubrication/Extracted/2012-rutland-Ionic liquid nanotribology mica–silica interactions in ethylammonium nitrate.pdf,10.1039/C2SM25620K,high,matched_local_reference,ean_mica_silica_2012,[EA]+ [N]- / compound=zero / surface=mica / potential=0.0 / velocity=30.0,"EAN on mica/silica nanotribology system. Some EAN rows overlap ion-structure comparisons, but this is the EAN-specific primary paper in the local Lubrication corpus.",film,film+dataset0312.csv,50,True,[EA]+,[N]-,zero,mica,0.4,2.431285504,-0.7518,46.093,0,30.0,0,0.0,62.004,2.754887502,2.192174955,1,1.77,-0.16,66.2,0.0569,27.64,1.632993162,-0.2391,0.0,0,298,100.0,0,26.26466251,2.803039488,0.14,3.0,46.093,3_46.093,,,,,
hydrogen_bond_2020,Effect of Hydrogen Bonding between Ions of Like Charge on the Boundary Layer Friction of Hydroxy-Functionalized Ionic Liquids,reference/Lubrication/Extracted/2020-atkin-Effect of Hydrogen Bonding between Ions of Like Charge on the.pdf,/Users/julyanffzz/项目/Ioniclink/reference/Lubrication/Extracted/2020-atkin-Effect of Hydrogen Bonding between Ions of Like Charge on the.pdf,,high,matched_local_reference,hydroxy_functionalized_mica,[HOC4Py] + [TFSI]- / compound=zero / surface=mica / potential=0.0 / velocity=6.0,Hydroxy-functionalized ionic liquids on mica; same-charge hydrogen-bonding boundary-layer friction paper.,film,film+dataset0312.csv,51,True,[HOC4Py] +,[TFSI]-,zero,mica,0.794,3.360073211,0.7466,152.217,4,6.0,0,0.0,280.147,186.0140383,3.359227186,0,1.77,-0.16,82.38,0.0569,24.11,2.275801287,1.0593,0.0,0,293,100.0,1,384.7328028,5.284512596,0.15,3.0,152.217,3_152.217,,,,,
bmim_aot_water_2025,Potential-dependent superlubricity of stainless steel and Au(111) using a water-in-surface-active ionic liquid mixture,reference/Lubrication/Extracted/2025-Potential-dependent superlubricity of stainless steel and Au(111) using a.pdf,/Users/julyanffzz/项目/Ioniclink/reference/Lubrication/Extracted/2025-Potential-dependent superlubricity of stainless steel and Au(111) using a.pdf,,high,matched_local_reference,bmim_aot_h2o_au_stainless,[BMIm]+ [AOT]- / compound=H2O / surface=Au(111) / potential=0.0 / velocity=6.0,1.6 M [BMIm][AOT] water-in-surface-active ionic liquid mixture on Au(111)/stainless steel.,film,film+dataset0312.csv,52,True,[BMIm]+,[AOT]-,H2O,Au(111),2.5,3.310978931,1.1127,139.222,3,6.0,0,0.0,421.576,190.8925906,4.637037402,0,0.7,-0.02,109.8,0.2,8.81,2.422977778,3.8095,60.0,1,298,16.5,1,544.7574562,4.726289834,0.524,5.0,139.222,5_139.222,,,,,
bmim_surfaces_2022,Ionic liquids on uncharged and charged surfaces: in situ microstructures and nanofriction,reference/Lubrication/2022-Ionic liquids on uncharged and charged surfaces In situ.pdf,/Users/julyanffzz/项目/Ioniclink/reference/Lubrication/2022-Ionic liquids on uncharged and charged surfaces In situ.pdf,10.1007/s40544-021-0566-5,high,matched_local_reference,bmim_bf4_pf6_mica_hopg,[BMIm]+ [BF4]- / compound=zero / surface=mica / potential=0.0 / velocity=20.0,BMIM BF4/PF6 on uncharged mica and HOPG with in situ microstructures and nanofriction.,film,film+dataset0312.csv,53,True,[BMIm]+,[BF4]-,zero,mica,2.2,3.310978931,1.1127,139.222,3,20.0,0,0.0,86.804,190.8925906,2.328453731,0,1.77,-0.16,0.0,0.66,8.81,2.422977778,1.3,0.0,0,298,100.0,1,19.11941548,3.023715784,0.08,2.0,139.222,2_139.222,,,,,
bmim_aot_water_2025,Potential-dependent superlubricity of stainless steel and Au(111) using a water-in-surface-active ionic liquid mixture,reference/Lubrication/Extracted/2025-Potential-dependent superlubricity of stainless steel and Au(111) using a.pdf,/Users/julyanffzz/项目/Ioniclink/reference/Lubrication/Extracted/2025-Potential-dependent superlubricity of stainless steel and Au(111) using a.pdf,,high,matched_local_reference,bmim_aot_h2o_au_stainless,[BMIm]+ [AOT]- / compound=H2O / surface=Au(111) / potential=-1.0 / velocity=6.0,1.6 M [BMIm][AOT] water-in-surface-active ionic liquid mixture on Au(111)/stainless steel.,film,film+dataset0312.csv,54,True,[BMIm]+,[AOT]-,H2O,Au(111),2.0,3.310978931,1.1127,139.222,3,6.0,0,-1.0,421.576,190.8925906,4.637037402,0,0.7,-0.02,109.8,0.2,8.81,2.422977778,3.8095,60.0,1,298,16.5,1,544.7574562,4.726289834,0.312,4.0,139.222,4_139.222,,,,,
protic_2014,Effect of ion structure on nanoscale friction in protic ionic liquids,reference/Lubrication/Extracted/2014-Rutland-Effect of ion structure on nanoscale friction in protic ionic liquids.pdf,/Users/julyanffzz/项目/Ioniclink/reference/Lubrication/Extracted/2014-Rutland-Effect of ion structure on nanoscale friction in protic ionic liquids.pdf,,high,matched_local_reference,protic_ion_structure_2014,[PA]+ [N]- / compound=zero / surface=silica / potential=0.0 / velocity=10.0,"Protic ionic-liquid ion-structure series on mica/silica, covering EA/PA/DMEA/EtA nitrate/formate systems.",film,film+dataset0312.csv,55,True,[PA]+,[N]-,zero,silica,1.69,2.642365161,-0.3617,60.12,1,10.0,0,0.0,62.004,5.245112498,2.192174955,1,0.2,-0.07,66.2,0.5,27.64,1.974744871,-0.2391,20.7,0,298,100.0,0,26.26466251,2.803039488,1.02,6.0,60.12,6_60.12,,,,,
bmb_pc_2020,Electroresponsive structuring and friction of a non-halogenated ionic liquid in a polar solvent: effect of concentration,reference/Lubrication/3.10/2020-Rutland-Electroresponsive structuring and friction of a non-halogenated ionic liquid in a polar solvent effect of concentration.pdf,/Users/julyanffzz/项目/Ioniclink/reference/Lubrication/3.10/2020-Rutland-Electroresponsive structuring and friction of a non-halogenated ionic liquid in a polar solvent effect of concentration.pdf,10.1039/D0CP02736G,high,matched_local_reference,p66614_bmb_pc_au,"[P6,6,6,14]+ [BMB]- / compound=PC / surface=Au(111) / potential=0.25 / velocity=6.0","Exact P6,6,6,14 BMB in propylene carbonate on Au(111), matching the 2020 electroresponsive PC/gold paper.",film,film+dataset0312.csv,56,True,"[P6,6,6,14]+",[BMB]-,PC,Au(111),5.32,5.174799948,12.446,483.87,28,6.0,0,0.25,311.078,319.1282666,3.97427778,0,0.7,-0.02,71.06,0.835,0.0,4.337445108,2.0514,60.0,0,298,3.1,0,682.1804819,1.591434542,0.1314,3.0,483.87,3_483.87,,,,,
surface_active_2024,Surface-active ionic liquids as lubricant additives to hexadecane and diethyl succinate,reference/Lubrication/Extracted/Surface-active ionic liquids as lubricant additives to hexadecane and diethyl succinate.pdf,/Users/julyanffzz/项目/Ioniclink/reference/Lubrication/Extracted/Surface-active ionic liquids as lubricant additives to hexadecane and diethyl succinate.pdf,,high,matched_local_reference,p66614_aot_ds_stainless_additives,"[P6,6,6,14]+ [AOT]- / compound=(CH2CO2Et)2 / surface=stainless steel / potential=0.0 / velocity=6.0",Surface-active phosphonium AOT/DS additives in hexadecane or diethyl succinate on stainless steel.,film,film+dataset0312.csv,57,True,"[P6,6,6,14]+",[AOT]-,(CH2CO2Et)2,stainless steel,0.69,5.174799948,12.446,483.87,28,6.0,1,0.0,421.576,319.1282666,4.637037402,0,0.07,0.01,109.8,0.9,0.0,4.337445108,3.8095,72.0,0,298,1.002,0,544.7574562,4.726289834,0.28,4.0,483.87,4_483.87,,,,,
ean_mica_2012,Ionic liquid nanotribology: mica-silica interactions in ethylammonium nitrate,reference/Lubrication/Extracted/2012-rutland-Ionic liquid nanotribology mica–silica interactions in ethylammonium nitrate.pdf,/Users/julyanffzz/项目/Ioniclink/reference/Lubrication/Extracted/2012-rutland-Ionic liquid nanotribology mica–silica interactions in ethylammonium nitrate.pdf,10.1039/C2SM25620K,high,matched_local_reference,ean_mica_silica_2012,[EA]+ [N]- / compound=zero / surface=mica / potential=0.0 / velocity=10.0,"EAN on mica/silica nanotribology system. Some EAN rows overlap ion-structure comparisons, but this is the EAN-specific primary paper in the local Lubrication corpus.",film,film+dataset0312.csv,58,True,[EA]+,[N]-,zero,mica,0.4,2.431285504,-0.7518,46.093,0,10.0,0,0.0,62.004,2.754887502,2.192174955,1,1.77,-0.16,66.2,0.0569,27.64,1.632993162,-0.2391,0.0,0,298,100.0,0,26.26466251,2.803039488,0.14,3.0,46.093,3_46.093,,,,,
control_gold_2012,Control of Nanoscale Friction on Gold in an Ionic Liquid by a Potential-Dependent Ionic Lubricant Layer,reference/Lubrication/3.10/2012-Rutland-Control of Nanoscale Friction on Gold in an Ionic Liquid by a Potential-Dependent Ionic Lubricant Layer.pdf,/Users/julyanffzz/项目/Ioniclink/reference/Lubrication/3.10/2012-Rutland-Control of Nanoscale Friction on Gold in an Ionic Liquid by a Potential-Dependent Ionic Lubricant Layer.pdf,,high,matched_local_reference,py14_fap_au,"[Py1,4]+ [FAP]- / compound=zero / surface=Au(111) / potential=-2.0 / velocity=6.0","Exact [Py1,4][FAP] on Au(111) potential-dependent lubricant layer system.",film,film+dataset0312.csv,59,True,"[Py1,4]+",[FAP]-,zero,Au(111),4.829742,3.423597497,2.0269,142.266,3,6.0,0,-2.0,445.004,92.90138861,3.775688868,1,0.7,-0.02,0.0,1.0,0.0,2.21874475,7.1942,60.0,0,298,100.0,0,468.4882895,7.871070033,0.19,4.0,142.266,4_142.266,,,,,
ean_mica_2012,Ionic liquid nanotribology: mica-silica interactions in ethylammonium nitrate,reference/Lubrication/Extracted/2012-rutland-Ionic liquid nanotribology mica–silica interactions in ethylammonium nitrate.pdf,/Users/julyanffzz/项目/Ioniclink/reference/Lubrication/Extracted/2012-rutland-Ionic liquid nanotribology mica–silica interactions in ethylammonium nitrate.pdf,10.1039/C2SM25620K,high,matched_local_reference,ean_mica_silica_2012,[EA]+ [N]- / compound=zero / surface=mica / potential=0.0 / velocity=20.0,"EAN on mica/silica nanotribology system. Some EAN rows overlap ion-structure comparisons, but this is the EAN-specific primary paper in the local Lubrication corpus.",film,film+dataset0312.csv,60,True,[EA]+,[N]-,zero,mica,0.1,2.431285504,-0.7518,46.093,0,20.0,0,0.0,62.004,2.754887502,2.192174955,1,1.77,-0.16,66.2,0.0569,27.64,1.632993162,-0.2391,0.0,0,298,100.0,0,26.26466251,2.803039488,0.100018741,2.0,46.093,2_46.093,,,,,
bmim_aot_water_2025,Potential-dependent superlubricity of stainless steel and Au(111) using a water-in-surface-active ionic liquid mixture,reference/Lubrication/Extracted/2025-Potential-dependent superlubricity of stainless steel and Au(111) using a.pdf,/Users/julyanffzz/项目/Ioniclink/reference/Lubrication/Extracted/2025-Potential-dependent superlubricity of stainless steel and Au(111) using a.pdf,,high,matched_local_reference,bmim_aot_h2o_au_stainless,[BMIm]+ [AOT]- / compound=H2O / surface=stainless steel / potential=-1.0 / velocity=6.0,1.6 M [BMIm][AOT] water-in-surface-active ionic liquid mixture on Au(111)/stainless steel.,film,film+dataset0312.csv,61,True,[BMIm]+,[AOT]-,H2O,stainless steel,2.0,3.310978931,1.1127,139.222,3,6.0,1,-1.0,421.576,190.8925906,4.637037402,0,0.07,0.01,109.8,0.8,8.81,2.422977778,3.8095,72.0,1,298,16.5,1,544.7574562,4.726289834,3.4,7.0,139.222,7_139.222,,,,,
bmim_surfaces_2022,Ionic liquids on uncharged and charged surfaces: in situ microstructures and nanofriction,reference/Lubrication/2022-Ionic liquids on uncharged and charged surfaces In situ.pdf,/Users/julyanffzz/项目/Ioniclink/reference/Lubrication/2022-Ionic liquids on uncharged and charged surfaces In situ.pdf,10.1007/s40544-021-0566-5,high,matched_local_reference,bmim_bf4_pf6_mica_hopg,[BMIm]+ [BF4]- / compound=zero / surface=mica / potential=0.0 / velocity=20.0,BMIM BF4/PF6 on uncharged mica and HOPG with in situ microstructures and nanofriction.,film,film+dataset0312.csv,62,True,[BMIm]+,[BF4]-,zero,mica,14.2,3.310978931,1.1127,139.222,3,20.0,0,0.0,86.804,190.8925906,2.328453731,0,1.77,-0.16,0.0,0.66,8.81,2.422977778,1.3,0.0,0,298,100.0,1,19.11941548,3.023715784,0.022,1.0,139.222,1_139.222,,,,,
superlubricity_hopg_2014,An ionic liquid lubricant enables superlubricity to be switched on in situ using an electrical potential,reference/Lubrication/3.10/2014-atkin-An ionic liquid lubricant enables superlubricity to be “switched on” in situ usin.pdf,/Users/julyanffzz/项目/Ioniclink/reference/Lubrication/3.10/2014-atkin-An ionic liquid lubricant enables superlubricity to be “switched on” in situ usin.pdf,10.1039/C4CC00979G,high,matched_local_reference,hmim_fap_hopg,[HMIM]+ [FAP]- / compound=zero / surface=HOPG / potential=-1.5 / velocity=6.0,[HMIM][FAP] on HOPG potential-dependent superlubricity system.,film,film+dataset0312.csv,63,True,[HMIM]+,[FAP]-,zero,HOPG,3.0,3.540263249,1.8929,167.276,5,6.0,0,-1.5,445.004,215.3680851,3.775688868,0,0.05,-0.0002,0.0,0.89,8.81,2.153242802,7.1942,85.0,0,298,100.0,1,468.4882895,7.871070033,0.0183,1.0,167.276,1_167.276,,,,,
ean_mica_2012,Ionic liquid nanotribology: mica-silica interactions in ethylammonium nitrate,reference/Lubrication/Extracted/2012-rutland-Ionic liquid nanotribology mica–silica interactions in ethylammonium nitrate.pdf,/Users/julyanffzz/项目/Ioniclink/reference/Lubrication/Extracted/2012-rutland-Ionic liquid nanotribology mica–silica interactions in ethylammonium nitrate.pdf,10.1039/C2SM25620K,high,matched_local_reference,ean_mica_silica_2012,[EA]+ [N]- / compound=zero / surface=mica / potential=0.0 / velocity=20.0,"EAN on mica/silica nanotribology system. Some EAN rows overlap ion-structure comparisons, but this is the EAN-specific primary paper in the local Lubrication corpus.",film,film+dataset0312.csv,64,True,[EA]+,[N]-,zero,mica,0.4,2.431285504,-0.7518,46.093,0,20.0,0,0.0,62.004,2.754887502,2.192174955,1,1.77,-0.16,66.2,0.0569,27.64,1.632993162,-0.2391,0.0,0,298,100.0,0,26.26466251,2.803039488,0.14,3.0,46.093,3_46.093,,,,,
bmim_aot_water_2025,Potential-dependent superlubricity of stainless steel and Au(111) using a water-in-surface-active ionic liquid mixture,reference/Lubrication/Extracted/2025-Potential-dependent superlubricity of stainless steel and Au(111) using a.pdf,/Users/julyanffzz/项目/Ioniclink/reference/Lubrication/Extracted/2025-Potential-dependent superlubricity of stainless steel and Au(111) using a.pdf,,high,matched_local_reference,bmim_aot_h2o_au_stainless,[BMIm]+ [AOT]- / compound=H2O / surface=stainless steel / potential=1.0 / velocity=6.0,1.6 M [BMIm][AOT] water-in-surface-active ionic liquid mixture on Au(111)/stainless steel.,film,film+dataset0312.csv,65,True,[BMIm]+,[AOT]-,H2O,stainless steel,3.8,3.310978931,1.1127,139.222,3,6.0,1,1.0,421.576,190.8925906,4.637037402,0,0.07,0.01,109.8,0.8,8.81,2.422977778,3.8095,72.0,1,298,16.5,1,544.7574562,4.726289834,0.009,0.0,139.222,0_139.222,,,,,
dicationic_2019,Interfacial Structure and Boundary Lubrication of a Dicationic Ionic Liquid,reference/Lubrication/Extracted/2019-Interfacial structure and boundary lubrication of a dicationic ionic liquid.pdf,/Users/julyanffzz/项目/Ioniclink/reference/Lubrication/Extracted/2019-Interfacial structure and boundary lubrication of a dicationic ionic liquid.pdf,,high,matched_local_reference,dicationic_tfsi_mica,[C10(C1Im)2]2+ [TFSI]- / compound=zero / surface=mica / potential=0.0 / velocity=0.105,Dicationic [C10(C1Im)2][TFSI] boundary lubrication between mica surfaces.,film,film+dataset0312.csv,66,True,[C10(C1Im)2]2+,[TFSI]-,zero,mica,1.6,4.268585015,2.8978,304.482,11,0.105,0,0.0,280.147,478.4344778,3.359227186,0,1.77,-0.16,82.38,0.0596,39.34,1.38550141,1.0593,0.0,0,298,100.0,0,384.7328028,5.284512596,0.08,2.0,304.482,2_304.482,,,,,
bmb_pc_2020,Electroresponsive structuring and friction of a non-halogenated ionic liquid in a polar solvent: effect of concentration,reference/Lubrication/3.10/2020-Rutland-Electroresponsive structuring and friction of a non-halogenated ionic liquid in a polar solvent effect of concentration.pdf,/Users/julyanffzz/项目/Ioniclink/reference/Lubrication/3.10/2020-Rutland-Electroresponsive structuring and friction of a non-halogenated ionic liquid in a polar solvent effect of concentration.pdf,10.1039/D0CP02736G,high,matched_local_reference,p66614_bmb_pc_au,"[P6,6,6,14]+ [BMB]- / compound=PC / surface=Au(111) / potential=-1.0 / velocity=12.0","Exact P6,6,6,14 BMB in propylene carbonate on Au(111), matching the 2020 electroresponsive PC/gold paper.",film,film+dataset0312.csv,67,True,"[P6,6,6,14]+",[BMB]-,PC,Au(111),2.42,5.174799948,12.446,483.87,28,12.0,0,-1.0,311.078,319.1282666,3.97427778,0,0.7,-0.02,71.06,0.835,0.0,4.337445108,2.0514,60.0,0,298,0.67,0,682.1804819,1.591434542,0.0736,2.0,483.87,2_483.87,,,,,
protic_2014,Effect of ion structure on nanoscale friction in protic ionic liquids,reference/Lubrication/Extracted/2014-Rutland-Effect of ion structure on nanoscale friction in protic ionic liquids.pdf,/Users/julyanffzz/项目/Ioniclink/reference/Lubrication/Extracted/2014-Rutland-Effect of ion structure on nanoscale friction in protic ionic liquids.pdf,,high,matched_local_reference,protic_ion_structure_2014,[PA]+ [F]- / compound=zero / surface=mica / potential=0.0 / velocity=40.0,"Protic ionic-liquid ion-structure series on mica/silica, covering EA/PA/DMEA/EtA nitrate/formate systems.",film,film+dataset0312.csv,68,True,[PA]+,[F]-,zero,mica,0.666666667,2.642365161,-0.3617,60.12,1,40.0,0,0.0,45.017,5.245112498,2.091441062,1,1.77,-0.16,40.13,0.0569,27.64,1.974744871,-1.6339,0.0,0,298,100.0,0,10.26466251,2.187496097,1.1,6.0,60.12,6_60.12,,,,,
ean_mica_2012,Ionic liquid nanotribology: mica-silica interactions in ethylammonium nitrate,reference/Lubrication/Extracted/2012-rutland-Ionic liquid nanotribology mica–silica interactions in ethylammonium nitrate.pdf,/Users/julyanffzz/项目/Ioniclink/reference/Lubrication/Extracted/2012-rutland-Ionic liquid nanotribology mica–silica interactions in ethylammonium nitrate.pdf,10.1039/C2SM25620K,high,matched_local_reference,ean_mica_silica_2012,[EA]+ [N]- / compound=zero / surface=mica / potential=0.0 / velocity=30.0,"EAN on mica/silica nanotribology system. Some EAN rows overlap ion-structure comparisons, but this is the EAN-specific primary paper in the local Lubrication corpus.",film,film+dataset0312.csv,69,True,[EA]+,[N]-,zero,mica,0.1,2.431285504,-0.7518,46.093,0,30.0,0,0.0,62.004,2.754887502,2.192174955,1,1.77,-0.16,66.2,0.0569,27.64,1.632993162,-0.2391,0.0,0,298,100.0,0,26.26466251,2.803039488,0.114781888,3.0,46.093,3_46.093,,,,,
ean_mica_2012,Ionic liquid nanotribology: mica-silica interactions in ethylammonium nitrate,reference/Lubrication/Extracted/2012-rutland-Ionic liquid nanotribology mica–silica interactions in ethylammonium nitrate.pdf,/Users/julyanffzz/项目/Ioniclink/reference/Lubrication/Extracted/2012-rutland-Ionic liquid nanotribology mica–silica interactions in ethylammonium nitrate.pdf,10.1039/C2SM25620K,high,matched_local_reference,ean_mica_silica_2012,[EA]+ [N]- / compound=zero / surface=mica / potential=0.0 / velocity=10.0,"EAN on mica/silica nanotribology system. Some EAN rows overlap ion-structure comparisons, but this is the EAN-specific primary paper in the local Lubrication corpus.",film,film+dataset0312.csv,70,True,[EA]+,[N]-,zero,mica,0.28,2.431285504,-0.7518,46.093,0,10.0,0,0.0,62.004,2.754887502,2.192174955,1,1.77,-0.16,66.2,0.0569,27.64,1.632993162,-0.2391,0.0,0,298,100.0,0,26.26466251,2.803039488,0.31,4.0,46.093,4_46.093,,,,,
protic_2014,Effect of ion structure on nanoscale friction in protic ionic liquids,reference/Lubrication/Extracted/2014-Rutland-Effect of ion structure on nanoscale friction in protic ionic liquids.pdf,/Users/julyanffzz/项目/Ioniclink/reference/Lubrication/Extracted/2014-Rutland-Effect of ion structure on nanoscale friction in protic ionic liquids.pdf,,high,matched_local_reference,protic_ion_structure_2014,[PA]+ [F]- / compound=zero / surface=mica / potential=0.0 / velocity=20.0,"Protic ionic-liquid ion-structure series on mica/silica, covering EA/PA/DMEA/EtA nitrate/formate systems.",film,film+dataset0312.csv,71,True,[PA]+,[F]-,zero,mica,1.875,2.642365161,-0.3617,60.12,1,20.0,0,0.0,45.017,5.245112498,2.091441062,1,1.77,-0.16,40.13,0.0569,27.64,1.974744871,-1.6339,0.0,0,298,100.0,0,10.26466251,2.187496097,3.855633803,7.0,60.12,7_60.12,,,,,
protic_2014,Effect of ion structure on nanoscale friction in protic ionic liquids,reference/Lubrication/Extracted/2014-Rutland-Effect of ion structure on nanoscale friction in protic ionic liquids.pdf,/Users/julyanffzz/项目/Ioniclink/reference/Lubrication/Extracted/2014-Rutland-Effect of ion structure on nanoscale friction in protic ionic liquids.pdf,,high,matched_local_reference,protic_ion_structure_2014,[PA]+ [F]- / compound=zero / surface=mica / potential=0.0 / velocity=20.0,"Protic ionic-liquid ion-structure series on mica/silica, covering EA/PA/DMEA/EtA nitrate/formate systems.",film,film+dataset0312.csv,72,True,[PA]+,[F]-,zero,mica,0.666666667,2.642365161,-0.3617,60.12,1,20.0,0,0.0,45.017,5.245112498,2.091441062,1,1.77,-0.16,40.13,0.0569,27.64,1.974744871,-1.6339,0.0,0,298,100.0,0,10.26466251,2.187496097,0.964556962,6.0,60.12,6_60.12,,,,,
hydrogen_bond_2020,Effect of Hydrogen Bonding between Ions of Like Charge on the Boundary Layer Friction of Hydroxy-Functionalized Ionic Liquids,reference/Lubrication/Extracted/2020-atkin-Effect of Hydrogen Bonding between Ions of Like Charge on the.pdf,/Users/julyanffzz/项目/Ioniclink/reference/Lubrication/Extracted/2020-atkin-Effect of Hydrogen Bonding between Ions of Like Charge on the.pdf,,high,matched_local_reference,hydroxy_functionalized_mica,[HOC3Py] + [TFSI]- / compound=zero / surface=mica / potential=0.0 / velocity=6.0,Hydroxy-functionalized ionic liquids on mica; same-charge hydrogen-bonding boundary-layer friction paper.,film,film+dataset0312.csv,73,True,[HOC3Py] +,[TFSI]-,zero,mica,1.512,3.236493461,0.3565,138.19,3,6.0,0,0.0,280.147,173.8722824,3.359227186,0,1.77,-0.16,82.38,0.0569,24.11,2.426522347,1.0593,0.0,0,293,100.0,1,384.7328028,5.284512596,0.14,3.0,138.19,3_138.19,,,,,
surface_active_2024,Surface-active ionic liquids as lubricant additives to hexadecane and diethyl succinate,reference/Lubrication/Extracted/Surface-active ionic liquids as lubricant additives to hexadecane and diethyl succinate.pdf,/Users/julyanffzz/项目/Ioniclink/reference/Lubrication/Extracted/Surface-active ionic liquids as lubricant additives to hexadecane and diethyl succinate.pdf,,high,matched_local_reference,p66614_aot_ds_stainless_additives,"[P6,6,6,14]+ [AOT]- / compound=hexadecane / surface=stainless steel / potential=0.0 / velocity=6.0",Surface-active phosphonium AOT/DS additives in hexadecane or diethyl succinate on stainless steel.,film,film+dataset0312.csv,74,True,"[P6,6,6,14]+",[AOT]-,hexadecane,stainless steel,0.97,5.174799948,12.446,483.87,28,6.0,1,0.0,421.576,319.1282666,4.637037402,0,0.07,0.01,109.8,0.9,0.0,4.337445108,3.8095,72.0,0,298,0.0,0,544.7574562,4.726289834,0.95,6.0,483.87,6_483.87,,,,,
ean_mica_2012,Ionic liquid nanotribology: mica-silica interactions in ethylammonium nitrate,reference/Lubrication/Extracted/2012-rutland-Ionic liquid nanotribology mica–silica interactions in ethylammonium nitrate.pdf,/Users/julyanffzz/项目/Ioniclink/reference/Lubrication/Extracted/2012-rutland-Ionic liquid nanotribology mica–silica interactions in ethylammonium nitrate.pdf,10.1039/C2SM25620K,high,matched_local_reference,ean_mica_silica_2012,[EA]+ [N]- / compound=zero / surface=mica / potential=0.0 / velocity=10.0,"EAN on mica/silica nanotribology system. Some EAN rows overlap ion-structure comparisons, but this is the EAN-specific primary paper in the local Lubrication corpus.",film,film+dataset0312.csv,75,True,[EA]+,[N]-,zero,mica,0.75,2.431285504,-0.7518,46.093,0,10.0,0,0.0,62.004,2.754887502,2.192174955,1,1.77,-0.16,66.2,0.0569,27.64,1.632993162,-0.2391,0.0,0,369,100.0,0,26.26466251,2.803039488,0.066,2.0,46.093,2_46.093,,,,,
graphite_2021,Potential-Dependent Superlubricity of Ionic Liquids on a Graphite Surface,reference/Lubrication/2021-atkin-potential-dependent-superlubricity-of-ionic-liquids-on-a-graphite-surface.pdf,/Users/julyanffzz/项目/Ioniclink/reference/Lubrication/2021-atkin-potential-dependent-superlubricity-of-ionic-liquids-on-a-graphite-surface.pdf,10.1021/acs.jpcc.0c10804,high,matched_local_reference,phosphonium_hopg_graphite,"[P6,6,6,14]+ [(iC8)2PO2]- / compound=zero / surface=HOPG / potential=0.0 / velocity=6.0",HOPG phosphonium ionic-liquid comparison series from the graphite potential-dependent superlubricity paper.,film,film+dataset0312.csv,76,True,"[P6,6,6,14]+",[(iC8)2PO2]-,zero,HOPG,2.6,5.174799948,12.446,483.87,28,6.0,0,0.0,289.42,319.1282666,4.246635376,0,0.05,-0.0002,40.13,0.89,0.0,4.337445108,4.7694,85.0,0,298,100.0,0,281.6910727,4.359263597,0.002,0.0,483.87,0_483.87,,,,,
bmim_aot_water_2025,Potential-dependent superlubricity of stainless steel and Au(111) using a water-in-surface-active ionic liquid mixture,reference/Lubrication/Extracted/2025-Potential-dependent superlubricity of stainless steel and Au(111) using a.pdf,/Users/julyanffzz/项目/Ioniclink/reference/Lubrication/Extracted/2025-Potential-dependent superlubricity of stainless steel and Au(111) using a.pdf,,high,matched_local_reference,bmim_aot_h2o_au_stainless,[BMIm]+ [AOT]- / compound=H2O / surface=stainless steel / potential=1.0 / velocity=6.0,1.6 M [BMIm][AOT] water-in-surface-active ionic liquid mixture on Au(111)/stainless steel.,film,film+dataset0312.csv,77,True,[BMIm]+,[AOT]-,H2O,stainless steel,1.3,3.310978931,1.1127,139.222,3,6.0,1,1.0,421.576,190.8925906,4.637037402,0,0.07,0.01,109.8,0.8,8.81,2.422977778,3.8095,72.0,1,298,16.5,1,544.7574562,4.726289834,0.009,0.0,139.222,0_139.222,,,,,
ean_mica_2012,Ionic liquid nanotribology: mica-silica interactions in ethylammonium nitrate,reference/Lubrication/Extracted/2012-rutland-Ionic liquid nanotribology mica–silica interactions in ethylammonium nitrate.pdf,/Users/julyanffzz/项目/Ioniclink/reference/Lubrication/Extracted/2012-rutland-Ionic liquid nanotribology mica–silica interactions in ethylammonium nitrate.pdf,10.1039/C2SM25620K,high,matched_local_reference,ean_mica_silica_2012,[EA]+ [N]- / compound=zero / surface=mica / potential=0.0 / velocity=10.0,"EAN on mica/silica nanotribology system. Some EAN rows overlap ion-structure comparisons, but this is the EAN-specific primary paper in the local Lubrication corpus.",film,film+dataset0312.csv,78,True,[EA]+,[N]-,zero,mica,0.1,2.431285504,-0.7518,46.093,0,10.0,0,0.0,62.004,2.754887502,2.192174955,1,1.77,-0.16,66.2,0.0569,27.64,1.632993162,-0.2391,0.0,0,298,100.0,0,26.26466251,2.803039488,0.080214931,2.0,46.093,2_46.093,,,,,
protic_2014,Effect of ion structure on nanoscale friction in protic ionic liquids,reference/Lubrication/Extracted/2014-Rutland-Effect of ion structure on nanoscale friction in protic ionic liquids.pdf,/Users/julyanffzz/项目/Ioniclink/reference/Lubrication/Extracted/2014-Rutland-Effect of ion structure on nanoscale friction in protic ionic liquids.pdf,,high,matched_local_reference,protic_ion_structure_2014,[DMEA]+ [F]- / compound=zero / surface=mica / potential=0.0 / velocity=40.0,"Protic ionic-liquid ion-structure series on mica/silica, covering EA/PA/DMEA/EtA nitrate/formate systems.",film,film+dataset0312.csv,79,True,[DMEA]+,[F]-,zero,mica,0.445396146,2.824148313,-0.8492,74.147,1,40.0,0,0.0,45.017,17.60964047,2.091441062,1,1.77,-0.16,40.13,0.0569,4.44,2.539538861,-1.6339,0.0,0,298,100.0,0,10.26466251,2.187496097,0.6,5.0,74.147,5_74.147,,,,,
bmim_surfaces_2022,Ionic liquids on uncharged and charged surfaces: in situ microstructures and nanofriction,reference/Lubrication/2022-Ionic liquids on uncharged and charged surfaces In situ.pdf,/Users/julyanffzz/项目/Ioniclink/reference/Lubrication/2022-Ionic liquids on uncharged and charged surfaces In situ.pdf,10.1007/s40544-021-0566-5,high,matched_local_reference,bmim_bf4_pf6_mica_hopg,[BMIm]+ [BF4]- / compound=zero / surface=HOPG / potential=0.0 / velocity=20.0,BMIM BF4/PF6 on uncharged mica and HOPG with in situ microstructures and nanofriction.,film,film+dataset0312.csv,80,True,[BMIm]+,[BF4]-,zero,HOPG,0.0,3.310978931,1.1127,139.222,3,20.0,0,0.0,86.804,190.8925906,2.328453731,0,0.05,-0.0002,0.0,0.89,8.81,2.422977778,1.3,85.0,0,298,0.0,1,19.11941548,3.023715784,0.0002,0.0,139.222,0_139.222,,,,,
hydrogen_bond_2020,Effect of Hydrogen Bonding between Ions of Like Charge on the Boundary Layer Friction of Hydroxy-Functionalized Ionic Liquids,reference/Lubrication/Extracted/2020-atkin-Effect of Hydrogen Bonding between Ions of Like Charge on the.pdf,/Users/julyanffzz/项目/Ioniclink/reference/Lubrication/Extracted/2020-atkin-Effect of Hydrogen Bonding between Ions of Like Charge on the.pdf,,high,matched_local_reference,hydroxy_functionalized_mica,[HOC4Py] + [TFSI]- / compound=zero / surface=mica / potential=0.0 / velocity=6.0,Hydroxy-functionalized ionic liquids on mica; same-charge hydrogen-bonding boundary-layer friction paper.,film,film+dataset0312.csv,81,True,[HOC4Py] +,[TFSI]-,zero,mica,1.588,3.360073211,0.7466,152.217,4,6.0,0,0.0,280.147,186.0140383,3.359227186,0,1.77,-0.16,82.38,0.0569,24.11,2.275801287,1.0593,0.0,0,293,100.0,1,384.7328028,5.284512596,0.12,3.0,152.217,3_152.217,,,,,
hydrogen_bond_2020,Effect of Hydrogen Bonding between Ions of Like Charge on the Boundary Layer Friction of Hydroxy-Functionalized Ionic Liquids,reference/Lubrication/Extracted/2020-atkin-Effect of Hydrogen Bonding between Ions of Like Charge on the.pdf,/Users/julyanffzz/项目/Ioniclink/reference/Lubrication/Extracted/2020-atkin-Effect of Hydrogen Bonding between Ions of Like Charge on the.pdf,,high,matched_local_reference,hydroxy_functionalized_mica,[HOC4MPip]+ [TFSI]- / compound=zero / surface=mica / potential=0.0 / velocity=6.0,Hydroxy-functionalized ionic liquids on mica; same-charge hydrogen-bonding boundary-layer friction paper.,film,film+dataset0312.csv,82,True,[HOC4MPip]+,[TFSI]-,zero,mica,0.804,3.589900502,1.3894,172.292,4,6.0,0,0.0,280.147,119.0069869,3.359227186,1,1.77,-0.16,82.38,0.0569,20.23,2.172199717,1.0593,0.0,0,293,100.0,1,384.7328028,5.284512596,0.17,3.0,172.292,3_172.292,,,,,
protic_2014,Effect of ion structure on nanoscale friction in protic ionic liquids,reference/Lubrication/Extracted/2014-Rutland-Effect of ion structure on nanoscale friction in protic ionic liquids.pdf,/Users/julyanffzz/项目/Ioniclink/reference/Lubrication/Extracted/2014-Rutland-Effect of ion structure on nanoscale friction in protic ionic liquids.pdf,,high,matched_local_reference,protic_ion_structure_2014,[EtA]+ [N]- / compound=zero / surface=mica / potential=0.0 / velocity=20.0,"Protic ionic-liquid ion-structure series on mica/silica, covering EA/PA/DMEA/EtA nitrate/formate systems.",film,film+dataset0312.csv,83,True,[EtA]+,[N]-,zero,mica,2.837894737,2.543129445,-1.7794,62.092,1,20.0,0,0.0,62.004,8.0,2.192174955,1,1.77,-0.16,66.2,0.0569,47.87,1.974744871,-0.2391,0.0,0,298,100.0,1,26.26466251,2.803039488,2.728873239,7.0,62.092,7_62.092,,,,,
protic_2014,Effect of ion structure on nanoscale friction in protic ionic liquids,reference/Lubrication/Extracted/2014-Rutland-Effect of ion structure on nanoscale friction in protic ionic liquids.pdf,/Users/julyanffzz/项目/Ioniclink/reference/Lubrication/Extracted/2014-Rutland-Effect of ion structure on nanoscale friction in protic ionic liquids.pdf,,high,matched_local_reference,protic_ion_structure_2014,[EA]+ [F]- / compound=zero / surface=mica / potential=0.0 / velocity=40.0,"Protic ionic-liquid ion-structure series on mica/silica, covering EA/PA/DMEA/EtA nitrate/formate systems.",film,film+dataset0312.csv,84,True,[EA]+,[F]-,zero,mica,1.667334669,2.431285504,-0.7518,46.093,0,40.0,0,0.0,45.017,2.754887502,2.091441062,1,1.77,-0.16,40.13,0.0569,27.64,1.632993162,-1.6339,0.0,0,298,100.0,0,10.26466251,2.187496097,1.7,7.0,46.093,7_46.093,,,,,
dicationic_2019,Interfacial Structure and Boundary Lubrication of a Dicationic Ionic Liquid,reference/Lubrication/Extracted/2019-Interfacial structure and boundary lubrication of a dicationic ionic liquid.pdf,/Users/julyanffzz/项目/Ioniclink/reference/Lubrication/Extracted/2019-Interfacial structure and boundary lubrication of a dicationic ionic liquid.pdf,,high,matched_local_reference,dicationic_tfsi_mica,[C10(C1Im)2]2+ [TFSI]- / compound=zero / surface=mica / potential=0.0 / velocity=0.052,Dicationic [C10(C1Im)2][TFSI] boundary lubrication between mica surfaces.,film,film+dataset0312.csv,85,True,[C10(C1Im)2]2+,[TFSI]-,zero,mica,1.6,4.268585015,2.8978,304.482,11,0.052,0,0.0,280.147,478.4344778,3.359227186,0,1.77,-0.16,82.38,0.0596,39.34,1.38550141,1.0593,0.0,0,298,100.0,0,384.7328028,5.284512596,0.107,2.0,304.482,2_304.482,,,,,
ean_mica_2012,Ionic liquid nanotribology: mica-silica interactions in ethylammonium nitrate,reference/Lubrication/Extracted/2012-rutland-Ionic liquid nanotribology mica–silica interactions in ethylammonium nitrate.pdf,/Users/julyanffzz/项目/Ioniclink/reference/Lubrication/Extracted/2012-rutland-Ionic liquid nanotribology mica–silica interactions in ethylammonium nitrate.pdf,10.1039/C2SM25620K,high,matched_local_reference,ean_mica_silica_2012,[EA]+ [N]- / compound=zero / surface=mica / potential=0.0 / velocity=30.0,"EAN on mica/silica nanotribology system. Some EAN rows overlap ion-structure comparisons, but this is the EAN-specific primary paper in the local Lubrication corpus.",film,film+dataset0312.csv,86,True,[EA]+,[N]-,zero,mica,0.28,2.431285504,-0.7518,46.093,0,30.0,0,0.0,62.004,2.754887502,2.192174955,1,1.77,-0.16,66.2,0.0569,27.64,1.632993162,-0.2391,0.0,0,369,100.0,0,26.26466251,2.803039488,0.352,4.0,46.093,4_46.093,,,,,
ean_mica_2012,Ionic liquid nanotribology: mica-silica interactions in ethylammonium nitrate,reference/Lubrication/Extracted/2012-rutland-Ionic liquid nanotribology mica–silica interactions in ethylammonium nitrate.pdf,/Users/julyanffzz/项目/Ioniclink/reference/Lubrication/Extracted/2012-rutland-Ionic liquid nanotribology mica–silica interactions in ethylammonium nitrate.pdf,10.1039/C2SM25620K,high,matched_local_reference,ean_mica_silica_2012,[EA]+ [N]- / compound=zero / surface=mica / potential=0.0 / velocity=10.0,"EAN on mica/silica nanotribology system. Some EAN rows overlap ion-structure comparisons, but this is the EAN-specific primary paper in the local Lubrication corpus.",film,film+dataset0312.csv,87,True,[EA]+,[N]-,zero,mica,0.28,2.431285504,-0.7518,46.093,0,10.0,0,0.0,62.004,2.754887502,2.192174955,1,1.77,-0.16,66.2,0.0569,27.64,1.632993162,-0.2391,0.0,0,369,100.0,0,26.26466251,2.803039488,0.258,4.0,46.093,4_46.093,,,,,
protic_2014,Effect of ion structure on nanoscale friction in protic ionic liquids,reference/Lubrication/Extracted/2014-Rutland-Effect of ion structure on nanoscale friction in protic ionic liquids.pdf,/Users/julyanffzz/项目/Ioniclink/reference/Lubrication/Extracted/2014-Rutland-Effect of ion structure on nanoscale friction in protic ionic liquids.pdf,,high,matched_local_reference,protic_ion_structure_2014,[PA]+ [F]- / compound=zero / surface=mica / potential=0.0 / velocity=10.0,"Protic ionic-liquid ion-structure series on mica/silica, covering EA/PA/DMEA/EtA nitrate/formate systems.",film,film+dataset0312.csv,88,True,[PA]+,[F]-,zero,mica,1.875,2.642365161,-0.3617,60.12,1,10.0,0,0.0,45.017,5.245112498,2.091441062,1,1.77,-0.16,40.13,0.0569,27.64,1.974744871,-1.6339,0.0,0,298,100.0,0,10.26466251,2.187496097,3.01056338,7.0,60.12,7_60.12,,,,,
superlubricity_hopg_2014,An ionic liquid lubricant enables superlubricity to be switched on in situ using an electrical potential,reference/Lubrication/3.10/2014-atkin-An ionic liquid lubricant enables superlubricity to be “switched on” in situ usin.pdf,/Users/julyanffzz/项目/Ioniclink/reference/Lubrication/3.10/2014-atkin-An ionic liquid lubricant enables superlubricity to be “switched on” in situ usin.pdf,10.1039/C4CC00979G,high,matched_local_reference,hmim_fap_hopg,[HMIM]+ [FAP]- / compound=zero / surface=HOPG / potential=1.0 / velocity=6.0,[HMIM][FAP] on HOPG potential-dependent superlubricity system.,film,film+dataset0312.csv,89,True,[HMIM]+,[FAP]-,zero,HOPG,4.454545455,3.540263249,1.8929,167.276,5,6.0,0,1.0,445.004,215.3680851,3.775688868,0,0.05,-0.0002,0.0,0.89,8.81,2.153242802,7.1942,85.0,0,298,100.0,1,468.4882895,7.871070033,0.012,0.0,167.276,0_167.276,,,,,
protic_2014,Effect of ion structure on nanoscale friction in protic ionic liquids,reference/Lubrication/Extracted/2014-Rutland-Effect of ion structure on nanoscale friction in protic ionic liquids.pdf,/Users/julyanffzz/项目/Ioniclink/reference/Lubrication/Extracted/2014-Rutland-Effect of ion structure on nanoscale friction in protic ionic liquids.pdf,,high,matched_local_reference,protic_ion_structure_2014,[EA]+ [F]- / compound=zero / surface=mica / potential=0.0 / velocity=20.0,"Protic ionic-liquid ion-structure series on mica/silica, covering EA/PA/DMEA/EtA nitrate/formate systems.",film,film+dataset0312.csv,90,True,[EA]+,[F]-,zero,mica,0.537074148,2.431285504,-0.7518,46.093,0,20.0,0,0.0,45.017,2.754887502,2.091441062,1,1.77,-0.16,40.13,0.0569,27.64,1.632993162,-1.6339,0.0,0,298,100.0,0,10.26466251,2.187496097,1.040506329,6.0,46.093,6_46.093,,,,,
protic_2014,Effect of ion structure on nanoscale friction in protic ionic liquids,reference/Lubrication/Extracted/2014-Rutland-Effect of ion structure on nanoscale friction in protic ionic liquids.pdf,/Users/julyanffzz/项目/Ioniclink/reference/Lubrication/Extracted/2014-Rutland-Effect of ion structure on nanoscale friction in protic ionic liquids.pdf,,high,matched_local_reference,protic_ion_structure_2014,[PA]+ [F]- / compound=zero / surface=mica / potential=0.0 / velocity=5.0,"Protic ionic-liquid ion-structure series on mica/silica, covering EA/PA/DMEA/EtA nitrate/formate systems.",film,film+dataset0312.csv,91,True,[PA]+,[F]-,zero,mica,1.875,2.642365161,-0.3617,60.12,1,5.0,0,0.0,45.017,5.245112498,2.091441062,1,1.77,-0.16,40.13,0.0569,27.64,1.974744871,-1.6339,0.0,0,298,100.0,0,10.26466251,2.187496097,2.596830986,7.0,60.12,7_60.12,,,,,
superlubricity_hopg_2014,An ionic liquid lubricant enables superlubricity to be switched on in situ using an electrical potential,reference/Lubrication/3.10/2014-atkin-An ionic liquid lubricant enables superlubricity to be “switched on” in situ usin.pdf,/Users/julyanffzz/项目/Ioniclink/reference/Lubrication/3.10/2014-atkin-An ionic liquid lubricant enables superlubricity to be “switched on” in situ usin.pdf,10.1039/C4CC00979G,high,matched_local_reference,hmim_fap_hopg,[HMIM]+ [FAP]- / compound=zero / surface=HOPG / potential=0.0 / velocity=6.0,[HMIM][FAP] on HOPG potential-dependent superlubricity system.,film,film+dataset0312.csv,92,True,[HMIM]+,[FAP]-,zero,HOPG,0.0,3.540263249,1.8929,167.276,5,6.0,0,0.0,445.004,215.3680851,3.775688868,0,0.05,-0.0002,0.0,0.89,8.81,2.153242802,7.1942,85.0,0,298,0.0,1,468.4882895,7.871070033,0.013,1.0,167.276,1_167.276,,,,,
protic_2014,Effect of ion structure on nanoscale friction in protic ionic liquids,reference/Lubrication/Extracted/2014-Rutland-Effect of ion structure on nanoscale friction in protic ionic liquids.pdf,/Users/julyanffzz/项目/Ioniclink/reference/Lubrication/Extracted/2014-Rutland-Effect of ion structure on nanoscale friction in protic ionic liquids.pdf,,high,matched_local_reference,protic_ion_structure_2014,[PA]+ [N]- / compound=zero / surface=mica / potential=0.0 / velocity=10.0,"Protic ionic-liquid ion-structure series on mica/silica, covering EA/PA/DMEA/EtA nitrate/formate systems.",film,film+dataset0312.csv,93,True,[PA]+,[N]-,zero,mica,0.542797495,2.642365161,-0.3617,60.12,1,10.0,0,0.0,62.004,5.245112498,2.192174955,1,1.77,-0.16,66.2,0.0569,27.64,1.974744871,-0.2391,0.0,0,298,100.0,0,26.26466251,2.803039488,0.997468354,6.0,60.12,6_60.12,,,,,
surface_active_2024,Surface-active ionic liquids as lubricant additives to hexadecane and diethyl succinate,reference/Lubrication/Extracted/Surface-active ionic liquids as lubricant additives to hexadecane and diethyl succinate.pdf,/Users/julyanffzz/项目/Ioniclink/reference/Lubrication/Extracted/Surface-active ionic liquids as lubricant additives to hexadecane and diethyl succinate.pdf,,high,matched_local_reference,p66614_aot_ds_stainless_additives,"[P6,6,6,14]+ [AOT]- / compound=(CH2CO2Et)2 / surface=stainless steel / potential=0.0 / velocity=6.0",Surface-active phosphonium AOT/DS additives in hexadecane or diethyl succinate on stainless steel.,film,film+dataset0312.csv,94,True,"[P6,6,6,14]+",[AOT]-,(CH2CO2Et)2,stainless steel,0.56,5.174799948,12.446,483.87,28,6.0,1,0.0,421.576,319.1282666,4.637037402,0,0.07,0.01,109.8,0.9,0.0,4.337445108,3.8095,72.0,0,298,0.0,0,544.7574562,4.726289834,0.98,6.0,483.87,6_483.87,,,,,
ean_mica_2012,Ionic liquid nanotribology: mica-silica interactions in ethylammonium nitrate,reference/Lubrication/Extracted/2012-rutland-Ionic liquid nanotribology mica–silica interactions in ethylammonium nitrate.pdf,/Users/julyanffzz/项目/Ioniclink/reference/Lubrication/Extracted/2012-rutland-Ionic liquid nanotribology mica–silica interactions in ethylammonium nitrate.pdf,10.1039/C2SM25620K,high,matched_local_reference,ean_mica_silica_2012,[EA]+ [N]- / compound=zero / surface=mica / potential=0.0 / velocity=30.0,"EAN on mica/silica nanotribology system. Some EAN rows overlap ion-structure comparisons, but this is the EAN-specific primary paper in the local Lubrication corpus.",film,film+dataset0312.csv,95,True,[EA]+,[N]-,zero,mica,0.28,2.431285504,-0.7518,46.093,0,30.0,0,0.0,62.004,2.754887502,2.192174955,1,1.77,-0.16,66.2,0.0569,27.64,1.632993162,-0.2391,0.0,0,298,100.0,0,26.26466251,2.803039488,0.304,4.0,46.093,4_46.093,,,,,
protic_2014,Effect of ion structure on nanoscale friction in protic ionic liquids,reference/Lubrication/Extracted/2014-Rutland-Effect of ion structure on nanoscale friction in protic ionic liquids.pdf,/Users/julyanffzz/项目/Ioniclink/reference/Lubrication/Extracted/2014-Rutland-Effect of ion structure on nanoscale friction in protic ionic liquids.pdf,,high,matched_local_reference,protic_ion_structure_2014,[DMEA]+ [F]- / compound=zero / surface=mica / potential=0.0 / velocity=40.0,"Protic ionic-liquid ion-structure series on mica/silica, covering EA/PA/DMEA/EtA nitrate/formate systems.",film,film+dataset0312.csv,96,True,[DMEA]+,[F]-,zero,mica,1.053533191,2.824148313,-0.8492,74.147,1,40.0,0,0.0,45.017,17.60964047,2.091441062,1,1.77,-0.16,40.13,0.0569,4.44,2.539538861,-1.6339,0.0,0,298,100.0,0,10.26466251,2.187496097,2.2,7.0,74.147,7_74.147,,,,,
bmim_surfaces_2022,Ionic liquids on uncharged and charged surfaces: in situ microstructures and nanofriction,reference/Lubrication/2022-Ionic liquids on uncharged and charged surfaces In situ.pdf,/Users/julyanffzz/项目/Ioniclink/reference/Lubrication/2022-Ionic liquids on uncharged and charged surfaces In situ.pdf,10.1007/s40544-021-0566-5,high,matched_local_reference,bmim_bf4_pf6_mica_hopg,[BMIm]+ [BF4]- / compound=zero / surface=mica / potential=0.0 / velocity=20.0,BMIM BF4/PF6 on uncharged mica and HOPG with in situ microstructures and nanofriction.,film,film+dataset0312.csv,97,True,[BMIm]+,[BF4]-,zero,mica,0.0,3.310978931,1.1127,139.222,3,20.0,0,0.0,86.804,190.8925906,2.328453731,0,1.77,-0.16,0.0,0.66,8.81,2.422977778,1.3,0.0,0,298,0.0,1,19.11941548,3.023715784,0.03,1.0,139.222,1_139.222,,,,,
superlubricity_hopg_2014,An ionic liquid lubricant enables superlubricity to be switched on in situ using an electrical potential,reference/Lubrication/3.10/2014-atkin-An ionic liquid lubricant enables superlubricity to be “switched on” in situ usin.pdf,/Users/julyanffzz/项目/Ioniclink/reference/Lubrication/3.10/2014-atkin-An ionic liquid lubricant enables superlubricity to be “switched on” in situ usin.pdf,10.1039/C4CC00979G,high,matched_local_reference,hmim_fap_hopg,[HMIM]+ [FAP]- / compound=zero / surface=HOPG / potential=-1.0 / velocity=6.0,[HMIM][FAP] on HOPG potential-dependent superlubricity system.,film,film+dataset0312.csv,98,True,[HMIM]+,[FAP]-,zero,HOPG,3.436363636,3.540263249,1.8929,167.276,5,6.0,0,-1.0,445.004,215.3680851,3.775688868,0,0.05,-0.0002,0.0,0.89,8.81,2.153242802,7.1942,85.0,0,298,100.0,1,468.4882895,7.871070033,0.055,1.0,167.276,1_167.276,,,,,
ean_mica_2012,Ionic liquid nanotribology: mica-silica interactions in ethylammonium nitrate,reference/Lubrication/Extracted/2012-rutland-Ionic liquid nanotribology mica–silica interactions in ethylammonium nitrate.pdf,/Users/julyanffzz/项目/Ioniclink/reference/Lubrication/Extracted/2012-rutland-Ionic liquid nanotribology mica–silica interactions in ethylammonium nitrate.pdf,10.1039/C2SM25620K,high,matched_local_reference,ean_mica_silica_2012,[EA]+ [N]- / compound=zero / surface=mica / potential=0.0 / velocity=30.0,"EAN on mica/silica nanotribology system. Some EAN rows overlap ion-structure comparisons, but this is the EAN-specific primary paper in the local Lubrication corpus.",film,film+dataset0312.csv,99,True,[EA]+,[N]-,zero,mica,0.28,2.431285504,-0.7518,46.093,0,30.0,0,0.0,62.004,2.754887502,2.192174955,1,1.77,-0.16,66.2,0.0569,27.64,1.632993162,-0.2391,0.0,0,339,100.0,0,26.26466251,2.803039488,0.369,4.0,46.093,4_46.093,,,,,
graphite_2021,Potential-Dependent Superlubricity of Ionic Liquids on a Graphite Surface,reference/Lubrication/2021-atkin-potential-dependent-superlubricity-of-ionic-liquids-on-a-graphite-surface.pdf,/Users/julyanffzz/项目/Ioniclink/reference/Lubrication/2021-atkin-potential-dependent-superlubricity-of-ionic-liquids-on-a-graphite-surface.pdf,10.1021/acs.jpcc.0c10804,high,matched_local_reference,phosphonium_hopg_graphite,"[P6,6,6,14]+ [TFSI]- / compound=zero / surface=HOPG / potential=0.0 / velocity=6.0",HOPG phosphonium ionic-liquid comparison series from the graphite potential-dependent superlubricity paper.,film,film+dataset0312.csv,100,True,"[P6,6,6,14]+",[TFSI]-,zero,HOPG,1.7,5.174799948,12.446,483.87,28,6.0,0,0.0,280.147,319.1282666,3.359227186,0,0.05,-0.0002,82.38,0.89,0.0,4.337445108,1.0593,85.0,0,298,100.0,0,384.7328028,5.284512596,0.014,1.0,483.87,1_483.87,,,,,
bmb_pc_2020,Electroresponsive structuring and friction of a non-halogenated ionic liquid in a polar solvent: effect of concentration,reference/Lubrication/3.10/2020-Rutland-Electroresponsive structuring and friction of a non-halogenated ionic liquid in a polar solvent effect of concentration.pdf,/Users/julyanffzz/项目/Ioniclink/reference/Lubrication/3.10/2020-Rutland-Electroresponsive structuring and friction of a non-halogenated ionic liquid in a polar solvent effect of concentration.pdf,10.1039/D0CP02736G,high,matched_local_reference,p66614_bmb_pc_au,"[P6,6,6,14]+ [BMB]- / compound=PC / surface=Au(111) / potential=0.25 / velocity=1.0","Exact P6,6,6,14 BMB in propylene carbonate on Au(111), matching the 2020 electroresponsive PC/gold paper.",film,film+dataset0312.csv,101,True,"[P6,6,6,14]+",[BMB]-,PC,Au(111),2.83,5.174799948,12.446,483.87,28,1.0,0,0.25,311.078,319.1282666,3.97427778,0,0.7,-0.02,71.06,0.835,0.0,4.337445108,2.0514,60.0,0,298,0.67,0,682.1804819,1.591434542,0.114,2.0,483.87,2_483.87,,,,,
graphite_2021,Potential-Dependent Superlubricity of Ionic Liquids on a Graphite Surface,reference/Lubrication/2021-atkin-potential-dependent-superlubricity-of-ionic-liquids-on-a-graphite-surface.pdf,/Users/julyanffzz/项目/Ioniclink/reference/Lubrication/2021-atkin-potential-dependent-superlubricity-of-ionic-liquids-on-a-graphite-surface.pdf,10.1021/acs.jpcc.0c10804,high,matched_local_reference,phosphonium_hopg_graphite,"[P6,6,6,14]+ [(iC8)2PO2]- / compound=zero / surface=HOPG / potential=-1.0 / velocity=6.0",HOPG phosphonium ionic-liquid comparison series from the graphite potential-dependent superlubricity paper.,film,film+dataset0312.csv,102,True,"[P6,6,6,14]+",[(iC8)2PO2]-,zero,HOPG,3.4,5.174799948,12.446,483.87,28,6.0,0,-1.0,289.42,319.1282666,4.246635376,0,0.05,-0.0002,40.13,0.89,0.0,4.337445108,4.7694,85.0,0,298,100.0,0,281.6910727,4.359263597,0.002,0.0,483.87,0_483.87,,,,,
protic_2014,Effect of ion structure on nanoscale friction in protic ionic liquids,reference/Lubrication/Extracted/2014-Rutland-Effect of ion structure on nanoscale friction in protic ionic liquids.pdf,/Users/julyanffzz/项目/Ioniclink/reference/Lubrication/Extracted/2014-Rutland-Effect of ion structure on nanoscale friction in protic ionic liquids.pdf,,high,matched_local_reference,protic_ion_structure_2014,[EtA]+ [N]- / compound=zero / surface=mica / potential=0.0 / velocity=5.0,"Protic ionic-liquid ion-structure series on mica/silica, covering EA/PA/DMEA/EtA nitrate/formate systems.",film,film+dataset0312.csv,103,True,[EtA]+,[N]-,zero,mica,2.837894737,2.543129445,-1.7794,62.092,1,5.0,0,0.0,62.004,8.0,2.192174955,1,1.77,-0.16,66.2,0.0569,47.87,1.974744871,-0.2391,0.0,0,298,100.0,1,26.26466251,2.803039488,1.584507042,7.0,62.092,7_62.092,,,,,
ean_mica_2012,Ionic liquid nanotribology: mica-silica interactions in ethylammonium nitrate,reference/Lubrication/Extracted/2012-rutland-Ionic liquid nanotribology mica–silica interactions in ethylammonium nitrate.pdf,/Users/julyanffzz/项目/Ioniclink/reference/Lubrication/Extracted/2012-rutland-Ionic liquid nanotribology mica–silica interactions in ethylammonium nitrate.pdf,10.1039/C2SM25620K,high,matched_local_reference,ean_mica_silica_2012,[EA]+ [N]- / compound=zero / surface=mica / potential=0.0 / velocity=1.0,"EAN on mica/silica nanotribology system. Some EAN rows overlap ion-structure comparisons, but this is the EAN-specific primary paper in the local Lubrication corpus.",film,film+dataset0312.csv,104,True,[EA]+,[N]-,zero,mica,0.4,2.431285504,-0.7518,46.093,0,1.0,0,0.0,62.004,2.754887502,2.192174955,1,1.77,-0.16,66.2,0.0569,27.64,1.632993162,-0.2391,0.0,0,298,100.0,0,26.26466251,2.803039488,0.022828619,1.0,46.093,1_46.093,,,,,
protic_2014,Effect of ion structure on nanoscale friction in protic ionic liquids,reference/Lubrication/Extracted/2014-Rutland-Effect of ion structure on nanoscale friction in protic ionic liquids.pdf,/Users/julyanffzz/项目/Ioniclink/reference/Lubrication/Extracted/2014-Rutland-Effect of ion structure on nanoscale friction in protic ionic liquids.pdf,,high,matched_local_reference,protic_ion_structure_2014,[PA]+ [N]- / compound=zero / surface=mica / potential=0.0 / velocity=40.0,"Protic ionic-liquid ion-structure series on mica/silica, covering EA/PA/DMEA/EtA nitrate/formate systems.",film,film+dataset0312.csv,105,True,[PA]+,[N]-,zero,mica,0.542797495,2.642365161,-0.3617,60.12,1,40.0,0,0.0,62.004,5.245112498,2.192174955,1,1.77,-0.16,66.2,0.0569,27.64,1.974744871,-0.2391,0.0,0,298,100.0,0,26.26466251,2.803039488,1.1,6.0,60.12,6_60.12,,,,,
ean_mica_2012,Ionic liquid nanotribology: mica-silica interactions in ethylammonium nitrate,reference/Lubrication/Extracted/2012-rutland-Ionic liquid nanotribology mica–silica interactions in ethylammonium nitrate.pdf,/Users/julyanffzz/项目/Ioniclink/reference/Lubrication/Extracted/2012-rutland-Ionic liquid nanotribology mica–silica interactions in ethylammonium nitrate.pdf,10.1039/C2SM25620K,high,matched_local_reference,ean_mica_silica_2012,[EA]+ [N]- / compound=zero / surface=mica / potential=0.0 / velocity=0.5,"EAN on mica/silica nanotribology system. Some EAN rows overlap ion-structure comparisons, but this is the EAN-specific primary paper in the local Lubrication corpus.",film,film+dataset0312.csv,106,True,[EA]+,[N]-,zero,mica,0.1,2.431285504,-0.7518,46.093,0,0.5,0,0.0,62.004,2.754887502,2.192174955,1,1.77,-0.16,66.2,0.0569,27.64,1.632993162,-0.2391,0.0,0,298,100.0,0,26.26466251,2.803039488,0.022795699,1.0,46.093,1_46.093,,,,,
protic_2014,Effect of ion structure on nanoscale friction in protic ionic liquids,reference/Lubrication/Extracted/2014-Rutland-Effect of ion structure on nanoscale friction in protic ionic liquids.pdf,/Users/julyanffzz/项目/Ioniclink/reference/Lubrication/Extracted/2014-Rutland-Effect of ion structure on nanoscale friction in protic ionic liquids.pdf,,high,matched_local_reference,protic_ion_structure_2014,[EA]+ [F]- / compound=zero / surface=mica / potential=0.0 / velocity=30.0,"Protic ionic-liquid ion-structure series on mica/silica, covering EA/PA/DMEA/EtA nitrate/formate systems.",film,film+dataset0312.csv,107,True,[EA]+,[F]-,zero,mica,1.667334669,2.431285504,-0.7518,46.093,0,30.0,0,0.0,45.017,2.754887502,2.091441062,1,1.77,-0.16,40.13,0.0569,27.64,1.632993162,-1.6339,0.0,0,298,100.0,0,10.26466251,2.187496097,1.434859155,7.0,46.093,7_46.093,,,,,
protic_2014,Effect of ion structure on nanoscale friction in protic ionic liquids,reference/Lubrication/Extracted/2014-Rutland-Effect of ion structure on nanoscale friction in protic ionic liquids.pdf,/Users/julyanffzz/项目/Ioniclink/reference/Lubrication/Extracted/2014-Rutland-Effect of ion structure on nanoscale friction in protic ionic liquids.pdf,,high,matched_local_reference,protic_ion_structure_2014,[PA]+ [N]- / compound=zero / surface=mica / potential=0.0 / velocity=30.0,"Protic ionic-liquid ion-structure series on mica/silica, covering EA/PA/DMEA/EtA nitrate/formate systems.",film,film+dataset0312.csv,108,True,[PA]+,[N]-,zero,mica,0.542797495,2.642365161,-0.3617,60.12,1,30.0,0,0.0,62.004,5.245112498,2.192174955,1,1.77,-0.16,66.2,0.0569,27.64,1.974744871,-0.2391,0.0,0,298,100.0,0,26.26466251,2.803039488,1.113924051,6.0,60.12,6_60.12,,,,,
bmb_pc_2020,Electroresponsive structuring and friction of a non-halogenated ionic liquid in a polar solvent: effect of concentration,reference/Lubrication/3.10/2020-Rutland-Electroresponsive structuring and friction of a non-halogenated ionic liquid in a polar solvent effect of concentration.pdf,/Users/julyanffzz/项目/Ioniclink/reference/Lubrication/3.10/2020-Rutland-Electroresponsive structuring and friction of a non-halogenated ionic liquid in a polar solvent effect of concentration.pdf,10.1039/D0CP02736G,high,matched_local_reference,p66614_bmb_pc_au,"[P6,6,6,14]+ [BMB]- / compound=PC / surface=Au(111) / potential=0.25 / velocity=1.0","Exact P6,6,6,14 BMB in propylene carbonate on Au(111), matching the 2020 electroresponsive PC/gold paper.",film,film+dataset0312.csv,109,True,"[P6,6,6,14]+",[BMB]-,PC,Au(111),5.32,5.174799948,12.446,483.87,28,1.0,0,0.25,311.078,319.1282666,3.97427778,0,0.7,-0.02,71.06,0.835,0.0,4.337445108,2.0514,60.0,0,298,3.1,0,682.1804819,1.591434542,0.1338,3.0,483.87,3_483.87,,,,,
protic_2014,Effect of ion structure on nanoscale friction in protic ionic liquids,reference/Lubrication/Extracted/2014-Rutland-Effect of ion structure on nanoscale friction in protic ionic liquids.pdf,/Users/julyanffzz/项目/Ioniclink/reference/Lubrication/Extracted/2014-Rutland-Effect of ion structure on nanoscale friction in protic ionic liquids.pdf,,high,matched_local_reference,protic_ion_structure_2014,[DMEA]+ [F]- / compound=zero / surface=mica / potential=0.0 / velocity=30.0,"Protic ionic-liquid ion-structure series on mica/silica, covering EA/PA/DMEA/EtA nitrate/formate systems.",film,film+dataset0312.csv,110,True,[DMEA]+,[F]-,zero,mica,1.053533191,2.824148313,-0.8492,74.147,1,30.0,0,0.0,45.017,17.60964047,2.091441062,1,1.77,-0.16,40.13,0.0569,4.44,2.539538861,-1.6339,0.0,0,298,100.0,0,10.26466251,2.187496097,1.778169014,7.0,74.147,7_74.147,,,,,
ean_mica_2012,Ionic liquid nanotribology: mica-silica interactions in ethylammonium nitrate,reference/Lubrication/Extracted/2012-rutland-Ionic liquid nanotribology mica–silica interactions in ethylammonium nitrate.pdf,/Users/julyanffzz/项目/Ioniclink/reference/Lubrication/Extracted/2012-rutland-Ionic liquid nanotribology mica–silica interactions in ethylammonium nitrate.pdf,10.1039/C2SM25620K,high,matched_local_reference,ean_mica_silica_2012,[EA]+ [N]- / compound=zero / surface=mica / potential=0.0 / velocity=1.0,"EAN on mica/silica nanotribology system. Some EAN rows overlap ion-structure comparisons, but this is the EAN-specific primary paper in the local Lubrication corpus.",film,film+dataset0312.csv,111,True,[EA]+,[N]-,zero,mica,0.1,2.431285504,-0.7518,46.093,0,1.0,0,0.0,62.004,2.754887502,2.192174955,1,1.77,-0.16,66.2,0.0569,27.64,1.632993162,-0.2391,0.0,0,298,100.0,0,26.26466251,2.803039488,0.019871158,1.0,46.093,1_46.093,,,,,
graphite_2021,Potential-Dependent Superlubricity of Ionic Liquids on a Graphite Surface,reference/Lubrication/2021-atkin-potential-dependent-superlubricity-of-ionic-liquids-on-a-graphite-surface.pdf,/Users/julyanffzz/项目/Ioniclink/reference/Lubrication/2021-atkin-potential-dependent-superlubricity-of-ionic-liquids-on-a-graphite-surface.pdf,10.1021/acs.jpcc.0c10804,high,matched_local_reference,phosphonium_hopg_graphite,"[P6,6,6,14]+ [TFSI]- / compound=zero / surface=HOPG / potential=-1.0 / velocity=6.0",HOPG phosphonium ionic-liquid comparison series from the graphite potential-dependent superlubricity paper.,film,film+dataset0312.csv,112,True,"[P6,6,6,14]+",[TFSI]-,zero,HOPG,3.0,5.174799948,12.446,483.87,28,6.0,0,-1.0,280.147,319.1282666,3.359227186,0,0.05,-0.0002,82.38,0.89,0.0,4.337445108,1.0593,85.0,0,298,100.0,0,384.7328028,5.284512596,0.006,0.0,483.87,0_483.87,,,,,
ean_mica_2012,Ionic liquid nanotribology: mica-silica interactions in ethylammonium nitrate,reference/Lubrication/Extracted/2012-rutland-Ionic liquid nanotribology mica–silica interactions in ethylammonium nitrate.pdf,/Users/julyanffzz/项目/Ioniclink/reference/Lubrication/Extracted/2012-rutland-Ionic liquid nanotribology mica–silica interactions in ethylammonium nitrate.pdf,10.1039/C2SM25620K,high,matched_local_reference,ean_mica_silica_2012,[EA]+ [N]- / compound=zero / surface=mica / potential=0.0 / velocity=40.0,"EAN on mica/silica nanotribology system. Some EAN rows overlap ion-structure comparisons, but this is the EAN-specific primary paper in the local Lubrication corpus.",film,film+dataset0312.csv,113,True,[EA]+,[N]-,zero,mica,0.4,2.431285504,-0.7518,46.093,0,40.0,0,0.0,62.004,2.754887502,2.192174955,1,1.77,-0.16,66.2,0.0569,27.64,1.632993162,-0.2391,0.0,0,298,100.0,0,26.26466251,2.803039488,0.14,3.0,46.093,3_46.093,,,,,
bmim_surfaces_2022,Ionic liquids on uncharged and charged surfaces: in situ microstructures and nanofriction,reference/Lubrication/2022-Ionic liquids on uncharged and charged surfaces In situ.pdf,/Users/julyanffzz/项目/Ioniclink/reference/Lubrication/2022-Ionic liquids on uncharged and charged surfaces In situ.pdf,10.1007/s40544-021-0566-5,high,matched_local_reference,bmim_bf4_pf6_mica_hopg,[BMIm]+ [PF6]- / compound=zero / surface=HOPG / potential=0.0 / velocity=20.0,BMIM BF4/PF6 on uncharged mica and HOPG with in situ microstructures and nanofriction.,film,film+dataset0312.csv,114,True,[BMIm]+,[PF6]-,zero,HOPG,7.0,3.310978931,1.1127,139.222,3,20.0,0,0.0,144.962,190.8925906,2.529372901,0,0.05,-0.0002,0.0,0.89,8.81,2.422977778,3.3824,85.0,0,298,100.0,1,62.74506838,4.431293675,0.0013,0.0,139.222,0_139.222,,,,,
bmim_aot_water_2025,Potential-dependent superlubricity of stainless steel and Au(111) using a water-in-surface-active ionic liquid mixture,reference/Lubrication/Extracted/2025-Potential-dependent superlubricity of stainless steel and Au(111) using a.pdf,/Users/julyanffzz/项目/Ioniclink/reference/Lubrication/Extracted/2025-Potential-dependent superlubricity of stainless steel and Au(111) using a.pdf,,high,matched_local_reference,bmim_aot_h2o_au_stainless,[BMIm]+ [AOT]- / compound=H2O / surface=Au(111) / potential=1.0 / velocity=6.0,1.6 M [BMIm][AOT] water-in-surface-active ionic liquid mixture on Au(111)/stainless steel.,film,film+dataset0312.csv,115,True,[BMIm]+,[AOT]-,H2O,Au(111),3.29,3.310978931,1.1127,139.222,3,6.0,0,1.0,421.576,190.8925906,4.637037402,0,0.7,-0.02,109.8,0.2,8.81,2.422977778,3.8095,60.0,1,298,16.5,1,544.7574562,4.726289834,0.001,0.0,139.222,0_139.222,,,,,
surface_active_2024,Surface-active ionic liquids as lubricant additives to hexadecane and diethyl succinate,reference/Lubrication/Extracted/Surface-active ionic liquids as lubricant additives to hexadecane and diethyl succinate.pdf,/Users/julyanffzz/项目/Ioniclink/reference/Lubrication/Extracted/Surface-active ionic liquids as lubricant additives to hexadecane and diethyl succinate.pdf,,high,matched_local_reference,p66614_aot_ds_stainless_additives,"[P6,6,6,14]+ [AOT]- / compound=hexadecane / surface=stainless steel / potential=0.0 / velocity=6.0",Surface-active phosphonium AOT/DS additives in hexadecane or diethyl succinate on stainless steel.,film,film+dataset0312.csv,116,True,"[P6,6,6,14]+",[AOT]-,hexadecane,stainless steel,1.05,5.174799948,12.446,483.87,28,6.0,1,0.0,421.576,319.1282666,4.637037402,0,0.07,0.01,109.8,0.9,0.0,4.337445108,3.8095,72.0,0,298,1.299,0,544.7574562,4.726289834,0.54,5.0,483.87,5_483.87,,,,,
ean_mica_2012,Ionic liquid nanotribology: mica-silica interactions in ethylammonium nitrate,reference/Lubrication/Extracted/2012-rutland-Ionic liquid nanotribology mica–silica interactions in ethylammonium nitrate.pdf,/Users/julyanffzz/项目/Ioniclink/reference/Lubrication/Extracted/2012-rutland-Ionic liquid nanotribology mica–silica interactions in ethylammonium nitrate.pdf,10.1039/C2SM25620K,high,matched_local_reference,ean_mica_silica_2012,[EA]+ [N]- / compound=zero / surface=mica / potential=0.0 / velocity=20.0,"EAN on mica/silica nanotribology system. Some EAN rows overlap ion-structure comparisons, but this is the EAN-specific primary paper in the local Lubrication corpus.",film,film+dataset0312.csv,117,True,[EA]+,[N]-,zero,mica,0.28,2.431285504,-0.7518,46.093,0,20.0,0,0.0,62.004,2.754887502,2.192174955,1,1.77,-0.16,66.2,0.0569,27.64,1.632993162,-0.2391,0.0,0,369,100.0,0,26.26466251,2.803039488,0.309,4.0,46.093,4_46.093,,,,,
bmb_pc_2020,Electroresponsive structuring and friction of a non-halogenated ionic liquid in a polar solvent: effect of concentration,reference/Lubrication/3.10/2020-Rutland-Electroresponsive structuring and friction of a non-halogenated ionic liquid in a polar solvent effect of concentration.pdf,/Users/julyanffzz/项目/Ioniclink/reference/Lubrication/3.10/2020-Rutland-Electroresponsive structuring and friction of a non-halogenated ionic liquid in a polar solvent effect of concentration.pdf,10.1039/D0CP02736G,high,matched_local_reference,p66614_bmb_pc_au,"[P6,6,6,14]+ [BMB]- / compound=PC / surface=Au(111) / potential=-0.12 / velocity=6.0","Exact P6,6,6,14 BMB in propylene carbonate on Au(111), matching the 2020 electroresponsive PC/gold paper.",film,film+dataset0312.csv,118,True,"[P6,6,6,14]+",[BMB]-,PC,Au(111),2.81,5.174799948,12.446,483.87,28,6.0,0,-0.12,311.078,319.1282666,3.97427778,0,0.7,-0.02,71.06,0.835,0.0,4.337445108,2.0514,60.0,0,298,3.1,0,682.1804819,1.591434542,0.1229,3.0,483.87,3_483.87,,,,,
hydrogen_bond_2020,Effect of Hydrogen Bonding between Ions of Like Charge on the Boundary Layer Friction of Hydroxy-Functionalized Ionic Liquids,reference/Lubrication/Extracted/2020-atkin-Effect of Hydrogen Bonding between Ions of Like Charge on the.pdf,/Users/julyanffzz/项目/Ioniclink/reference/Lubrication/Extracted/2020-atkin-Effect of Hydrogen Bonding between Ions of Like Charge on the.pdf,,high,matched_local_reference,hydroxy_functionalized_mica,[HOC4MPip]+ [TFSI]- / compound=zero / surface=mica / potential=0.0 / velocity=6.0,Hydroxy-functionalized ionic liquids on mica; same-charge hydrogen-bonding boundary-layer friction paper.,film,film+dataset0312.csv,119,True,[HOC4MPip]+,[TFSI]-,zero,mica,1.608,3.589900502,1.3894,172.292,4,6.0,0,0.0,280.147,119.0069869,3.359227186,1,1.77,-0.16,82.38,0.0569,20.23,2.172199717,1.0593,0.0,0,293,100.0,1,384.7328028,5.284512596,0.16,3.0,172.292,3_172.292,,,,,
protic_2014,Effect of ion structure on nanoscale friction in protic ionic liquids,reference/Lubrication/Extracted/2014-Rutland-Effect of ion structure on nanoscale friction in protic ionic liquids.pdf,/Users/julyanffzz/项目/Ioniclink/reference/Lubrication/Extracted/2014-Rutland-Effect of ion structure on nanoscale friction in protic ionic liquids.pdf,,high,matched_local_reference,protic_ion_structure_2014,[EA]+ [F]- / compound=zero / surface=mica / potential=0.0 / velocity=40.0,"Protic ionic-liquid ion-structure series on mica/silica, covering EA/PA/DMEA/EtA nitrate/formate systems.",film,film+dataset0312.csv,120,True,[EA]+,[F]-,zero,mica,0.537074148,2.431285504,-0.7518,46.093,0,40.0,0,0.0,45.017,2.754887502,2.091441062,1,1.77,-0.16,40.13,0.0569,27.64,1.632993162,-1.6339,0.0,0,298,100.0,0,10.26466251,2.187496097,1.1,6.0,46.093,6_46.093,,,,,
protic_2014,Effect of ion structure on nanoscale friction in protic ionic liquids,reference/Lubrication/Extracted/2014-Rutland-Effect of ion structure on nanoscale friction in protic ionic liquids.pdf,/Users/julyanffzz/项目/Ioniclink/reference/Lubrication/Extracted/2014-Rutland-Effect of ion structure on nanoscale friction in protic ionic liquids.pdf,,high,matched_local_reference,protic_ion_structure_2014,[EtA]+ [N]- / compound=zero / surface=mica / potential=0.0 / velocity=30.0,"Protic ionic-liquid ion-structure series on mica/silica, covering EA/PA/DMEA/EtA nitrate/formate systems.",film,film+dataset0312.csv,121,True,[EtA]+,[N]-,zero,mica,2.837894737,2.543129445,-1.7794,62.092,1,30.0,0,0.0,62.004,8.0,2.192174955,1,1.77,-0.16,66.2,0.0569,47.87,1.974744871,-0.2391,0.0,0,298,100.0,1,26.26466251,2.803039488,2.667253521,7.0,62.092,7_62.092,,,,,
bmb_pc_2020,Electroresponsive structuring and friction of a non-halogenated ionic liquid in a polar solvent: effect of concentration,reference/Lubrication/3.10/2020-Rutland-Electroresponsive structuring and friction of a non-halogenated ionic liquid in a polar solvent effect of concentration.pdf,/Users/julyanffzz/项目/Ioniclink/reference/Lubrication/3.10/2020-Rutland-Electroresponsive structuring and friction of a non-halogenated ionic liquid in a polar solvent effect of concentration.pdf,10.1039/D0CP02736G,high,matched_local_reference,p66614_bmb_pc_au,"[P6,6,6,14]+ [BMB]- / compound=PC / surface=Au(111) / potential=-1.0 / velocity=12.0","Exact P6,6,6,14 BMB in propylene carbonate on Au(111), matching the 2020 electroresponsive PC/gold paper.",film,film+dataset0312.csv,122,True,"[P6,6,6,14]+",[BMB]-,PC,Au(111),2.9,5.174799948,12.446,483.87,28,12.0,0,-1.0,311.078,319.1282666,3.97427778,0,0.7,-0.02,71.06,0.835,0.0,4.337445108,2.0514,60.0,0,298,3.1,0,682.1804819,1.591434542,0.0987,2.0,483.87,2_483.87,,,,,
stainless_2017,Ionic Liquid Lubrication of Stainless Steel: Friction is Inversely Correlated with Interfacial Liquid Nanostructure,reference/Lubrication/2017-atkin-Ionic Liquid Lubrication of Stainless Steel  Friction is Inversely Correlated with Interfacial Liquid Nanostructure.pdf,/Users/julyanffzz/项目/Ioniclink/reference/Lubrication/2017-atkin-Ionic Liquid Lubrication of Stainless Steel  Friction is Inversely Correlated with Interfacial Liquid Nanostructure.pdf,10.1021/acsnano.7b01839,high,matched_local_reference,stainless_2017_table_series,"[P6,6,6,14]+ [TFSI]- / compound=zero / surface=stainless steel / potential=0.0 / velocity=6.0","Stainless steel Table/Figure series covering HMIM FAP, HMIM I, P4,4,4,1 TFSI, P6,6,6,14 i(C8)2PO2, and P6,6,6,14 TFSI.",film,film+dataset0312.csv,123,True,"[P6,6,6,14]+",[TFSI]-,zero,stainless steel,1.224080268,5.174799948,12.446,483.87,28,6.0,1,0.0,280.147,319.1282666,3.359227186,0,0.07,0.01,82.38,0.89,0.0,4.337445108,1.0593,72.0,0,298,100.0,0,384.7328028,5.284512596,0.39,4.0,483.87,4_483.87,,,,,
superlubricity_hopg_2014,An ionic liquid lubricant enables superlubricity to be switched on in situ using an electrical potential,reference/Lubrication/3.10/2014-atkin-An ionic liquid lubricant enables superlubricity to be “switched on” in situ usin.pdf,/Users/julyanffzz/项目/Ioniclink/reference/Lubrication/3.10/2014-atkin-An ionic liquid lubricant enables superlubricity to be “switched on” in situ usin.pdf,10.1039/C4CC00979G,high,matched_local_reference,hmim_fap_hopg,[HMIM]+ [FAP]- / compound=zero / surface=HOPG / potential=0.0 / velocity=6.0,[HMIM][FAP] on HOPG potential-dependent superlubricity system.,film,film+dataset0312.csv,124,True,[HMIM]+,[FAP]-,zero,HOPG,0.372,3.540263249,1.8929,167.276,5,6.0,0,0.0,445.004,215.3680851,3.775688868,0,0.05,-0.0002,0.0,0.89,8.81,2.153242802,7.1942,85.0,0,298,100.0,1,468.4882895,7.871070033,0.019,1.0,167.276,1_167.276,,,,,
bmb_pc_2020,Electroresponsive structuring and friction of a non-halogenated ionic liquid in a polar solvent: effect of concentration,reference/Lubrication/3.10/2020-Rutland-Electroresponsive structuring and friction of a non-halogenated ionic liquid in a polar solvent effect of concentration.pdf,/Users/julyanffzz/项目/Ioniclink/reference/Lubrication/3.10/2020-Rutland-Electroresponsive structuring and friction of a non-halogenated ionic liquid in a polar solvent effect of concentration.pdf,10.1039/D0CP02736G,high,matched_local_reference,p66614_bmb_pc_au,"[P6,6,6,14]+ [BMB]- / compound=PC / surface=Au(111) / potential=-0.12 / velocity=12.0","Exact P6,6,6,14 BMB in propylene carbonate on Au(111), matching the 2020 electroresponsive PC/gold paper.",film,film+dataset0312.csv,125,True,"[P6,6,6,14]+",[BMB]-,PC,Au(111),2.48,5.174799948,12.446,483.87,28,12.0,0,-0.12,311.078,319.1282666,3.97427778,0,0.7,-0.02,71.06,0.835,0.0,4.337445108,2.0514,60.0,0,298,0.67,0,682.1804819,1.591434542,0.1149,3.0,483.87,3_483.87,,,,,
bmim_surfaces_2022,Ionic liquids on uncharged and charged surfaces: in situ microstructures and nanofriction,reference/Lubrication/2022-Ionic liquids on uncharged and charged surfaces In situ.pdf,/Users/julyanffzz/项目/Ioniclink/reference/Lubrication/2022-Ionic liquids on uncharged and charged surfaces In situ.pdf,10.1007/s40544-021-0566-5,high,matched_local_reference,bmim_bf4_pf6_mica_hopg,[BMIm]+ [PF6]- / compound=zero / surface=mica / potential=0.0 / velocity=20.0,BMIM BF4/PF6 on uncharged mica and HOPG with in situ microstructures and nanofriction.,film,film+dataset0312.csv,126,True,[BMIm]+,[PF6]-,zero,mica,0.0,3.310978931,1.1127,139.222,3,20.0,0,0.0,144.962,190.8925906,2.529372901,0,1.77,-0.16,0.0,0.66,8.81,2.422977778,3.3824,0.0,0,298,0.0,1,62.74506838,4.431293675,0.03,1.0,139.222,1_139.222,,,,,
graphite_2021,Potential-Dependent Superlubricity of Ionic Liquids on a Graphite Surface,reference/Lubrication/2021-atkin-potential-dependent-superlubricity-of-ionic-liquids-on-a-graphite-surface.pdf,/Users/julyanffzz/项目/Ioniclink/reference/Lubrication/2021-atkin-potential-dependent-superlubricity-of-ionic-liquids-on-a-graphite-surface.pdf,10.1021/acs.jpcc.0c10804,high,matched_local_reference,phosphonium_hopg_graphite,"[P4,4,4,1 ]+ [TFSI]- / compound=zero / surface=HOPG / potential=-1.0 / velocity=6.0",HOPG phosphonium ionic-liquid comparison series from the graphite potential-dependent superlubricity paper.,film,film+dataset0312.csv,127,True,"[P4,4,4,1 ]+",[TFSI]-,zero,HOPG,2.4,3.951373459,5.0341,217.357,9,6.0,0,-1.0,280.147,98.62953293,3.359227186,0,0.05,-0.0002,82.38,0.89,0.0,3.889782595,1.0593,85.0,0,298,100.0,0,384.7328028,5.284512596,0.018,1.0,217.357,1_217.357,,,,,
ean_mica_2012,Ionic liquid nanotribology: mica-silica interactions in ethylammonium nitrate,reference/Lubrication/Extracted/2012-rutland-Ionic liquid nanotribology mica–silica interactions in ethylammonium nitrate.pdf,/Users/julyanffzz/项目/Ioniclink/reference/Lubrication/Extracted/2012-rutland-Ionic liquid nanotribology mica–silica interactions in ethylammonium nitrate.pdf,10.1039/C2SM25620K,high,matched_local_reference,ean_mica_silica_2012,[EA]+ [N]- / compound=zero / surface=mica / potential=0.0 / velocity=5.0,"EAN on mica/silica nanotribology system. Some EAN rows overlap ion-structure comparisons, but this is the EAN-specific primary paper in the local Lubrication corpus.",film,film+dataset0312.csv,128,True,[EA]+,[N]-,zero,mica,0.4,2.431285504,-0.7518,46.093,0,5.0,0,0.0,62.004,2.754887502,2.192174955,1,1.77,-0.16,66.2,0.0569,27.64,1.632993162,-0.2391,0.0,0,298,100.0,0,26.26466251,2.803039488,0.14,3.0,46.093,3_46.093,,,,,
surface_active_2024,Surface-active ionic liquids as lubricant additives to hexadecane and diethyl succinate,reference/Lubrication/Extracted/Surface-active ionic liquids as lubricant additives to hexadecane and diethyl succinate.pdf,/Users/julyanffzz/项目/Ioniclink/reference/Lubrication/Extracted/Surface-active ionic liquids as lubricant additives to hexadecane and diethyl succinate.pdf,,high,matched_local_reference,p66614_aot_ds_stainless_additives,"[P6,6,6,14]+ [AOT]- / compound=(CH2CO2Et)2 / surface=stainless steel / potential=0.0 / velocity=6.0",Surface-active phosphonium AOT/DS additives in hexadecane or diethyl succinate on stainless steel.,film,film+dataset0312.csv,129,True,"[P6,6,6,14]+",[AOT]-,(CH2CO2Et)2,stainless steel,0.58,5.174799948,12.446,483.87,28,6.0,1,0.0,421.576,319.1282666,4.637037402,0,0.07,0.01,109.8,0.9,0.0,4.337445108,3.8095,72.0,0,298,0.391,0,544.7574562,4.726289834,0.36,4.0,483.87,4_483.87,,,,,
protic_2014,Effect of ion structure on nanoscale friction in protic ionic liquids,reference/Lubrication/Extracted/2014-Rutland-Effect of ion structure on nanoscale friction in protic ionic liquids.pdf,/Users/julyanffzz/项目/Ioniclink/reference/Lubrication/Extracted/2014-Rutland-Effect of ion structure on nanoscale friction in protic ionic liquids.pdf,,high,matched_local_reference,protic_ion_structure_2014,[EtA]+ [N]- / compound=zero / surface=mica / potential=0.0 / velocity=5.0,"Protic ionic-liquid ion-structure series on mica/silica, covering EA/PA/DMEA/EtA nitrate/formate systems.",film,film+dataset0312.csv,130,True,[EtA]+,[N]-,zero,mica,0.437894737,2.543129445,-1.7794,62.092,1,5.0,0,0.0,62.004,8.0,2.192174955,1,1.77,-0.16,66.2,0.0569,47.87,1.974744871,-0.2391,0.0,0,298,100.0,1,26.26466251,2.803039488,0.643037975,5.0,62.092,5_62.092,,,,,
bmim_surfaces_2022,Ionic liquids on uncharged and charged surfaces: in situ microstructures and nanofriction,reference/Lubrication/2022-Ionic liquids on uncharged and charged surfaces In situ.pdf,/Users/julyanffzz/项目/Ioniclink/reference/Lubrication/2022-Ionic liquids on uncharged and charged surfaces In situ.pdf,10.1007/s40544-021-0566-5,high,matched_local_reference,bmim_bf4_pf6_mica_hopg,[BMIm]+ [BF4]- / compound=zero / surface=HOPG / potential=0.0 / velocity=20.0,BMIM BF4/PF6 on uncharged mica and HOPG with in situ microstructures and nanofriction.,film,film+dataset0312.csv,131,True,[BMIm]+,[BF4]-,zero,HOPG,6.5,3.310978931,1.1127,139.222,3,20.0,0,0.0,86.804,190.8925906,2.328453731,0,0.05,-0.0002,0.0,0.89,8.81,2.422977778,1.3,85.0,0,298,100.0,1,19.11941548,3.023715784,0.0017,0.0,139.222,0_139.222,,,,,
bmim_surfaces_2022,Ionic liquids on uncharged and charged surfaces: in situ microstructures and nanofriction,reference/Lubrication/2022-Ionic liquids on uncharged and charged surfaces In situ.pdf,/Users/julyanffzz/项目/Ioniclink/reference/Lubrication/2022-Ionic liquids on uncharged and charged surfaces In situ.pdf,10.1007/s40544-021-0566-5,high,matched_local_reference,bmim_bf4_pf6_mica_hopg,[BMIm]+ [PF6]- / compound=zero / surface=mica / potential=0.0 / velocity=20.0,BMIM BF4/PF6 on uncharged mica and HOPG with in situ microstructures and nanofriction.,film,film+dataset0312.csv,132,True,[BMIm]+,[PF6]-,zero,mica,2.0,3.310978931,1.1127,139.222,3,20.0,0,0.0,144.962,190.8925906,2.529372901,0,1.77,-0.16,0.0,0.66,8.81,2.422977778,3.3824,0.0,0,298,100.0,1,62.74506838,4.431293675,0.1,2.0,139.222,2_139.222,,,,,
polymeric_2022,Interfacial nanostructure and friction of a polymeric ionic liquid-ionic liquid mixture as a function of potential at Au(111) electrode interface,reference/Lubrication/Extracted/Interfacial nanostructure and friction of a polymeric ionic liquid-ionic.pdf,/Users/julyanffzz/项目/Ioniclink/reference/Lubrication/Extracted/Interfacial nanostructure and friction of a polymeric ionic liquid-ionic.pdf,10.1016/j.jcis.2021.08.067,high,matched_local_reference,bmim_tfsi_polymeric_au,[BMIm]+ [TFSI]- / compound=zero / surface=Au(111) / potential=0.0 / velocity=6.0,"BMIM TFSI and PIL/BMIM TFSI mixture on Au(111), matching the 2022 polymeric ionic-liquid mixture study.",film,film+dataset0312.csv,133,True,[BMIm]+,[TFSI]-,zero,Au(111),1.548099078,3.310978931,1.1127,139.222,3,6.0,0,0.0,280.147,190.8925906,3.359227186,0,0.7,-0.02,82.38,1.0,8.81,2.422977778,1.0593,60.0,0,298,100.0,1,384.7328028,5.284512596,0.092,2.0,139.222,2_139.222,,,,,
surface_active_2024,Surface-active ionic liquids as lubricant additives to hexadecane and diethyl succinate,reference/Lubrication/Extracted/Surface-active ionic liquids as lubricant additives to hexadecane and diethyl succinate.pdf,/Users/julyanffzz/项目/Ioniclink/reference/Lubrication/Extracted/Surface-active ionic liquids as lubricant additives to hexadecane and diethyl succinate.pdf,,high,matched_local_reference,p66614_aot_ds_stainless_additives,"[P6,6,6,14]+ [AOT]- / compound=(CH2CO2Et)2 / surface=stainless steel / potential=-0.76 / velocity=6.0",Surface-active phosphonium AOT/DS additives in hexadecane or diethyl succinate on stainless steel.,film,film+dataset0312.csv,134,True,"[P6,6,6,14]+",[AOT]-,(CH2CO2Et)2,stainless steel,0.69,5.174799948,12.446,483.87,28,6.0,1,-0.76,421.576,319.1282666,4.637037402,0,0.07,0.01,109.8,0.9,0.0,4.337445108,3.8095,72.0,0,298,1.002,0,544.7574562,4.726289834,0.57,5.0,483.87,5_483.87,,,,,
ean_mica_2012,Ionic liquid nanotribology: mica-silica interactions in ethylammonium nitrate,reference/Lubrication/Extracted/2012-rutland-Ionic liquid nanotribology mica–silica interactions in ethylammonium nitrate.pdf,/Users/julyanffzz/项目/Ioniclink/reference/Lubrication/Extracted/2012-rutland-Ionic liquid nanotribology mica–silica interactions in ethylammonium nitrate.pdf,10.1039/C2SM25620K,high,matched_local_reference,ean_mica_silica_2012,[EA]+ [N]- / compound=zero / surface=mica / potential=0.0 / velocity=10.0,"EAN on mica/silica nanotribology system. Some EAN rows overlap ion-structure comparisons, but this is the EAN-specific primary paper in the local Lubrication corpus.",film,film+dataset0312.csv,135,True,[EA]+,[N]-,zero,mica,0.28,2.431285504,-0.7518,46.093,0,10.0,0,0.0,62.004,2.754887502,2.192174955,1,1.77,-0.16,66.2,0.0569,27.64,1.632993162,-0.2391,0.0,0,339,100.0,0,26.26466251,2.803039488,0.303,4.0,46.093,4_46.093,,,,,
polymeric_2022,Interfacial nanostructure and friction of a polymeric ionic liquid-ionic liquid mixture as a function of potential at Au(111) electrode interface,reference/Lubrication/Extracted/Interfacial nanostructure and friction of a polymeric ionic liquid-ionic.pdf,/Users/julyanffzz/项目/Ioniclink/reference/Lubrication/Extracted/Interfacial nanostructure and friction of a polymeric ionic liquid-ionic.pdf,10.1016/j.jcis.2021.08.067,high,matched_local_reference,bmim_tfsi_polymeric_au,[BMIm]+ [TFSI]- / compound=zero / surface=Au(111) / potential=-1.0 / velocity=6.0,"BMIM TFSI and PIL/BMIM TFSI mixture on Au(111), matching the 2022 polymeric ionic-liquid mixture study.",film,film+dataset0312.csv,136,True,[BMIm]+,[TFSI]-,zero,Au(111),0.692108295,3.310978931,1.1127,139.222,3,6.0,0,-1.0,280.147,190.8925906,3.359227186,0,0.7,-0.02,82.38,1.0,8.81,2.422977778,1.0593,60.0,0,298,100.0,1,384.7328028,5.284512596,0.006,0.0,139.222,0_139.222,,,,,
protic_2014,Effect of ion structure on nanoscale friction in protic ionic liquids,reference/Lubrication/Extracted/2014-Rutland-Effect of ion structure on nanoscale friction in protic ionic liquids.pdf,/Users/julyanffzz/项目/Ioniclink/reference/Lubrication/Extracted/2014-Rutland-Effect of ion structure on nanoscale friction in protic ionic liquids.pdf,,high,matched_local_reference,protic_ion_structure_2014,[PA]+ [N]- / compound=zero / surface=mica / potential=0.0 / velocity=30.0,"Protic ionic-liquid ion-structure series on mica/silica, covering EA/PA/DMEA/EtA nitrate/formate systems.",film,film+dataset0312.csv,137,True,[PA]+,[N]-,zero,mica,3.206680585,2.642365161,-0.3617,60.12,1,30.0,0,0.0,62.004,5.245112498,2.192174955,1,1.77,-0.16,66.2,0.0569,27.64,1.974744871,-0.2391,0.0,0,298,100.0,0,26.26466251,2.803039488,3.970070423,7.0,60.12,7_60.12,,,,,
polymeric_2022,Interfacial nanostructure and friction of a polymeric ionic liquid-ionic liquid mixture as a function of potential at Au(111) electrode interface,reference/Lubrication/Extracted/Interfacial nanostructure and friction of a polymeric ionic liquid-ionic.pdf,/Users/julyanffzz/项目/Ioniclink/reference/Lubrication/Extracted/Interfacial nanostructure and friction of a polymeric ionic liquid-ionic.pdf,10.1016/j.jcis.2021.08.067,high,matched_local_reference,bmim_tfsi_polymeric_au,[BMIm]+ [TFSI]- / compound=zero / surface=Au(111) / potential=-1.0 / velocity=6.0,"BMIM TFSI and PIL/BMIM TFSI mixture on Au(111), matching the 2022 polymeric ionic-liquid mixture study.",film,film+dataset0312.csv,138,True,[BMIm]+,[TFSI]-,zero,Au(111),1.543490783,3.310978931,1.1127,139.222,3,6.0,0,-1.0,280.147,190.8925906,3.359227186,0,0.7,-0.02,82.38,1.0,8.81,2.422977778,1.0593,60.0,0,298,100.0,1,384.7328028,5.284512596,0.135,3.0,139.222,3_139.222,,,,,
superlubricity_hopg_2014,An ionic liquid lubricant enables superlubricity to be switched on in situ using an electrical potential,reference/Lubrication/3.10/2014-atkin-An ionic liquid lubricant enables superlubricity to be “switched on” in situ usin.pdf,/Users/julyanffzz/项目/Ioniclink/reference/Lubrication/3.10/2014-atkin-An ionic liquid lubricant enables superlubricity to be “switched on” in situ usin.pdf,10.1039/C4CC00979G,high,matched_local_reference,hmim_fap_hopg,[HMIM]+ [FAP]- / compound=zero / surface=HOPG / potential=1.5 / velocity=6.0,[HMIM][FAP] on HOPG potential-dependent superlubricity system.,film,film+dataset0312.csv,139,True,[HMIM]+,[FAP]-,zero,HOPG,3.872727273,3.540263249,1.8929,167.276,5,6.0,0,1.5,445.004,215.3680851,3.775688868,0,0.05,-0.0002,0.0,0.89,8.81,2.153242802,7.1942,85.0,0,298,100.0,1,468.4882895,7.871070033,0.001,0.0,167.276,0_167.276,,,,,
protic_2014,Effect of ion structure on nanoscale friction in protic ionic liquids,reference/Lubrication/Extracted/2014-Rutland-Effect of ion structure on nanoscale friction in protic ionic liquids.pdf,/Users/julyanffzz/项目/Ioniclink/reference/Lubrication/Extracted/2014-Rutland-Effect of ion structure on nanoscale friction in protic ionic liquids.pdf,,high,matched_local_reference,protic_ion_structure_2014,[PA]+ [F]- / compound=zero / surface=mica / potential=0.0 / velocity=40.0,"Protic ionic-liquid ion-structure series on mica/silica, covering EA/PA/DMEA/EtA nitrate/formate systems.",film,film+dataset0312.csv,140,True,[PA]+,[F]-,zero,mica,1.875,2.642365161,-0.3617,60.12,1,40.0,0,0.0,45.017,5.245112498,2.091441062,1,1.77,-0.16,40.13,0.0569,27.64,1.974744871,-1.6339,0.0,0,298,100.0,0,10.26466251,2.187496097,4.5,7.0,60.12,7_60.12,,,,,
bmim_surfaces_2022,Ionic liquids on uncharged and charged surfaces: in situ microstructures and nanofriction,reference/Lubrication/2022-Ionic liquids on uncharged and charged surfaces In situ.pdf,/Users/julyanffzz/项目/Ioniclink/reference/Lubrication/2022-Ionic liquids on uncharged and charged surfaces In situ.pdf,10.1007/s40544-021-0566-5,high,matched_local_reference,bmim_bf4_pf6_mica_hopg,[BMIm]+ [BF4]- / compound=zero / surface=mica / potential=0.0 / velocity=20.0,BMIM BF4/PF6 on uncharged mica and HOPG with in situ microstructures and nanofriction.,film,film+dataset0312.csv,141,True,[BMIm]+,[BF4]-,zero,mica,2.1,3.310978931,1.1127,139.222,3,20.0,0,0.0,86.804,190.8925906,2.328453731,0,1.77,-0.16,0.0,0.66,8.81,2.422977778,1.3,0.0,0,298,100.0,1,19.11941548,3.023715784,0.08,2.0,139.222,2_139.222,,,,,
protic_2014,Effect of ion structure on nanoscale friction in protic ionic liquids,reference/Lubrication/Extracted/2014-Rutland-Effect of ion structure on nanoscale friction in protic ionic liquids.pdf,/Users/julyanffzz/项目/Ioniclink/reference/Lubrication/Extracted/2014-Rutland-Effect of ion structure on nanoscale friction in protic ionic liquids.pdf,,high,matched_local_reference,protic_ion_structure_2014,[DMEA]+ [F]- / compound=zero / surface=mica / potential=0.0 / velocity=20.0,"Protic ionic-liquid ion-structure series on mica/silica, covering EA/PA/DMEA/EtA nitrate/formate systems.",film,film+dataset0312.csv,142,True,[DMEA]+,[F]-,zero,mica,1.053533191,2.824148313,-0.8492,74.147,1,20.0,0,0.0,45.017,17.60964047,2.091441062,1,1.77,-0.16,40.13,0.0569,4.44,2.539538861,-1.6339,0.0,0,298,100.0,0,10.26466251,2.187496097,1.875,7.0,74.147,7_74.147,,,,,
polymeric_2022,Interfacial nanostructure and friction of a polymeric ionic liquid-ionic liquid mixture as a function of potential at Au(111) electrode interface,reference/Lubrication/Extracted/Interfacial nanostructure and friction of a polymeric ionic liquid-ionic.pdf,/Users/julyanffzz/项目/Ioniclink/reference/Lubrication/Extracted/Interfacial nanostructure and friction of a polymeric ionic liquid-ionic.pdf,10.1016/j.jcis.2021.08.067,high,matched_local_reference,bmim_tfsi_polymeric_au,[BMIm]+ [TFSI]- / compound=zero / surface=Au(111) / potential=0.0 / velocity=6.0,"BMIM TFSI and PIL/BMIM TFSI mixture on Au(111), matching the 2022 polymeric ionic-liquid mixture study.",film,film+dataset0312.csv,143,True,[BMIm]+,[TFSI]-,zero,Au(111),2.285714286,3.310978931,1.1127,139.222,3,6.0,0,0.0,280.147,190.8925906,3.359227186,0,0.7,-0.02,82.38,1.0,8.81,2.422977778,1.0593,60.0,0,298,100.0,1,384.7328028,5.284512596,0.243,4.0,139.222,4_139.222,,,,,
protic_2014,Effect of ion structure on nanoscale friction in protic ionic liquids,reference/Lubrication/Extracted/2014-Rutland-Effect of ion structure on nanoscale friction in protic ionic liquids.pdf,/Users/julyanffzz/项目/Ioniclink/reference/Lubrication/Extracted/2014-Rutland-Effect of ion structure on nanoscale friction in protic ionic liquids.pdf,,high,matched_local_reference,protic_ion_structure_2014,[EtA]+ [N]- / compound=zero / surface=mica / potential=0.0 / velocity=10.0,"Protic ionic-liquid ion-structure series on mica/silica, covering EA/PA/DMEA/EtA nitrate/formate systems.",film,film+dataset0312.csv,144,True,[EtA]+,[N]-,zero,mica,0.437894737,2.543129445,-1.7794,62.092,1,10.0,0,0.0,62.004,8.0,2.192174955,1,1.77,-0.16,66.2,0.0569,47.87,1.974744871,-0.2391,0.0,0,298,100.0,1,26.26466251,2.803039488,0.678481013,5.0,62.092,5_62.092,,,,,
ean_mica_2012,Ionic liquid nanotribology: mica-silica interactions in ethylammonium nitrate,reference/Lubrication/Extracted/2012-rutland-Ionic liquid nanotribology mica–silica interactions in ethylammonium nitrate.pdf,/Users/julyanffzz/项目/Ioniclink/reference/Lubrication/Extracted/2012-rutland-Ionic liquid nanotribology mica–silica interactions in ethylammonium nitrate.pdf,10.1039/C2SM25620K,high,matched_local_reference,ean_mica_silica_2012,[EA]+ [N]- / compound=zero / surface=mica / potential=0.0 / velocity=20.0,"EAN on mica/silica nanotribology system. Some EAN rows overlap ion-structure comparisons, but this is the EAN-specific primary paper in the local Lubrication corpus.",film,film+dataset0312.csv,145,True,[EA]+,[N]-,zero,mica,0.28,2.431285504,-0.7518,46.093,0,20.0,0,0.0,62.004,2.754887502,2.192174955,1,1.77,-0.16,66.2,0.0569,27.64,1.632993162,-0.2391,0.0,0,339,100.0,0,26.26466251,2.803039488,0.32,4.0,46.093,4_46.093,,,,,
dicationic_2019,Interfacial Structure and Boundary Lubrication of a Dicationic Ionic Liquid,reference/Lubrication/Extracted/2019-Interfacial structure and boundary lubrication of a dicationic ionic liquid.pdf,/Users/julyanffzz/项目/Ioniclink/reference/Lubrication/Extracted/2019-Interfacial structure and boundary lubrication of a dicationic ionic liquid.pdf,,high,matched_local_reference,dicationic_tfsi_mica,[C10(C1Im)2]2+ [TFSI]- / compound=zero / surface=mica / potential=0.0 / velocity=0.052,Dicationic [C10(C1Im)2][TFSI] boundary lubrication between mica surfaces.,film,film+dataset0312.csv,146,True,[C10(C1Im)2]2+,[TFSI]-,zero,mica,2.4,4.268585015,2.8978,304.482,11,0.052,0,0.0,280.147,478.4344778,3.359227186,0,1.77,-0.16,82.38,0.0596,39.34,1.38550141,1.0593,0.0,0,298,100.0,0,384.7328028,5.284512596,0.028,1.0,304.482,1_304.482,,,,,
control_gold_2012,Control of Nanoscale Friction on Gold in an Ionic Liquid by a Potential-Dependent Ionic Lubricant Layer,reference/Lubrication/3.10/2012-Rutland-Control of Nanoscale Friction on Gold in an Ionic Liquid by a Potential-Dependent Ionic Lubricant Layer.pdf,/Users/julyanffzz/项目/Ioniclink/reference/Lubrication/3.10/2012-Rutland-Control of Nanoscale Friction on Gold in an Ionic Liquid by a Potential-Dependent Ionic Lubricant Layer.pdf,,high,matched_local_reference,py14_fap_au,"[Py1,4]+ [FAP]- / compound=zero / surface=Au(111) / potential=1.5 / velocity=6.0","Exact [Py1,4][FAP] on Au(111) potential-dependent lubricant layer system.",film,film+dataset0312.csv,147,True,"[Py1,4]+",[FAP]-,zero,Au(111),4.014337,3.423597497,2.0269,142.266,3,6.0,0,1.5,445.004,92.90138861,3.775688868,1,0.7,-0.02,0.0,1.0,0.0,2.21874475,7.1942,60.0,0,298,100.0,0,468.4882895,7.871070033,0.59,5.0,142.266,5_142.266,,,,,
protic_2014,Effect of ion structure on nanoscale friction in protic ionic liquids,reference/Lubrication/Extracted/2014-Rutland-Effect of ion structure on nanoscale friction in protic ionic liquids.pdf,/Users/julyanffzz/项目/Ioniclink/reference/Lubrication/Extracted/2014-Rutland-Effect of ion structure on nanoscale friction in protic ionic liquids.pdf,,high,matched_local_reference,protic_ion_structure_2014,[EtA]+ [N]- / compound=zero / surface=mica / potential=0.0 / velocity=40.0,"Protic ionic-liquid ion-structure series on mica/silica, covering EA/PA/DMEA/EtA nitrate/formate systems.",film,film+dataset0312.csv,148,True,[EtA]+,[N]-,zero,mica,2.837894737,2.543129445,-1.7794,62.092,1,40.0,0,0.0,62.004,8.0,2.192174955,1,1.77,-0.16,66.2,0.0569,47.87,1.974744871,-0.2391,0.0,0,298,100.0,1,26.26466251,2.803039488,2.9,7.0,62.092,7_62.092,,,,,
bmb_pc_2020,Electroresponsive structuring and friction of a non-halogenated ionic liquid in a polar solvent: effect of concentration,reference/Lubrication/3.10/2020-Rutland-Electroresponsive structuring and friction of a non-halogenated ionic liquid in a polar solvent effect of concentration.pdf,/Users/julyanffzz/项目/Ioniclink/reference/Lubrication/3.10/2020-Rutland-Electroresponsive structuring and friction of a non-halogenated ionic liquid in a polar solvent effect of concentration.pdf,10.1039/D0CP02736G,high,matched_local_reference,p66614_bmb_pc_au,"[P6,6,6,14]+ [BMB]- / compound=PC / surface=Au(111) / potential=-0.12 / velocity=12.0","Exact P6,6,6,14 BMB in propylene carbonate on Au(111), matching the 2020 electroresponsive PC/gold paper.",film,film+dataset0312.csv,149,True,"[P6,6,6,14]+",[BMB]-,PC,Au(111),2.81,5.174799948,12.446,483.87,28,12.0,0,-0.12,311.078,319.1282666,3.97427778,0,0.7,-0.02,71.06,0.835,0.0,4.337445108,2.0514,60.0,0,298,3.1,0,682.1804819,1.591434542,0.1096,2.0,483.87,2_483.87,,,,,
polymeric_2022,Interfacial nanostructure and friction of a polymeric ionic liquid-ionic liquid mixture as a function of potential at Au(111) electrode interface,reference/Lubrication/Extracted/Interfacial nanostructure and friction of a polymeric ionic liquid-ionic.pdf,/Users/julyanffzz/项目/Ioniclink/reference/Lubrication/Extracted/Interfacial nanostructure and friction of a polymeric ionic liquid-ionic.pdf,10.1016/j.jcis.2021.08.067,high,matched_local_reference,bmim_tfsi_polymeric_au,[BMIm]+ [TFSI]- / compound=zero / surface=Au(111) / potential=0.0 / velocity=6.0,"BMIM TFSI and PIL/BMIM TFSI mixture on Au(111), matching the 2022 polymeric ionic-liquid mixture study.",film,film+dataset0312.csv,150,True,[BMIm]+,[TFSI]-,zero,Au(111),0.719038018,3.310978931,1.1127,139.222,3,6.0,0,0.0,280.147,190.8925906,3.359227186,0,0.7,-0.02,82.38,1.0,8.81,2.422977778,1.0593,60.0,0,298,100.0,1,384.7328028,5.284512596,0.044,1.0,139.222,1_139.222,,,,,
bmim_surfaces_2022,Ionic liquids on uncharged and charged surfaces: in situ microstructures and nanofriction,reference/Lubrication/2022-Ionic liquids on uncharged and charged surfaces In situ.pdf,/Users/julyanffzz/项目/Ioniclink/reference/Lubrication/2022-Ionic liquids on uncharged and charged surfaces In situ.pdf,10.1007/s40544-021-0566-5,high,matched_local_reference,bmim_bf4_pf6_mica_hopg,[BMIm]+ [PF6]- / compound=zero / surface=HOPG / potential=0.0 / velocity=20.0,BMIM BF4/PF6 on uncharged mica and HOPG with in situ microstructures and nanofriction.,film,film+dataset0312.csv,151,True,[BMIm]+,[PF6]-,zero,HOPG,3.2,3.310978931,1.1127,139.222,3,20.0,0,0.0,144.962,190.8925906,2.529372901,0,0.05,-0.0002,0.0,0.89,8.81,2.422977778,3.3824,85.0,0,298,100.0,1,62.74506838,4.431293675,0.005,0.0,139.222,0_139.222,,,,,
bmb_pc_2020,Electroresponsive structuring and friction of a non-halogenated ionic liquid in a polar solvent: effect of concentration,reference/Lubrication/3.10/2020-Rutland-Electroresponsive structuring and friction of a non-halogenated ionic liquid in a polar solvent effect of concentration.pdf,/Users/julyanffzz/项目/Ioniclink/reference/Lubrication/3.10/2020-Rutland-Electroresponsive structuring and friction of a non-halogenated ionic liquid in a polar solvent effect of concentration.pdf,10.1039/D0CP02736G,high,matched_local_reference,p66614_bmb_pc_au,"[P6,6,6,14]+ [BMB]- / compound=PC / surface=Au(111) / potential=0.25 / velocity=12.0","Exact P6,6,6,14 BMB in propylene carbonate on Au(111), matching the 2020 electroresponsive PC/gold paper.",film,film+dataset0312.csv,152,True,"[P6,6,6,14]+",[BMB]-,PC,Au(111),5.32,5.174799948,12.446,483.87,28,12.0,0,0.25,311.078,319.1282666,3.97427778,0,0.7,-0.02,71.06,0.835,0.0,4.337445108,2.0514,60.0,0,298,3.1,0,682.1804819,1.591434542,0.1288,3.0,483.87,3_483.87,,,,,
bmb_pc_2020,Electroresponsive structuring and friction of a non-halogenated ionic liquid in a polar solvent: effect of concentration,reference/Lubrication/3.10/2020-Rutland-Electroresponsive structuring and friction of a non-halogenated ionic liquid in a polar solvent effect of concentration.pdf,/Users/julyanffzz/项目/Ioniclink/reference/Lubrication/3.10/2020-Rutland-Electroresponsive structuring and friction of a non-halogenated ionic liquid in a polar solvent effect of concentration.pdf,10.1039/D0CP02736G,high,matched_local_reference,p66614_bmb_pc_au,"[P6,6,6,14]+ [BMB]- / compound=PC / surface=Au(111) / potential=-1.0 / velocity=1.0","Exact P6,6,6,14 BMB in propylene carbonate on Au(111), matching the 2020 electroresponsive PC/gold paper.",film,film+dataset0312.csv,153,True,"[P6,6,6,14]+",[BMB]-,PC,Au(111),2.42,5.174799948,12.446,483.87,28,1.0,0,-1.0,311.078,319.1282666,3.97427778,0,0.7,-0.02,71.06,0.835,0.0,4.337445108,2.0514,60.0,0,298,0.67,0,682.1804819,1.591434542,0.0618,2.0,483.87,2_483.87,,,,,
bmim_surfaces_2022,Ionic liquids on uncharged and charged surfaces: in situ microstructures and nanofriction,reference/Lubrication/2022-Ionic liquids on uncharged and charged surfaces In situ.pdf,/Users/julyanffzz/项目/Ioniclink/reference/Lubrication/2022-Ionic liquids on uncharged and charged surfaces In situ.pdf,10.1007/s40544-021-0566-5,high,matched_local_reference,bmim_bf4_pf6_mica_hopg,[BMIm]+ [PF6]- / compound=zero / surface=mica / potential=0.0 / velocity=20.0,BMIM BF4/PF6 on uncharged mica and HOPG with in situ microstructures and nanofriction.,film,film+dataset0312.csv,154,True,[BMIm]+,[PF6]-,zero,mica,2.6,3.310978931,1.1127,139.222,3,20.0,0,0.0,144.962,190.8925906,2.529372901,0,1.77,-0.16,0.0,0.66,8.81,2.422977778,3.3824,0.0,0,298,100.0,1,62.74506838,4.431293675,0.09,2.0,139.222,2_139.222,,,,,
protic_2014,Effect of ion structure on nanoscale friction in protic ionic liquids,reference/Lubrication/Extracted/2014-Rutland-Effect of ion structure on nanoscale friction in protic ionic liquids.pdf,/Users/julyanffzz/项目/Ioniclink/reference/Lubrication/Extracted/2014-Rutland-Effect of ion structure on nanoscale friction in protic ionic liquids.pdf,,high,matched_local_reference,protic_ion_structure_2014,[EA]+ [F]- / compound=zero / surface=mica / potential=0.0 / velocity=30.0,"Protic ionic-liquid ion-structure series on mica/silica, covering EA/PA/DMEA/EtA nitrate/formate systems.",film,film+dataset0312.csv,155,True,[EA]+,[F]-,zero,mica,0.537074148,2.431285504,-0.7518,46.093,0,30.0,0,0.0,45.017,2.754887502,2.091441062,1,1.77,-0.16,40.13,0.0569,27.64,1.632993162,-1.6339,0.0,0,298,100.0,0,10.26466251,2.187496097,1.149367089,6.0,46.093,6_46.093,,,,,
protic_2014,Effect of ion structure on nanoscale friction in protic ionic liquids,reference/Lubrication/Extracted/2014-Rutland-Effect of ion structure on nanoscale friction in protic ionic liquids.pdf,/Users/julyanffzz/项目/Ioniclink/reference/Lubrication/Extracted/2014-Rutland-Effect of ion structure on nanoscale friction in protic ionic liquids.pdf,,high,matched_local_reference,protic_ion_structure_2014,[PA]+ [N]- / compound=zero / surface=mica / potential=0.0 / velocity=40.0,"Protic ionic-liquid ion-structure series on mica/silica, covering EA/PA/DMEA/EtA nitrate/formate systems.",film,film+dataset0312.csv,156,True,[PA]+,[N]-,zero,mica,3.206680585,2.642365161,-0.3617,60.12,1,40.0,0,0.0,62.004,5.245112498,2.192174955,1,1.77,-0.16,66.2,0.0569,27.64,1.974744871,-0.2391,0.0,0,298,100.0,0,26.26466251,2.803039488,4.4,7.0,60.12,7_60.12,,,,,
bmim_aot_water_2025,Potential-dependent superlubricity of stainless steel and Au(111) using a water-in-surface-active ionic liquid mixture,reference/Lubrication/Extracted/2025-Potential-dependent superlubricity of stainless steel and Au(111) using a.pdf,/Users/julyanffzz/项目/Ioniclink/reference/Lubrication/Extracted/2025-Potential-dependent superlubricity of stainless steel and Au(111) using a.pdf,,high,matched_local_reference,bmim_aot_h2o_au_stainless,[BMIm]+ [AOT]- / compound=H2O / surface=Au(111) / potential=1.0 / velocity=6.0,1.6 M [BMIm][AOT] water-in-surface-active ionic liquid mixture on Au(111)/stainless steel.,film,film+dataset0312.csv,157,True,[BMIm]+,[AOT]-,H2O,Au(111),1.44,3.310978931,1.1127,139.222,3,6.0,0,1.0,421.576,190.8925906,4.637037402,0,0.7,-0.02,109.8,0.2,8.81,2.422977778,3.8095,60.0,1,298,16.5,1,544.7574562,4.726289834,0.431,5.0,139.222,5_139.222,,,,,
surface_active_2024,Surface-active ionic liquids as lubricant additives to hexadecane and diethyl succinate,reference/Lubrication/Extracted/Surface-active ionic liquids as lubricant additives to hexadecane and diethyl succinate.pdf,/Users/julyanffzz/项目/Ioniclink/reference/Lubrication/Extracted/Surface-active ionic liquids as lubricant additives to hexadecane and diethyl succinate.pdf,,high,matched_local_reference,p66614_aot_ds_stainless_additives,"[P6,6,6,14]+ [DS]- / compound=(CH2CO2Et)2 / surface=stainless steel / potential=0.0 / velocity=6.0",Surface-active phosphonium AOT/DS additives in hexadecane or diethyl succinate on stainless steel.,film,film+dataset0312.csv,158,True,"[P6,6,6,14]+",[DS]-,(CH2CO2Et)2,stainless steel,1.18,5.174799948,12.446,483.87,28,6.0,1,0.0,265.395,319.1282666,3.990255029,0,0.07,0.01,66.43,0.9,0.0,4.337445108,3.3841,72.0,0,298,1.263,0,249.2312434,3.038016531,0.69,5.0,483.87,5_483.87,,,,,
protic_2014,Effect of ion structure on nanoscale friction in protic ionic liquids,reference/Lubrication/Extracted/2014-Rutland-Effect of ion structure on nanoscale friction in protic ionic liquids.pdf,/Users/julyanffzz/项目/Ioniclink/reference/Lubrication/Extracted/2014-Rutland-Effect of ion structure on nanoscale friction in protic ionic liquids.pdf,,high,matched_local_reference,protic_ion_structure_2014,[PA]+ [N]- / compound=zero / surface=mica / potential=0.0 / velocity=10.0,"Protic ionic-liquid ion-structure series on mica/silica, covering EA/PA/DMEA/EtA nitrate/formate systems.",film,film+dataset0312.csv,159,True,[PA]+,[N]-,zero,mica,3.206680585,2.642365161,-0.3617,60.12,1,10.0,0,0.0,62.004,5.245112498,2.192174955,1,1.77,-0.16,66.2,0.0569,27.64,1.974744871,-0.2391,0.0,0,298,100.0,0,26.26466251,2.803039488,3.424295775,7.0,60.12,7_60.12,,,,,
protic_2014,Effect of ion structure on nanoscale friction in protic ionic liquids,reference/Lubrication/Extracted/2014-Rutland-Effect of ion structure on nanoscale friction in protic ionic liquids.pdf,/Users/julyanffzz/项目/Ioniclink/reference/Lubrication/Extracted/2014-Rutland-Effect of ion structure on nanoscale friction in protic ionic liquids.pdf,,high,matched_local_reference,protic_ion_structure_2014,[PA]+ [N]- / compound=zero / surface=mica / potential=0.0 / velocity=5.0,"Protic ionic-liquid ion-structure series on mica/silica, covering EA/PA/DMEA/EtA nitrate/formate systems.",film,film+dataset0312.csv,160,True,[PA]+,[N]-,zero,mica,3.206680585,2.642365161,-0.3617,60.12,1,5.0,0,0.0,62.004,5.245112498,2.192174955,1,1.77,-0.16,66.2,0.0569,27.64,1.974744871,-0.2391,0.0,0,298,100.0,0,26.26466251,2.803039488,2.75528169,7.0,60.12,7_60.12,,,,,
hydrogen_bond_2020,Effect of Hydrogen Bonding between Ions of Like Charge on the Boundary Layer Friction of Hydroxy-Functionalized Ionic Liquids,reference/Lubrication/Extracted/2020-atkin-Effect of Hydrogen Bonding between Ions of Like Charge on the.pdf,/Users/julyanffzz/项目/Ioniclink/reference/Lubrication/Extracted/2020-atkin-Effect of Hydrogen Bonding between Ions of Like Charge on the.pdf,,high,matched_local_reference,hydroxy_functionalized_mica,[HOC3MPip]+ [TFSI]- / compound=zero / surface=mica / potential=0.0 / velocity=6.0,Hydroxy-functionalized ionic liquids on mica; same-charge hydrogen-bonding boundary-layer friction paper.,film,film+dataset0312.csv,161,True,[HOC3MPip]+,[TFSI]-,zero,mica,1.526,3.47886167,0.9993,158.265,3,6.0,0,0.0,280.147,108.1303606,3.359227186,1,1.77,-0.16,82.38,0.0569,20.23,2.25045382,1.0593,0.0,0,293,100.0,1,384.7328028,5.284512596,0.23,4.0,158.265,4_158.265,,,,,
stainless_2017,Ionic Liquid Lubrication of Stainless Steel: Friction is Inversely Correlated with Interfacial Liquid Nanostructure,reference/Lubrication/2017-atkin-Ionic Liquid Lubrication of Stainless Steel  Friction is Inversely Correlated with Interfacial Liquid Nanostructure.pdf,/Users/julyanffzz/项目/Ioniclink/reference/Lubrication/2017-atkin-Ionic Liquid Lubrication of Stainless Steel  Friction is Inversely Correlated with Interfacial Liquid Nanostructure.pdf,10.1021/acsnano.7b01839,high,matched_local_reference,stainless_2017_table_series,[HMIM]+ [I]- / compound=zero / surface=stainless steel / potential=0.0 / velocity=6.0,"Stainless steel Table/Figure series covering HMIM FAP, HMIM I, P4,4,4,1 TFSI, P6,6,6,14 i(C8)2PO2, and P6,6,6,14 TFSI.",film,film+dataset0312.csv,162,True,[HMIM]+,[I]-,zero,stainless steel,3.371237458,3.540263249,1.8929,167.276,5,6.0,1,0.0,126.904,215.3680851,2.113761051,0,0.07,0.01,0.0,0.89,8.81,2.153242802,-2.996,72.0,0,298,100.0,1,0.0,0.0,0.46,5.0,167.276,5_167.276,,,,,
dicationic_2019,Interfacial Structure and Boundary Lubrication of a Dicationic Ionic Liquid,reference/Lubrication/Extracted/2019-Interfacial structure and boundary lubrication of a dicationic ionic liquid.pdf,/Users/julyanffzz/项目/Ioniclink/reference/Lubrication/Extracted/2019-Interfacial structure and boundary lubrication of a dicationic ionic liquid.pdf,,high,matched_local_reference,dicationic_tfsi_mica,[C10(C1Im)2]2+ [TFSI]- / compound=zero / surface=mica / potential=0.0 / velocity=0.47,Dicationic [C10(C1Im)2][TFSI] boundary lubrication between mica surfaces.,film,film+dataset0312.csv,163,True,[C10(C1Im)2]2+,[TFSI]-,zero,mica,2.4,4.268585015,2.8978,304.482,11,0.47,0,0.0,280.147,478.4344778,3.359227186,0,1.77,-0.16,82.38,0.0596,39.34,1.38550141,1.0593,0.0,0,298,100.0,0,384.7328028,5.284512596,0.01,0.0,304.482,0_304.482,,,,,
superlubricity_hopg_2014,An ionic liquid lubricant enables superlubricity to be switched on in situ using an electrical potential,reference/Lubrication/3.10/2014-atkin-An ionic liquid lubricant enables superlubricity to be “switched on” in situ usin.pdf,/Users/julyanffzz/项目/Ioniclink/reference/Lubrication/3.10/2014-atkin-An ionic liquid lubricant enables superlubricity to be “switched on” in situ usin.pdf,10.1039/C4CC00979G,high,matched_local_reference,hmim_fap_hopg,[HMIM]+ [FAP]- / compound=zero / surface=HOPG / potential=0.0 / velocity=6.0,[HMIM][FAP] on HOPG potential-dependent superlubricity system.,film,film+dataset0312.csv,164,True,[HMIM]+,[FAP]-,zero,HOPG,3.654545455,3.540263249,1.8929,167.276,5,6.0,0,0.0,445.004,215.3680851,3.775688868,0,0.05,-0.0002,0.0,0.89,8.81,2.153242802,7.1942,85.0,0,298,100.0,1,468.4882895,7.871070033,0.11984,3.0,167.276,3_167.276,,,,,
polymeric_2022,Interfacial nanostructure and friction of a polymeric ionic liquid-ionic liquid mixture as a function of potential at Au(111) electrode interface,reference/Lubrication/Extracted/Interfacial nanostructure and friction of a polymeric ionic liquid-ionic.pdf,/Users/julyanffzz/项目/Ioniclink/reference/Lubrication/Extracted/Interfacial nanostructure and friction of a polymeric ionic liquid-ionic.pdf,10.1016/j.jcis.2021.08.067,high,matched_local_reference,bmim_tfsi_polymeric_au,[BMIm]+ [TFSI]- / compound=PIL / surface=Au(111) / potential=-1.0 / velocity=6.0,"BMIM TFSI and PIL/BMIM TFSI mixture on Au(111), matching the 2022 polymeric ionic-liquid mixture study.",film,film+dataset0312.csv,165,True,[BMIm]+,[TFSI]-,PIL,Au(111),3.760869565,3.310978931,1.1127,139.222,3,6.0,0,-1.0,280.147,190.8925906,3.359227186,0,0.7,-0.02,82.38,1.0,8.81,2.422977778,1.0593,60.0,0,298,95.0,1,384.7328028,5.284512596,0.911,6.0,139.222,6_139.222,,,,,
polymeric_2022,Interfacial nanostructure and friction of a polymeric ionic liquid-ionic liquid mixture as a function of potential at Au(111) electrode interface,reference/Lubrication/Extracted/Interfacial nanostructure and friction of a polymeric ionic liquid-ionic.pdf,/Users/julyanffzz/项目/Ioniclink/reference/Lubrication/Extracted/Interfacial nanostructure and friction of a polymeric ionic liquid-ionic.pdf,10.1016/j.jcis.2021.08.067,high,matched_local_reference,bmim_tfsi_polymeric_au,Poly(3MAPIm)+ [TFSI]- / compound=BMIM TFSI / surface=Au(111) / potential=0.0 / velocity=6.0,"BMIM TFSI and PIL/BMIM TFSI mixture on Au(111), matching the 2022 polymeric ionic-liquid mixture study.",film,film+dataset0312.csv,166,True,Poly(3MAPIm)+,[TFSI]-,BMIM TFSI,Au(111),3.043478261,3.639451851,0.2289,196.274,5,6.0,0,0.0,280.147,293.312147,3.359227186,0,0.7,-0.02,82.38,1.0,37.91,2.128181097,1.0593,60.0,0,298,5.0,2,384.7328028,5.284512596,0.634,5.0,196.274,5_196.274,,,,,
polymeric_2022,Interfacial nanostructure and friction of a polymeric ionic liquid-ionic liquid mixture as a function of potential at Au(111) electrode interface,reference/Lubrication/Extracted/Interfacial nanostructure and friction of a polymeric ionic liquid-ionic.pdf,/Users/julyanffzz/项目/Ioniclink/reference/Lubrication/Extracted/Interfacial nanostructure and friction of a polymeric ionic liquid-ionic.pdf,10.1016/j.jcis.2021.08.067,high,matched_local_reference,bmim_tfsi_polymeric_au,Poly(3MAPIm)+ [TFSI]- / compound=BMIM TFSI / surface=Au(111) / potential=-1.0 / velocity=6.0,"BMIM TFSI and PIL/BMIM TFSI mixture on Au(111), matching the 2022 polymeric ionic-liquid mixture study.",film,film+dataset0312.csv,167,True,Poly(3MAPIm)+,[TFSI]-,BMIM TFSI,Au(111),3.760869565,3.639451851,0.2289,196.274,5,6.0,0,-1.0,280.147,293.312147,3.359227186,0,0.7,-0.02,82.38,1.0,37.91,2.128181097,1.0593,60.0,0,298,5.0,2,384.7328028,5.284512596,0.911,6.0,196.274,6_196.274,,,,,
protic_2014,Effect of ion structure on nanoscale friction in protic ionic liquids,reference/Lubrication/Extracted/2014-Rutland-Effect of ion structure on nanoscale friction in protic ionic liquids.pdf,/Users/julyanffzz/项目/Ioniclink/reference/Lubrication/Extracted/2014-Rutland-Effect of ion structure on nanoscale friction in protic ionic liquids.pdf,,high,matched_local_reference,protic_ion_structure_2014,[EtA]+ [N]- / compound=zero / surface=mica / potential=0.0 / velocity=40.0,"Protic ionic-liquid ion-structure series on mica/silica, covering EA/PA/DMEA/EtA nitrate/formate systems.",film,film+dataset0312.csv,168,True,[EtA]+,[N]-,zero,mica,0.437894737,2.543129445,-1.7794,62.092,1,40.0,0,0.0,62.004,8.0,2.192174955,1,1.77,-0.16,66.2,0.0569,47.87,1.974744871,-0.2391,0.0,0,298,100.0,1,26.26466251,2.803039488,0.8,6.0,62.092,6_62.092,,,,,
protic_2014,Effect of ion structure on nanoscale friction in protic ionic liquids,reference/Lubrication/Extracted/2014-Rutland-Effect of ion structure on nanoscale friction in protic ionic liquids.pdf,/Users/julyanffzz/项目/Ioniclink/reference/Lubrication/Extracted/2014-Rutland-Effect of ion structure on nanoscale friction in protic ionic liquids.pdf,,high,matched_local_reference,protic_ion_structure_2014,[DMEA]+ [F]- / compound=zero / surface=mica / potential=0.0 / velocity=5.0,"Protic ionic-liquid ion-structure series on mica/silica, covering EA/PA/DMEA/EtA nitrate/formate systems.",film,film+dataset0312.csv,169,True,[DMEA]+,[F]-,zero,mica,1.053533191,2.824148313,-0.8492,74.147,1,5.0,0,0.0,45.017,17.60964047,2.091441062,1,1.77,-0.16,40.13,0.0569,4.44,2.539538861,-1.6339,0.0,0,298,100.0,0,10.26466251,2.187496097,1.197183099,6.0,74.147,6_74.147,,,,,
superlubricity_hopg_2014,An ionic liquid lubricant enables superlubricity to be switched on in situ using an electrical potential,reference/Lubrication/3.10/2014-atkin-An ionic liquid lubricant enables superlubricity to be “switched on” in situ usin.pdf,/Users/julyanffzz/项目/Ioniclink/reference/Lubrication/3.10/2014-atkin-An ionic liquid lubricant enables superlubricity to be “switched on” in situ usin.pdf,10.1039/C4CC00979G,high,matched_local_reference,hmim_fap_hopg,[HMIM]+ [FAP]- / compound=zero / surface=HOPG / potential=1.0 / velocity=6.0,[HMIM][FAP] on HOPG potential-dependent superlubricity system.,film,film+dataset0312.csv,170,True,[HMIM]+,[FAP]-,zero,HOPG,0.413,3.540263249,1.8929,167.276,5,6.0,0,1.0,445.004,215.3680851,3.775688868,0,0.05,-0.0002,0.0,0.89,8.81,2.153242802,7.1942,85.0,0,298,100.0,1,468.4882895,7.871070033,0.012,0.0,167.276,0_167.276,0.0,-0.0718107806237612,0.0838107806237612,,
bmim_surfaces_2022,Ionic liquids on uncharged and charged surfaces: in situ microstructures and nanofriction,reference/Lubrication/2022-Ionic liquids on uncharged and charged surfaces In situ.pdf,/Users/julyanffzz/项目/Ioniclink/reference/Lubrication/2022-Ionic liquids on uncharged and charged surfaces In situ.pdf,10.1007/s40544-021-0566-5,high,matched_local_reference,bmim_bf4_pf6_mica_hopg,[BMIm]+ [PF6]- / compound=zero / surface=HOPG / potential=0.0 / velocity=20.0,BMIM BF4/PF6 on uncharged mica and HOPG with in situ microstructures and nanofriction.,film,film+dataset0312.csv,171,True,[BMIm]+,[PF6]-,zero,HOPG,2.6,3.310978931,1.1127,139.222,3,20.0,0,0.0,144.962,190.8925906,2.529372901,0,0.05,-0.0002,0.0,0.89,8.81,2.422977778,3.3824,85.0,0,298,100.0,1,62.74506838,4.431293675,0.007,0.0,139.222,0_139.222,1.0,0.0279619155536939,0.0209619155536939,,
ean_mica_2012,Ionic liquid nanotribology: mica-silica interactions in ethylammonium nitrate,reference/Lubrication/Extracted/2012-rutland-Ionic liquid nanotribology mica–silica interactions in ethylammonium nitrate.pdf,/Users/julyanffzz/项目/Ioniclink/reference/Lubrication/Extracted/2012-rutland-Ionic liquid nanotribology mica–silica interactions in ethylammonium nitrate.pdf,10.1039/C2SM25620K,high,matched_local_reference,ean_mica_silica_2012,[EA]+ [N]- / compound=zero / surface=mica / potential=0.0 / velocity=30.0,"EAN on mica/silica nanotribology system. Some EAN rows overlap ion-structure comparisons, but this is the EAN-specific primary paper in the local Lubrication corpus.",film,film+dataset0312.csv,172,True,[EA]+,[N]-,zero,mica,0.75,2.431285504,-0.7518,46.093,0,30.0,0,0.0,62.004,2.754887502,2.192174955,1,1.77,-0.16,66.2,0.0569,27.64,1.632993162,-0.2391,0.0,0,339,100.0,0,26.26466251,2.803039488,0.414,4.0,46.093,4_46.093,2.0,0.5288259785473701,0.1148259785473701,,
protic_2014,Effect of ion structure on nanoscale friction in protic ionic liquids,reference/Lubrication/Extracted/2014-Rutland-Effect of ion structure on nanoscale friction in protic ionic liquids.pdf,/Users/julyanffzz/项目/Ioniclink/reference/Lubrication/Extracted/2014-Rutland-Effect of ion structure on nanoscale friction in protic ionic liquids.pdf,,high,matched_local_reference,protic_ion_structure_2014,[PA]+ [N]- / compound=zero / surface=mica / potential=0.0 / velocity=20.0,"Protic ionic-liquid ion-structure series on mica/silica, covering EA/PA/DMEA/EtA nitrate/formate systems.",film,film+dataset0312.csv,173,True,[PA]+,[N]-,zero,mica,3.206680585,2.642365161,-0.3617,60.12,1,20.0,0,0.0,62.004,5.245112498,2.192174955,1,1.77,-0.16,66.2,0.0569,27.64,1.974744871,-0.2391,0.0,0,298,100.0,0,26.26466251,2.803039488,3.741197183,7.0,60.12,7_60.12,3.0,3.855045307099596,0.1138481240995958,,
bmb_pc_2020,Electroresponsive structuring and friction of a non-halogenated ionic liquid in a polar solvent: effect of concentration,reference/Lubrication/3.10/2020-Rutland-Electroresponsive structuring and friction of a non-halogenated ionic liquid in a polar solvent effect of concentration.pdf,/Users/julyanffzz/项目/Ioniclink/reference/Lubrication/3.10/2020-Rutland-Electroresponsive structuring and friction of a non-halogenated ionic liquid in a polar solvent effect of concentration.pdf,10.1039/D0CP02736G,high,matched_local_reference,p66614_bmb_pc_au,"[P6,6,6,14]+ [BMB]- / compound=PC / surface=Au(111) / potential=0.25 / velocity=6.0","Exact P6,6,6,14 BMB in propylene carbonate on Au(111), matching the 2020 electroresponsive PC/gold paper.",film,film+dataset0312.csv,174,True,"[P6,6,6,14]+",[BMB]-,PC,Au(111),2.83,5.174799948,12.446,483.87,28,6.0,0,0.25,311.078,319.1282666,3.97427778,0,0.7,-0.02,71.06,0.835,0.0,4.337445108,2.0514,60.0,0,298,0.67,0,682.1804819,1.591434542,0.1097,2.0,483.87,2_483.87,4.0,0.1227963066855939,0.0130963066855939,,
protic_2014,Effect of ion structure on nanoscale friction in protic ionic liquids,reference/Lubrication/Extracted/2014-Rutland-Effect of ion structure on nanoscale friction in protic ionic liquids.pdf,/Users/julyanffzz/项目/Ioniclink/reference/Lubrication/Extracted/2014-Rutland-Effect of ion structure on nanoscale friction in protic ionic liquids.pdf,,high,matched_local_reference,protic_ion_structure_2014,[DMEA]+ [F]- / compound=zero / surface=mica / potential=0.0 / velocity=10.0,"Protic ionic-liquid ion-structure series on mica/silica, covering EA/PA/DMEA/EtA nitrate/formate systems.",film,film+dataset0312.csv,175,True,[DMEA]+,[F]-,zero,mica,0.445396146,2.824148313,-0.8492,74.147,1,10.0,0,0.0,45.017,17.60964047,2.091441062,1,1.77,-0.16,40.13,0.0569,4.44,2.539538861,-1.6339,0.0,0,298,100.0,0,10.26466251,2.187496097,0.463291139,5.0,74.147,5_74.147,5.0,0.571817550794173,0.1085264117941729,,
surface_active_2024,Surface-active ionic liquids as lubricant additives to hexadecane and diethyl succinate,reference/Lubrication/Extracted/Surface-active ionic liquids as lubricant additives to hexadecane and diethyl succinate.pdf,/Users/julyanffzz/项目/Ioniclink/reference/Lubrication/Extracted/Surface-active ionic liquids as lubricant additives to hexadecane and diethyl succinate.pdf,,high,matched_local_reference,p66614_aot_ds_stainless_additives,"[P6,6,6,14]+ [AOT]- / compound=(CH2CO2Et)2 / surface=stainless steel / potential=0.24 / velocity=6.0",Surface-active phosphonium AOT/DS additives in hexadecane or diethyl succinate on stainless steel.,film,film+dataset0312.csv,176,True,"[P6,6,6,14]+",[AOT]-,(CH2CO2Et)2,stainless steel,0.69,5.174799948,12.446,483.87,28,6.0,1,0.24,421.576,319.1282666,4.637037402,0,0.07,0.01,109.8,0.9,0.0,4.337445108,3.8095,72.0,0,298,1.002,0,544.7574562,4.726289834,0.54,5.0,483.87,5_483.87,6.0,0.2523192163217187,0.2876807836782813,,
stainless_2017,Ionic Liquid Lubrication of Stainless Steel: Friction is Inversely Correlated with Interfacial Liquid Nanostructure,reference/Lubrication/2017-atkin-Ionic Liquid Lubrication of Stainless Steel  Friction is Inversely Correlated with Interfacial Liquid Nanostructure.pdf,/Users/julyanffzz/项目/Ioniclink/reference/Lubrication/2017-atkin-Ionic Liquid Lubrication of Stainless Steel  Friction is Inversely Correlated with Interfacial Liquid Nanostructure.pdf,10.1021/acsnano.7b01839,high,matched_local_reference,stainless_2017_table_series,"[P6,6,6,14]+ [(iC8)2PO2]- / compound=zero / surface=stainless steel / potential=0.0 / velocity=6.0","Stainless steel Table/Figure series covering HMIM FAP, HMIM I, P4,4,4,1 TFSI, P6,6,6,14 i(C8)2PO2, and P6,6,6,14 TFSI.",film,film+dataset0312.csv,177,True,"[P6,6,6,14]+",[(iC8)2PO2]-,zero,stainless steel,0.923076923,5.174799948,12.446,483.87,28,6.0,1,0.0,289.42,319.1282666,4.246635376,0,0.07,0.01,40.13,0.89,0.0,4.337445108,4.7694,72.0,0,298,100.0,0,281.6910727,4.359263597,0.4,4.0,483.87,4_483.87,7.0,0.4598986833637346,0.0598986833637346,,
ean_mica_2012,Ionic liquid nanotribology: mica-silica interactions in ethylammonium nitrate,reference/Lubrication/Extracted/2012-rutland-Ionic liquid nanotribology mica–silica interactions in ethylammonium nitrate.pdf,/Users/julyanffzz/项目/Ioniclink/reference/Lubrication/Extracted/2012-rutland-Ionic liquid nanotribology mica–silica interactions in ethylammonium nitrate.pdf,10.1039/C2SM25620K,high,matched_local_reference,ean_mica_silica_2012,[EA]+ [N]- / compound=zero / surface=mica / potential=0.0 / velocity=20.0,"EAN on mica/silica nanotribology system. Some EAN rows overlap ion-structure comparisons, but this is the EAN-specific primary paper in the local Lubrication corpus.",film,film+dataset0312.csv,178,True,[EA]+,[N]-,zero,mica,0.75,2.431285504,-0.7518,46.093,0,20.0,0,0.0,62.004,2.754887502,2.192174955,1,1.77,-0.16,66.2,0.0569,27.64,1.632993162,-0.2391,0.0,0,369,100.0,0,26.26466251,2.803039488,0.127,3.0,46.093,3_46.093,9.0,0.1385418994353827,0.0115418994353827,,
bmim_surfaces_2022,Ionic liquids on uncharged and charged surfaces: in situ microstructures and nanofriction,reference/Lubrication/2022-Ionic liquids on uncharged and charged surfaces In situ.pdf,/Users/julyanffzz/项目/Ioniclink/reference/Lubrication/2022-Ionic liquids on uncharged and charged surfaces In situ.pdf,10.1007/s40544-021-0566-5,high,matched_local_reference,bmim_bf4_pf6_mica_hopg,[BMIm]+ [BF4]- / compound=zero / surface=HOPG / potential=0.0 / velocity=20.0,BMIM BF4/PF6 on uncharged mica and HOPG with in situ microstructures and nanofriction.,film,film+dataset0312.csv,179,True,[BMIm]+,[BF4]-,zero,HOPG,6.7,3.310978931,1.1127,139.222,3,20.0,0,0.0,86.804,190.8925906,2.328453731,0,0.05,-0.0002,0.0,0.89,8.81,2.422977778,1.3,85.0,0,298,100.0,1,19.11941548,3.023715784,0.0017,0.0,139.222,0_139.222,10.0,0.0017000000225354,2.2535452887453844e-11,,
polymeric_2022,Interfacial nanostructure and friction of a polymeric ionic liquid-ionic liquid mixture as a function of potential at Au(111) electrode interface,reference/Lubrication/Extracted/Interfacial nanostructure and friction of a polymeric ionic liquid-ionic.pdf,/Users/julyanffzz/项目/Ioniclink/reference/Lubrication/Extracted/Interfacial nanostructure and friction of a polymeric ionic liquid-ionic.pdf,10.1016/j.jcis.2021.08.067,high,matched_local_reference,bmim_tfsi_polymeric_au,[BMIm]+ [TFSI]- / compound=PIL / surface=Au(111) / potential=0.0 / velocity=6.0,"BMIM TFSI and PIL/BMIM TFSI mixture on Au(111), matching the 2022 polymeric ionic-liquid mixture study.",film,film+dataset0312.csv,180,True,[BMIm]+,[TFSI]-,PIL,Au(111),3.043478261,3.310978931,1.1127,139.222,3,6.0,0,0.0,280.147,190.8925906,3.359227186,0,0.7,-0.02,82.38,1.0,8.81,2.422977778,1.0593,60.0,0,298,95.0,1,384.7328028,5.284512596,0.634,5.0,139.222,5_139.222,11.0,0.4857613109491319,0.148238689050868,,
superlubricity_hopg_2014,An ionic liquid lubricant enables superlubricity to be switched on in situ using an electrical potential,reference/Lubrication/3.10/2014-atkin-An ionic liquid lubricant enables superlubricity to be “switched on” in situ usin.pdf,/Users/julyanffzz/项目/Ioniclink/reference/Lubrication/3.10/2014-atkin-An ionic liquid lubricant enables superlubricity to be “switched on” in situ usin.pdf,10.1039/C4CC00979G,high,matched_local_reference,hmim_fap_hopg,[HMIM]+ [FAP]- / compound=zero / surface=HOPG / potential=-1.0 / velocity=6.0,[HMIM][FAP] on HOPG potential-dependent superlubricity system.,film,film+dataset0312.csv,181,True,[HMIM]+,[FAP]-,zero,HOPG,0.406,3.540263249,1.8929,167.276,5,6.0,0,-1.0,445.004,215.3680851,3.775688868,0,0.05,-0.0002,0.0,0.89,8.81,2.153242802,7.1942,85.0,0,298,100.0,1,468.4882895,7.871070033,0.0206,1.0,167.276,1_167.276,12.0,-0.1355417351159386,0.1561417351159386,,
ean_mica_2012,Ionic liquid nanotribology: mica-silica interactions in ethylammonium nitrate,reference/Lubrication/Extracted/2012-rutland-Ionic liquid nanotribology mica–silica interactions in ethylammonium nitrate.pdf,/Users/julyanffzz/项目/Ioniclink/reference/Lubrication/Extracted/2012-rutland-Ionic liquid nanotribology mica–silica interactions in ethylammonium nitrate.pdf,10.1039/C2SM25620K,high,matched_local_reference,ean_mica_silica_2012,[EA]+ [N]- / compound=zero / surface=mica / potential=0.0 / velocity=10.0,"EAN on mica/silica nanotribology system. Some EAN rows overlap ion-structure comparisons, but this is the EAN-specific primary paper in the local Lubrication corpus.",film,film+dataset0312.csv,182,True,[EA]+,[N]-,zero,mica,0.75,2.431285504,-0.7518,46.093,0,10.0,0,0.0,62.004,2.754887502,2.192174955,1,1.77,-0.16,66.2,0.0569,27.64,1.632993162,-0.2391,0.0,0,339,100.0,0,26.26466251,2.803039488,0.069,2.0,46.093,2_46.093,13.0,0.312241027974667,0.243241027974667,,
bmim_surfaces_2022,Ionic liquids on uncharged and charged surfaces: in situ microstructures and nanofriction,reference/Lubrication/2022-Ionic liquids on uncharged and charged surfaces In situ.pdf,/Users/julyanffzz/项目/Ioniclink/reference/Lubrication/2022-Ionic liquids on uncharged and charged surfaces In situ.pdf,10.1007/s40544-021-0566-5,high,matched_local_reference,bmim_bf4_pf6_mica_hopg,[BMIm]+ [BF4]- / compound=zero / surface=mica / potential=0.0 / velocity=20.0,BMIM BF4/PF6 on uncharged mica and HOPG with in situ microstructures and nanofriction.,film,film+dataset0312.csv,183,True,[BMIm]+,[BF4]-,zero,mica,2.1,3.310978931,1.1127,139.222,3,20.0,0,0.0,86.804,190.8925906,2.328453731,0,1.77,-0.16,0.0,0.66,8.81,2.422977778,1.3,0.0,0,298,100.0,1,19.11941548,3.023715784,0.083,2.0,139.222,2_139.222,14.0,0.0799999982118606,0.0030000017881393,,
graphite_2021,Potential-Dependent Superlubricity of Ionic Liquids on a Graphite Surface,reference/Lubrication/2021-atkin-potential-dependent-superlubricity-of-ionic-liquids-on-a-graphite-surface.pdf,/Users/julyanffzz/项目/Ioniclink/reference/Lubrication/2021-atkin-potential-dependent-superlubricity-of-ionic-liquids-on-a-graphite-surface.pdf,10.1021/acs.jpcc.0c10804,high,matched_local_reference,phosphonium_hopg_graphite,"[P6,6,6,14]+ [(iC8)2PO2]- / compound=zero / surface=HOPG / potential=1.0 / velocity=6.0",HOPG phosphonium ionic-liquid comparison series from the graphite potential-dependent superlubricity paper.,film,film+dataset0312.csv,184,True,"[P6,6,6,14]+",[(iC8)2PO2]-,zero,HOPG,3.2,5.174799948,12.446,483.87,28,6.0,0,1.0,289.42,319.1282666,4.246635376,0,0.05,-0.0002,40.13,0.89,0.0,4.337445108,4.7694,85.0,0,298,100.0,0,281.6910727,4.359263597,0.013,1.0,483.87,1_483.87,15.0,-0.0067213351653776,0.0197213351653776,,
bmb_pc_2020,Electroresponsive structuring and friction of a non-halogenated ionic liquid in a polar solvent: effect of concentration,reference/Lubrication/3.10/2020-Rutland-Electroresponsive structuring and friction of a non-halogenated ionic liquid in a polar solvent effect of concentration.pdf,/Users/julyanffzz/项目/Ioniclink/reference/Lubrication/3.10/2020-Rutland-Electroresponsive structuring and friction of a non-halogenated ionic liquid in a polar solvent effect of concentration.pdf,10.1039/D0CP02736G,high,matched_local_reference,p66614_bmb_pc_au,"[P6,6,6,14]+ [BMB]- / compound=PC / surface=Au(111) / potential=-0.12 / velocity=1.0","Exact P6,6,6,14 BMB in propylene carbonate on Au(111), matching the 2020 electroresponsive PC/gold paper.",film,film+dataset0312.csv,185,True,"[P6,6,6,14]+",[BMB]-,PC,Au(111),2.48,5.174799948,12.446,483.87,28,1.0,0,-0.12,311.078,319.1282666,3.97427778,0,0.7,-0.02,71.06,0.835,0.0,4.337445108,2.0514,60.0,0,298,0.67,0,682.1804819,1.591434542,0.0948,2.0,483.87,2_483.87,16.0,0.0824628804234249,0.012337119576575,,
graphite_2021,Potential-Dependent Superlubricity of Ionic Liquids on a Graphite Surface,reference/Lubrication/2021-atkin-potential-dependent-superlubricity-of-ionic-liquids-on-a-graphite-surface.pdf,/Users/julyanffzz/项目/Ioniclink/reference/Lubrication/2021-atkin-potential-dependent-superlubricity-of-ionic-liquids-on-a-graphite-surface.pdf,10.1021/acs.jpcc.0c10804,high,matched_local_reference,phosphonium_hopg_graphite,"[P4,4,4,1 ]+ [TFSI]- / compound=zero / surface=HOPG / potential=0.0 / velocity=6.0",HOPG phosphonium ionic-liquid comparison series from the graphite potential-dependent superlubricity paper.,film,film+dataset0312.csv,186,True,"[P4,4,4,1 ]+",[TFSI]-,zero,HOPG,3.8,3.951373459,5.0341,217.357,9,6.0,0,0.0,280.147,98.62953293,3.359227186,0,0.05,-0.0002,82.38,0.89,0.0,3.889782595,1.0593,85.0,0,298,100.0,0,384.7328028,5.284512596,0.018,1.0,217.357,1_217.357,17.0,-0.0272423298888313,0.0452423298888313,,
protic_2014,Effect of ion structure on nanoscale friction in protic ionic liquids,reference/Lubrication/Extracted/2014-Rutland-Effect of ion structure on nanoscale friction in protic ionic liquids.pdf,/Users/julyanffzz/项目/Ioniclink/reference/Lubrication/Extracted/2014-Rutland-Effect of ion structure on nanoscale friction in protic ionic liquids.pdf,,high,matched_local_reference,protic_ion_structure_2014,[DMEA]+ [F]- / compound=zero / surface=mica / potential=0.0 / velocity=10.0,"Protic ionic-liquid ion-structure series on mica/silica, covering EA/PA/DMEA/EtA nitrate/formate systems.",film,film+dataset0312.csv,187,True,[DMEA]+,[F]-,zero,mica,1.053533191,2.824148313,-0.8492,74.147,1,10.0,0,0.0,45.017,17.60964047,2.091441062,1,1.77,-0.16,40.13,0.0569,4.44,2.539538861,-1.6339,0.0,0,298,100.0,0,10.26466251,2.187496097,1.610915493,7.0,74.147,7_74.147,18.0,1.6656201791377694,0.0547046861377693,,
polymeric_2022,Interfacial nanostructure and friction of a polymeric ionic liquid-ionic liquid mixture as a function of potential at Au(111) electrode interface,reference/Lubrication/Extracted/Interfacial nanostructure and friction of a polymeric ionic liquid-ionic.pdf,/Users/julyanffzz/项目/Ioniclink/reference/Lubrication/Extracted/Interfacial nanostructure and friction of a polymeric ionic liquid-ionic.pdf,10.1016/j.jcis.2021.08.067,high,matched_local_reference,bmim_tfsi_polymeric_au,[BMIm]+ [TFSI]- / compound=PIL / surface=Au(111) / potential=1.0 / velocity=6.0,"BMIM TFSI and PIL/BMIM TFSI mixture on Au(111), matching the 2022 polymeric ionic-liquid mixture study.",film,film+dataset0312.csv,188,True,[BMIm]+,[TFSI]-,PIL,Au(111),3.108695652,3.310978931,1.1127,139.222,3,6.0,0,1.0,280.147,190.8925906,3.359227186,0,0.7,-0.02,82.38,1.0,8.81,2.422977778,1.0593,60.0,0,298,95.0,1,384.7328028,5.284512596,0.184,3.0,139.222,3_139.222,20.0,0.4054893389228768,0.2214893389228768,,
protic_2014,Effect of ion structure on nanoscale friction in protic ionic liquids,reference/Lubrication/Extracted/2014-Rutland-Effect of ion structure on nanoscale friction in protic ionic liquids.pdf,/Users/julyanffzz/项目/Ioniclink/reference/Lubrication/Extracted/2014-Rutland-Effect of ion structure on nanoscale friction in protic ionic liquids.pdf,,high,matched_local_reference,protic_ion_structure_2014,[PA]+ [N]- / compound=zero / surface=mica / potential=0.0 / velocity=20.0,"Protic ionic-liquid ion-structure series on mica/silica, covering EA/PA/DMEA/EtA nitrate/formate systems.",film,film+dataset0312.csv,189,True,[PA]+,[N]-,zero,mica,0.542797495,2.642365161,-0.3617,60.12,1,20.0,0,0.0,62.004,5.245112498,2.192174955,1,1.77,-0.16,66.2,0.0569,27.64,1.974744871,-0.2391,0.0,0,298,100.0,0,26.26466251,2.803039488,1.113924051,6.0,60.12,6_60.12,22.0,1.0131882862630988,0.1007357647369011,,
ean_mica_2012,Ionic liquid nanotribology: mica-silica interactions in ethylammonium nitrate,reference/Lubrication/Extracted/2012-rutland-Ionic liquid nanotribology mica–silica interactions in ethylammonium nitrate.pdf,/Users/julyanffzz/项目/Ioniclink/reference/Lubrication/Extracted/2012-rutland-Ionic liquid nanotribology mica–silica interactions in ethylammonium nitrate.pdf,10.1039/C2SM25620K,high,matched_local_reference,ean_mica_silica_2012,[EA]+ [N]- / compound=zero / surface=mica / potential=0.0 / velocity=40.0,"EAN on mica/silica nanotribology system. Some EAN rows overlap ion-structure comparisons, but this is the EAN-specific primary paper in the local Lubrication corpus.",film,film+dataset0312.csv,190,True,[EA]+,[N]-,zero,mica,0.1,2.431285504,-0.7518,46.093,0,40.0,0,0.0,62.004,2.754887502,2.192174955,1,1.77,-0.16,66.2,0.0569,27.64,1.632993162,-0.2391,0.0,0,298,100.0,0,26.26466251,2.803039488,0.128900651,3.0,46.093,3_46.093,23.0,0.1325145243307224,0.0036138733307224,,
protic_2014,Effect of ion structure on nanoscale friction in protic ionic liquids,reference/Lubrication/Extracted/2014-Rutland-Effect of ion structure on nanoscale friction in protic ionic liquids.pdf,/Users/julyanffzz/项目/Ioniclink/reference/Lubrication/Extracted/2014-Rutland-Effect of ion structure on nanoscale friction in protic ionic liquids.pdf,,high,matched_local_reference,protic_ion_structure_2014,[PA]+ [F]- / compound=zero / surface=mica / potential=0.0 / velocity=30.0,"Protic ionic-liquid ion-structure series on mica/silica, covering EA/PA/DMEA/EtA nitrate/formate systems.",film,film+dataset0312.csv,191,True,[PA]+,[F]-,zero,mica,1.875,2.642365161,-0.3617,60.12,1,30.0,0,0.0,45.017,5.245112498,2.091441062,1,1.77,-0.16,40.13,0.0569,27.64,1.974744871,-1.6339,0.0,0,298,100.0,0,10.26466251,2.187496097,4.225352113,7.0,60.12,7_60.12,24.0,3.9743186499065897,0.2510334630934099,,
ean_mica_2012,Ionic liquid nanotribology: mica-silica interactions in ethylammonium nitrate,reference/Lubrication/Extracted/2012-rutland-Ionic liquid nanotribology mica–silica interactions in ethylammonium nitrate.pdf,/Users/julyanffzz/项目/Ioniclink/reference/Lubrication/Extracted/2012-rutland-Ionic liquid nanotribology mica–silica interactions in ethylammonium nitrate.pdf,10.1039/C2SM25620K,high,matched_local_reference,ean_mica_silica_2012,[EA]+ [N]- / compound=zero / surface=mica / potential=0.0 / velocity=20.0,"EAN on mica/silica nanotribology system. Some EAN rows overlap ion-structure comparisons, but this is the EAN-specific primary paper in the local Lubrication corpus.",film,film+dataset0312.csv,192,True,[EA]+,[N]-,zero,mica,0.75,2.431285504,-0.7518,46.093,0,20.0,0,0.0,62.004,2.754887502,2.192174955,1,1.77,-0.16,66.2,0.0569,27.64,1.632993162,-0.2391,0.0,0,339,100.0,0,26.26466251,2.803039488,0.396,4.0,46.093,4_46.093,25.0,0.4613144376439291,0.065314437643929,,
bmim_surfaces_2022,Ionic liquids on uncharged and charged surfaces: in situ microstructures and nanofriction,reference/Lubrication/2022-Ionic liquids on uncharged and charged surfaces In situ.pdf,/Users/julyanffzz/项目/Ioniclink/reference/Lubrication/2022-Ionic liquids on uncharged and charged surfaces In situ.pdf,10.1007/s40544-021-0566-5,high,matched_local_reference,bmim_bf4_pf6_mica_hopg,[BMIm]+ [BF4]- / compound=zero / surface=HOPG / potential=0.0 / velocity=20.0,BMIM BF4/PF6 on uncharged mica and HOPG with in situ microstructures and nanofriction.,film,film+dataset0312.csv,193,True,[BMIm]+,[BF4]-,zero,HOPG,6.4,3.310978931,1.1127,139.222,3,20.0,0,0.0,86.804,190.8925906,2.328453731,0,0.05,-0.0002,0.0,0.89,8.81,2.422977778,1.3,85.0,0,298,100.0,1,19.11941548,3.023715784,0.0017,0.0,139.222,0_139.222,26.0,0.0017000000225354,2.2535452887453844e-11,,
bmb_pc_2020,Electroresponsive structuring and friction of a non-halogenated ionic liquid in a polar solvent: effect of concentration,reference/Lubrication/3.10/2020-Rutland-Electroresponsive structuring and friction of a non-halogenated ionic liquid in a polar solvent effect of concentration.pdf,/Users/julyanffzz/项目/Ioniclink/reference/Lubrication/3.10/2020-Rutland-Electroresponsive structuring and friction of a non-halogenated ionic liquid in a polar solvent effect of concentration.pdf,10.1039/D0CP02736G,high,matched_local_reference,p66614_bmb_pc_au,"[P6,6,6,14]+ [BMB]- / compound=PC / surface=Au(111) / potential=-0.12 / velocity=1.0","Exact P6,6,6,14 BMB in propylene carbonate on Au(111), matching the 2020 electroresponsive PC/gold paper.",film,film+dataset0312.csv,194,True,"[P6,6,6,14]+",[BMB]-,PC,Au(111),2.81,5.174799948,12.446,483.87,28,1.0,0,-0.12,311.078,319.1282666,3.97427778,0,0.7,-0.02,71.06,0.835,0.0,4.337445108,2.0514,60.0,0,298,3.1,0,682.1804819,1.591434542,0.1296,3.0,483.87,3_483.87,27.0,0.0987104916323262,0.0308895083676737,,
protic_2014,Effect of ion structure on nanoscale friction in protic ionic liquids,reference/Lubrication/Extracted/2014-Rutland-Effect of ion structure on nanoscale friction in protic ionic liquids.pdf,/Users/julyanffzz/项目/Ioniclink/reference/Lubrication/Extracted/2014-Rutland-Effect of ion structure on nanoscale friction in protic ionic liquids.pdf,,high,matched_local_reference,protic_ion_structure_2014,[EtA]+ [N]- / compound=zero / surface=mica / potential=0.0 / velocity=10.0,"Protic ionic-liquid ion-structure series on mica/silica, covering EA/PA/DMEA/EtA nitrate/formate systems.",film,film+dataset0312.csv,195,True,[EtA]+,[N]-,zero,mica,2.837894737,2.543129445,-1.7794,62.092,1,10.0,0,0.0,62.004,8.0,2.192174955,1,1.77,-0.16,66.2,0.0569,47.87,1.974744871,-0.2391,0.0,0,298,100.0,1,26.26466251,2.803039488,2.007042254,7.0,62.092,7_62.092,28.0,2.168163448733619,0.161121194733619,,
protic_2014,Effect of ion structure on nanoscale friction in protic ionic liquids,reference/Lubrication/Extracted/2014-Rutland-Effect of ion structure on nanoscale friction in protic ionic liquids.pdf,/Users/julyanffzz/项目/Ioniclink/reference/Lubrication/Extracted/2014-Rutland-Effect of ion structure on nanoscale friction in protic ionic liquids.pdf,,high,matched_local_reference,protic_ion_structure_2014,[EA]+ [F]- / compound=zero / surface=mica / potential=0.0 / velocity=10.0,"Protic ionic-liquid ion-structure series on mica/silica, covering EA/PA/DMEA/EtA nitrate/formate systems.",film,film+dataset0312.csv,196,True,[EA]+,[F]-,zero,mica,0.537074148,2.431285504,-0.7518,46.093,0,10.0,0,0.0,45.017,2.754887502,2.091441062,1,1.77,-0.16,40.13,0.0569,27.64,1.632993162,-1.6339,0.0,0,298,100.0,0,10.26466251,2.187496097,1.083544304,6.0,46.093,6_46.093,29.0,1.0561785130484886,0.0273657909515112,,
bmim_surfaces_2022,Ionic liquids on uncharged and charged surfaces: in situ microstructures and nanofriction,reference/Lubrication/2022-Ionic liquids on uncharged and charged surfaces In situ.pdf,/Users/julyanffzz/项目/Ioniclink/reference/Lubrication/2022-Ionic liquids on uncharged and charged surfaces In situ.pdf,10.1007/s40544-021-0566-5,high,matched_local_reference,bmim_bf4_pf6_mica_hopg,[BMIm]+ [PF6]- / compound=zero / surface=mica / potential=0.0 / velocity=20.0,BMIM BF4/PF6 on uncharged mica and HOPG with in situ microstructures and nanofriction.,film,film+dataset0312.csv,197,True,[BMIm]+,[PF6]-,zero,mica,2.3,3.310978931,1.1127,139.222,3,20.0,0,0.0,144.962,190.8925906,2.529372901,0,1.77,-0.16,0.0,0.66,8.81,2.422977778,3.3824,0.0,0,298,100.0,1,62.74506838,4.431293675,0.1,2.0,139.222,2_139.222,30.0,0.0835079330654081,0.0164920669345918,,
stainless_2017,Ionic Liquid Lubrication of Stainless Steel: Friction is Inversely Correlated with Interfacial Liquid Nanostructure,reference/Lubrication/2017-atkin-Ionic Liquid Lubrication of Stainless Steel  Friction is Inversely Correlated with Interfacial Liquid Nanostructure.pdf,/Users/julyanffzz/项目/Ioniclink/reference/Lubrication/2017-atkin-Ionic Liquid Lubrication of Stainless Steel  Friction is Inversely Correlated with Interfacial Liquid Nanostructure.pdf,10.1021/acsnano.7b01839,high,matched_local_reference,stainless_2017_table_series,"[P6,6,6,14]+ [TFSI]- / compound=zero / surface=stainless steel / potential=0.0 / velocity=6.0","Stainless steel Table/Figure series covering HMIM FAP, HMIM I, P4,4,4,1 TFSI, P6,6,6,14 i(C8)2PO2, and P6,6,6,14 TFSI.",film,film+dataset0312.csv,198,True,"[P6,6,6,14]+",[TFSI]-,zero,stainless steel,0.0,5.174799948,12.446,483.87,28,6.0,1,0.0,280.147,319.1282666,3.359227186,0,0.07,0.01,82.38,0.89,0.0,4.337445108,1.0593,72.0,0,298,0.0,0,384.7328028,5.284512596,0.88,6.0,483.87,6_483.87,31.0,0.4897329776242854,0.3902670223757145,,
bmim_surfaces_2022,Ionic liquids on uncharged and charged surfaces: in situ microstructures and nanofriction,reference/Lubrication/2022-Ionic liquids on uncharged and charged surfaces In situ.pdf,/Users/julyanffzz/项目/Ioniclink/reference/Lubrication/2022-Ionic liquids on uncharged and charged surfaces In situ.pdf,10.1007/s40544-021-0566-5,high,matched_local_reference,bmim_bf4_pf6_mica_hopg,[BMIm]+ [BF4]- / compound=zero / surface=mica / potential=0.0 / velocity=20.0,BMIM BF4/PF6 on uncharged mica and HOPG with in situ microstructures and nanofriction.,film,film+dataset0312.csv,199,True,[BMIm]+,[BF4]-,zero,mica,11.9,3.310978931,1.1127,139.222,3,20.0,0,0.0,86.804,190.8925906,2.328453731,0,1.77,-0.16,0.0,0.66,8.81,2.422977778,1.3,0.0,0,298,100.0,1,19.11941548,3.023715784,0.029,1.0,139.222,1_139.222,32.0,0.0219999998807878,0.0070000001192121,,
polymeric_2022,Interfacial nanostructure and friction of a polymeric ionic liquid-ionic liquid mixture as a function of potential at Au(111) electrode interface,reference/Lubrication/Extracted/Interfacial nanostructure and friction of a polymeric ionic liquid-ionic.pdf,/Users/julyanffzz/项目/Ioniclink/reference/Lubrication/Extracted/Interfacial nanostructure and friction of a polymeric ionic liquid-ionic.pdf,10.1016/j.jcis.2021.08.067,high,matched_local_reference,bmim_tfsi_polymeric_au,[BMIm]+ [TFSI]- / compound=zero / surface=Au(111) / potential=1.0 / velocity=6.0,"BMIM TFSI and PIL/BMIM TFSI mixture on Au(111), matching the 2022 polymeric ionic-liquid mixture study.",film,film+dataset0312.csv,200,True,[BMIm]+,[TFSI]-,zero,Au(111),2.673099078,3.310978931,1.1127,139.222,3,6.0,0,1.0,280.147,190.8925906,3.359227186,0,0.7,-0.02,82.38,1.0,8.81,2.422977778,1.0593,60.0,0,298,100.0,1,384.7328028,5.284512596,0.213,4.0,139.222,4_139.222,33.0,0.2754778673074978,0.0624778673074978,,
protic_2014,Effect of ion structure on nanoscale friction in protic ionic liquids,reference/Lubrication/Extracted/2014-Rutland-Effect of ion structure on nanoscale friction in protic ionic liquids.pdf,/Users/julyanffzz/项目/Ioniclink/reference/Lubrication/Extracted/2014-Rutland-Effect of ion structure on nanoscale friction in protic ionic liquids.pdf,,high,matched_local_reference,protic_ion_structure_2014,[EtA]+ [N]- / compound=zero / surface=mica / potential=0.0 / velocity=30.0,"Protic ionic-liquid ion-structure series on mica/silica, covering EA/PA/DMEA/EtA nitrate/formate systems.",film,film+dataset0312.csv,201,True,[EtA]+,[N]-,zero,mica,0.437894737,2.543129445,-1.7794,62.092,1,30.0,0,0.0,62.004,8.0,2.192174955,1,1.77,-0.16,66.2,0.0569,47.87,1.974744871,-0.2391,0.0,0,298,100.0,1,26.26466251,2.803039488,0.77721519,5.0,62.092,5_62.092,34.0,0.7649832075233578,0.0122319824766421,,
ean_mica_2012,Ionic liquid nanotribology: mica-silica interactions in ethylammonium nitrate,reference/Lubrication/Extracted/2012-rutland-Ionic liquid nanotribology mica–silica interactions in ethylammonium nitrate.pdf,/Users/julyanffzz/项目/Ioniclink/reference/Lubrication/Extracted/2012-rutland-Ionic liquid nanotribology mica–silica interactions in ethylammonium nitrate.pdf,10.1039/C2SM25620K,high,matched_local_reference,ean_mica_silica_2012,[EA]+ [N]- / compound=zero / surface=mica / potential=0.0 / velocity=10.0,"EAN on mica/silica nanotribology system. Some EAN rows overlap ion-structure comparisons, but this is the EAN-specific primary paper in the local Lubrication corpus.",film,film+dataset0312.csv,202,True,[EA]+,[N]-,zero,mica,0.75,2.431285504,-0.7518,46.093,0,10.0,0,0.0,62.004,2.754887502,2.192174955,1,1.77,-0.16,66.2,0.0569,27.64,1.632993162,-0.2391,0.0,0,298,100.0,0,26.26466251,2.803039488,0.381,4.0,46.093,4_46.093,35.0,0.3082865309651842,0.0727134690348157,,
protic_2014,Effect of ion structure on nanoscale friction in protic ionic liquids,reference/Lubrication/Extracted/2014-Rutland-Effect of ion structure on nanoscale friction in protic ionic liquids.pdf,/Users/julyanffzz/项目/Ioniclink/reference/Lubrication/Extracted/2014-Rutland-Effect of ion structure on nanoscale friction in protic ionic liquids.pdf,,high,matched_local_reference,protic_ion_structure_2014,[PA]+ [N]- / compound=zero / surface=mica / potential=0.0 / velocity=5.0,"Protic ionic-liquid ion-structure series on mica/silica, covering EA/PA/DMEA/EtA nitrate/formate systems.",film,film+dataset0312.csv,203,True,[PA]+,[N]-,zero,mica,0.542797495,2.642365161,-0.3617,60.12,1,5.0,0,0.0,62.004,5.245112498,2.192174955,1,1.77,-0.16,66.2,0.0569,27.64,1.974744871,-0.2391,0.0,0,298,100.0,0,26.26466251,2.803039488,0.936708861,6.0,60.12,6_60.12,36.0,0.9252201069761112,0.0114887540238888,,
ean_mica_2012,Ionic liquid nanotribology: mica-silica interactions in ethylammonium nitrate,reference/Lubrication/Extracted/2012-rutland-Ionic liquid nanotribology mica–silica interactions in ethylammonium nitrate.pdf,/Users/julyanffzz/项目/Ioniclink/reference/Lubrication/Extracted/2012-rutland-Ionic liquid nanotribology mica–silica interactions in ethylammonium nitrate.pdf,10.1039/C2SM25620K,high,matched_local_reference,ean_mica_silica_2012,[EA]+ [N]- / compound=zero / surface=mica / potential=0.0 / velocity=0.5,"EAN on mica/silica nanotribology system. Some EAN rows overlap ion-structure comparisons, but this is the EAN-specific primary paper in the local Lubrication corpus.",film,film+dataset0312.csv,204,True,[EA]+,[N]-,zero,mica,0.4,2.431285504,-0.7518,46.093,0,0.5,0,0.0,62.004,2.754887502,2.192174955,1,1.77,-0.16,66.2,0.0569,27.64,1.632993162,-0.2391,0.0,0,298,100.0,0,26.26466251,2.803039488,0.020033278,1.0,46.093,1_46.093,37.0,0.0246909261007357,0.0046576481007357,,
protic_2014,Effect of ion structure on nanoscale friction in protic ionic liquids,reference/Lubrication/Extracted/2014-Rutland-Effect of ion structure on nanoscale friction in protic ionic liquids.pdf,/Users/julyanffzz/项目/Ioniclink/reference/Lubrication/Extracted/2014-Rutland-Effect of ion structure on nanoscale friction in protic ionic liquids.pdf,,high,matched_local_reference,protic_ion_structure_2014,[EA]+ [F]- / compound=zero / surface=mica / potential=0.0 / velocity=20.0,"Protic ionic-liquid ion-structure series on mica/silica, covering EA/PA/DMEA/EtA nitrate/formate systems.",film,film+dataset0312.csv,205,True,[EA]+,[F]-,zero,mica,1.667334669,2.431285504,-0.7518,46.093,0,20.0,0,0.0,45.017,2.754887502,2.091441062,1,1.77,-0.16,40.13,0.0569,27.64,1.632993162,-1.6339,0.0,0,298,100.0,0,10.26466251,2.187496097,1.575704225,7.0,46.093,7_46.093,38.0,1.541311000915814,0.0343932240841859,,
bmim_aot_water_2025,Potential-dependent superlubricity of stainless steel and Au(111) using a water-in-surface-active ionic liquid mixture,reference/Lubrication/Extracted/2025-Potential-dependent superlubricity of stainless steel and Au(111) using a.pdf,/Users/julyanffzz/项目/Ioniclink/reference/Lubrication/Extracted/2025-Potential-dependent superlubricity of stainless steel and Au(111) using a.pdf,,high,matched_local_reference,bmim_aot_h2o_au_stainless,[BMIm]+ [AOT]- / compound=H2O / surface=stainless steel / potential=1.0 / velocity=6.0,1.6 M [BMIm][AOT] water-in-surface-active ionic liquid mixture on Au(111)/stainless steel.,film,film+dataset0312.csv,206,True,[BMIm]+,[AOT]-,H2O,stainless steel,6.2,3.310978931,1.1127,139.222,3,6.0,1,1.0,421.576,190.8925906,4.637037402,0,0.07,0.01,109.8,0.8,8.81,2.422977778,3.8095,72.0,1,298,16.5,1,544.7574562,4.726289834,0.003,0.0,139.222,0_139.222,39.0,0.0505762642836571,0.0475762642836571,,
hydrogen_bond_2020,Effect of Hydrogen Bonding between Ions of Like Charge on the Boundary Layer Friction of Hydroxy-Functionalized Ionic Liquids,reference/Lubrication/Extracted/2020-atkin-Effect of Hydrogen Bonding between Ions of Like Charge on the.pdf,/Users/julyanffzz/项目/Ioniclink/reference/Lubrication/Extracted/2020-atkin-Effect of Hydrogen Bonding between Ions of Like Charge on the.pdf,,high,matched_local_reference,hydroxy_functionalized_mica,[HOC3MPip]+ [TFSI]- / compound=zero / surface=mica / potential=0.0 / velocity=6.0,Hydroxy-functionalized ionic liquids on mica; same-charge hydrogen-bonding boundary-layer friction paper.,film,film+dataset0312.csv,207,True,[HOC3MPip]+,[TFSI]-,zero,mica,0.763,3.47886167,0.9993,158.265,3,6.0,0,0.0,280.147,108.1303606,3.359227186,1,1.77,-0.16,82.38,0.0569,20.23,2.25045382,1.0593,0.0,0,293,100.0,1,384.7328028,5.284512596,0.21,,,,,,,,
hydrogen_bond_2020,Effect of Hydrogen Bonding between Ions of Like Charge on the Boundary Layer Friction of Hydroxy-Functionalized Ionic Liquids,reference/Lubrication/Extracted/2020-atkin-Effect of Hydrogen Bonding between Ions of Like Charge on the.pdf,/Users/julyanffzz/项目/Ioniclink/reference/Lubrication/Extracted/2020-atkin-Effect of Hydrogen Bonding between Ions of Like Charge on the.pdf,,high,matched_local_reference,hydroxy_functionalized_mica,[HOC4Py] + [OMs]- / compound=zero / surface=mica / potential=0.0 / velocity=6.0,Hydroxy-functionalized ionic liquids on mica; same-charge hydrogen-bonding boundary-layer friction paper.,film,film+dataset0312.csv,208,True,[HOC4Py] +,[OMs]-,zero,mica,0.687,3.360073211,0.7466,152.217,4,6.0,0,0.0,95.099,186.0140383,2.563925277,0,1.77,-0.16,57.2,0.0569,24.11,2.275801287,-0.8386,0.0,0,293,100.0,1,90.06147084,4.062942299,0.24,,,,,,,,
hydrogen_bond_2020,Effect of Hydrogen Bonding between Ions of Like Charge on the Boundary Layer Friction of Hydroxy-Functionalized Ionic Liquids,reference/Lubrication/Extracted/2020-atkin-Effect of Hydrogen Bonding between Ions of Like Charge on the.pdf,/Users/julyanffzz/项目/Ioniclink/reference/Lubrication/Extracted/2020-atkin-Effect of Hydrogen Bonding between Ions of Like Charge on the.pdf,,high,matched_local_reference,hydroxy_functionalized_mica,[HOC3Py] + [OMs]- / compound=zero / surface=mica / potential=0.0 / velocity=6.0,Hydroxy-functionalized ionic liquids on mica; same-charge hydrogen-bonding boundary-layer friction paper.,film,film+dataset0312.csv,209,True,[HOC3Py] +,[OMs]-,zero,mica,0.564,3.236493461,0.3565,138.19,3,6.0,0,0.0,95.099,173.8722824,2.563925277,0,1.77,-0.16,57.2,0.0569,24.11,2.426522347,-0.8386,0.0,0,293,100.0,1,90.06147084,4.062942299,0.26,,,,,,,,
stainless_2017,Ionic Liquid Lubrication of Stainless Steel: Friction is Inversely Correlated with Interfacial Liquid Nanostructure,reference/Lubrication/2017-atkin-Ionic Liquid Lubrication of Stainless Steel  Friction is Inversely Correlated with Interfacial Liquid Nanostructure.pdf,/Users/julyanffzz/项目/Ioniclink/reference/Lubrication/2017-atkin-Ionic Liquid Lubrication of Stainless Steel  Friction is Inversely Correlated with Interfacial Liquid Nanostructure.pdf,10.1021/acsnano.7b01839,high,matched_local_reference,stainless_2017_table_series,[HMIM]+ [FAP]- / compound=zero / surface=stainless steel / potential=0.0 / velocity=6.0,"Stainless steel Table/Figure series covering HMIM FAP, HMIM I, P4,4,4,1 TFSI, P6,6,6,14 i(C8)2PO2, and P6,6,6,14 TFSI.",film,film+dataset0312.csv,210,True,[HMIM]+,[FAP]-,zero,stainless steel,4.093645485,3.540263249,1.8929,167.276,5,6.0,1,0.0,445.004,215.3680851,3.775688868,0,0.07,0.01,0.0,0.89,8.81,2.153242802,7.1942,72.0,0,298,100.0,1,468.4882895,7.871070033,1.16,,,,,,,,
stainless_2017,Ionic Liquid Lubrication of Stainless Steel: Friction is Inversely Correlated with Interfacial Liquid Nanostructure,reference/Lubrication/2017-atkin-Ionic Liquid Lubrication of Stainless Steel  Friction is Inversely Correlated with Interfacial Liquid Nanostructure.pdf,/Users/julyanffzz/项目/Ioniclink/reference/Lubrication/2017-atkin-Ionic Liquid Lubrication of Stainless Steel  Friction is Inversely Correlated with Interfacial Liquid Nanostructure.pdf,10.1021/acsnano.7b01839,high,matched_local_reference,stainless_2017_table_series,"[P4,4,4,1 ]+ [TFSI]- / compound=zero / surface=stainless steel / potential=0.0 / velocity=6.0","Stainless steel Table/Figure series covering HMIM FAP, HMIM I, P4,4,4,1 TFSI, P6,6,6,14 i(C8)2PO2, and P6,6,6,14 TFSI.",film,film+dataset0312.csv,211,True,"[P4,4,4,1 ]+",[TFSI]-,zero,stainless steel,3.431438127,3.951373459,5.0341,217.357,9,6.0,1,0.0,280.147,98.62953293,3.359227186,0,0.07,0.01,82.38,0.89,0.0,3.889782595,1.0593,72.0,0,298,100.0,0,384.7328028,5.284512596,0.93,,,,,,,,
control_gold_2012,Control of Nanoscale Friction on Gold in an Ionic Liquid by a Potential-Dependent Ionic Lubricant Layer,reference/Lubrication/3.10/2012-Rutland-Control of Nanoscale Friction on Gold in an Ionic Liquid by a Potential-Dependent Ionic Lubricant Layer.pdf,/Users/julyanffzz/项目/Ioniclink/reference/Lubrication/3.10/2012-Rutland-Control of Nanoscale Friction on Gold in an Ionic Liquid by a Potential-Dependent Ionic Lubricant Layer.pdf,,high,matched_local_reference,py14_fap_au,"[Py1,4]+ [FAP]- / compound=zero / surface=Au(111) / potential=-0.16 / velocity=6.0","Exact [Py1,4][FAP] on Au(111) potential-dependent lubricant layer system.",film,film+dataset0312.csv,212,True,"[Py1,4]+",[FAP]-,zero,Au(111),4.014337,3.423597497,2.0269,142.266,3,6.0,0,-0.16,445.004,92.90138861,3.775688868,1,0.7,-0.02,0.0,1.0,0.0,2.21874475,7.1942,60.0,0,298,100.0,0,468.4882895,7.871070033,0.28,,,,,,,,
protic_2014,Effect of ion structure on nanoscale friction in protic ionic liquids,reference/Lubrication/Extracted/2014-Rutland-Effect of ion structure on nanoscale friction in protic ionic liquids.pdf,/Users/julyanffzz/项目/Ioniclink/reference/Lubrication/Extracted/2014-Rutland-Effect of ion structure on nanoscale friction in protic ionic liquids.pdf,,high,matched_local_reference,protic_ion_structure_2014,[EtA]+ [N]- / compound=zero / surface=mica / potential=0.0 / velocity=20.0,"Protic ionic-liquid ion-structure series on mica/silica, covering EA/PA/DMEA/EtA nitrate/formate systems.",no_film,no+film+dataset+0312.csv,1,True,[EtA]+,[N]-,zero,mica,,2.543129445,-1.7794,62.092,1,20.0,0,0.0,62.004,8.0,2.192174955,1,1.77,-0.16,66.2,0.0569,47.87,1.974744871,-0.2391,0.0,0,298,100.0,1,26.26466251,2.803039488,0.670886076,6.0,62.092,6_62.092,0.0,0.670886099729592,2.3729591958066013e-08,,2.0
surface_active_2024,Surface-active ionic liquids as lubricant additives to hexadecane and diethyl succinate,reference/Lubrication/Extracted/Surface-active ionic liquids as lubricant additives to hexadecane and diethyl succinate.pdf,/Users/julyanffzz/项目/Ioniclink/reference/Lubrication/Extracted/Surface-active ionic liquids as lubricant additives to hexadecane and diethyl succinate.pdf,,high,matched_local_reference,p66614_aot_ds_stainless_additives,"[P6,6,6,14]+ [AOT]- / compound=zero / surface=stainless steel / potential=0.24 / velocity=6.0",Surface-active phosphonium AOT/DS additives in hexadecane or diethyl succinate on stainless steel.,no_film,no+film+dataset+0312.csv,2,True,"[P6,6,6,14]+",[AOT]-,zero,stainless steel,,5.174799948,12.446,483.87,28,6.0,1,0.24,421.576,319.1282666,4.637037402,0,0.07,0.01,109.8,0.9,0.0,4.337445108,3.8095,72.0,0,298,100.0,0,544.7574562,4.726289834,0.23,4.0,483.87,4_483.87,1.0,0.2300000038947693,3.894769340373472e-09,,0.0
titanium_2022,Probing the nanofriction of non-halogenated phosphonium-based ionic liquid additives in glycol ether oil on titanium surface,reference/Lubrication/2022-an-Probing the nanofriction of non-halogenated phosphonium-based ionic liquid additives in glycol ether oil on titanium surface.pdf,/Users/julyanffzz/项目/Ioniclink/reference/Lubrication/2022-an-Probing the nanofriction of non-halogenated phosphonium-based ionic liquid additives in glycol ether oil on titanium surface.pdf,10.1007/s40544-021-0486-4,high,matched_local_reference,titanium_degdbe_phosphonium,"[P6,6,6,14]+ [BScB]- / compound=DEGDBE / surface=titanium / potential=0.0 / velocity=20.0","Titanium/DEGDBE phosphonium ionic-liquid additive table including BScB, DCA, BOB, and BMB; includes bare/neat controls in the same source.",no_film,no+film+dataset+0312.csv,3,True,"[P6,6,6,14]+",[BScB]-,DEGDBE,titanium,,5.174799948,12.446,483.87,28,20.0,0,0.0,283.024,319.1282666,3.79978343,0,0.5,0.005,71.06,61.15,0.0,4.337445108,1.9208,60.0,0,298,0.0143,0,706.0644789,1.781315888,0.1,2.0,483.87,2_483.87,2.0,0.1050000003981984,0.0050000003981984,,0.0
solvate_2017,Boundary layer friction of solvate ionic liquids as a function of potential,reference/Lubrication/2017-Rutland-Boundary layer friction of solvate ionic liquids as a function of potential.pdf,/Users/julyanffzz/项目/Ioniclink/reference/Lubrication/2017-Rutland-Boundary layer friction of solvate ionic liquids as a function of potential.pdf,,high,matched_local_reference,solvate_li_g4_potential,[Li(G4)]+ [TFSI]- / compound=zero / surface=Au(111) / potential=-1.0 / velocity=6.0,Li(G4) solvate ionic liquid potential-dependent boundary-layer friction on Au(111)/HOPG.,no_film,no+film+dataset+0312.csv,4,True,[Li(G4)]+,[TFSI]-,zero,Au(111),,3.859895249,-2.667,229.222,12,6.0,0,-1.0,280.147,103.3825112,3.359227186,0,0.7,-0.02,82.38,1.0,46.15,0.0,1.0593,60.0,0,298,100.0,5,384.7328028,5.284512596,0.059,1.0,229.222,1_229.222,3.0,0.0589999997029607,2.970392820600409e-10,,0.0
protic_2014,Effect of ion structure on nanoscale friction in protic ionic liquids,reference/Lubrication/Extracted/2014-Rutland-Effect of ion structure on nanoscale friction in protic ionic liquids.pdf,/Users/julyanffzz/项目/Ioniclink/reference/Lubrication/Extracted/2014-Rutland-Effect of ion structure on nanoscale friction in protic ionic liquids.pdf,,high,matched_local_reference,protic_ion_structure_2014,[PA]+ [F]- / compound=zero / surface=mica / potential=0.0 / velocity=30.0,"Protic ionic-liquid ion-structure series on mica/silica, covering EA/PA/DMEA/EtA nitrate/formate systems.",no_film,no+film+dataset+0312.csv,5,True,[PA]+,[F]-,zero,mica,,2.642365161,-0.3617,60.12,1,30.0,0,0.0,45.017,5.245112498,2.091441062,1,1.77,-0.16,40.13,0.0569,27.64,1.974744871,-1.6339,0.0,0,298,100.0,0,10.26466251,2.187496097,1.017721519,7.0,60.12,7_60.12,4.0,1.0177215317771675,1.2777167768263098e-08,,1.0
bmb_pc_2020,Electroresponsive structuring and friction of a non-halogenated ionic liquid in a polar solvent: effect of concentration,reference/Lubrication/3.10/2020-Rutland-Electroresponsive structuring and friction of a non-halogenated ionic liquid in a polar solvent effect of concentration.pdf,/Users/julyanffzz/项目/Ioniclink/reference/Lubrication/3.10/2020-Rutland-Electroresponsive structuring and friction of a non-halogenated ionic liquid in a polar solvent effect of concentration.pdf,10.1039/D0CP02736G,high,matched_local_reference,p66614_bmb_pc_au,"[P6,6,6,14]+ [BMB]- / compound=PC / surface=Au(111) / potential=0.25 / velocity=6.0","Exact P6,6,6,14 BMB in propylene carbonate on Au(111), matching the 2020 electroresponsive PC/gold paper.",no_film,no+film+dataset+0312.csv,6,True,"[P6,6,6,14]+",[BMB]-,PC,Au(111),,5.174799948,12.446,483.87,28,6.0,0,0.25,311.078,319.1282666,3.97427778,0,0.7,-0.02,71.06,0.835,0.0,4.337445108,2.0514,60.0,0,298,3.1,0,682.1804819,1.591434542,0.1314,3.0,483.87,3_483.87,5.0,0.1314000047623754,4.762375466205171e-09,,0.0
tribotronic_2016,Tribotronic control of friction in oil-based lubricants with ionic liquid additives,reference/Lubrication/3.10/2016-atkin-Tribotronic control of friction in oil-based lubricants with ionic liquid additives.pdf,/Users/julyanffzz/项目/Ioniclink/reference/Lubrication/3.10/2016-atkin-Tribotronic control of friction in oil-based lubricants with ionic liquid additives.pdf,10.1039/C6CP04405K,high,matched_local_reference,p66614_ic8_hexadecane_au,"[P6,6,6,14]+ [(iC8)2PO2]- / compound=hexadecane / surface=Au(111) / potential=0.1 / velocity=6.5","Exact phosphonium phosphate ionic liquid additive in hexadecane on Au(111), matching the 2016 tribotronic gold study.",no_film,no+film+dataset+0312.csv,7,True,"[P6,6,6,14]+",[(iC8)2PO2]-,hexadecane,Au(111),,5.174799948,12.446,483.87,28,6.5,0,0.1,289.42,319.1282666,4.246635376,0,0.7,-0.02,40.13,1.0,0.0,4.337445108,4.7694,60.0,0,298,100.0,0,281.6910727,4.359263597,0.478,6.0,483.87,6_483.87,6.0,0.477999985831257,1.4168742956677253e-08,,0.0
surface_active_2024,Surface-active ionic liquids as lubricant additives to hexadecane and diethyl succinate,reference/Lubrication/Extracted/Surface-active ionic liquids as lubricant additives to hexadecane and diethyl succinate.pdf,/Users/julyanffzz/项目/Ioniclink/reference/Lubrication/Extracted/Surface-active ionic liquids as lubricant additives to hexadecane and diethyl succinate.pdf,,high,matched_local_reference,p66614_aot_ds_stainless_additives,"[P6,6,6,14]+ [AOT]- / compound=(CH2CO2Et)2 / surface=stainless steel / potential=-0.76 / velocity=6.0",Surface-active phosphonium AOT/DS additives in hexadecane or diethyl succinate on stainless steel.,no_film,no+film+dataset+0312.csv,8,True,"[P6,6,6,14]+",[AOT]-,(CH2CO2Et)2,stainless steel,,5.174799948,12.446,483.87,28,6.0,1,-0.76,421.576,319.1282666,4.637037402,0,0.07,0.01,109.8,0.9,0.0,4.337445108,3.8095,72.0,0,298,1.002,0,544.7574562,4.726289834,0.57,6.0,483.87,6_483.87,7.0,0.569999992704453,7.295546944341424e-09,,0.0
protic_2014,Effect of ion structure on nanoscale friction in protic ionic liquids,reference/Lubrication/Extracted/2014-Rutland-Effect of ion structure on nanoscale friction in protic ionic liquids.pdf,/Users/julyanffzz/项目/Ioniclink/reference/Lubrication/Extracted/2014-Rutland-Effect of ion structure on nanoscale friction in protic ionic liquids.pdf,,high,matched_local_reference,protic_ion_structure_2014,[EA]+ [F]- / compound=zero / surface=mica / potential=0.0 / velocity=10.0,"Protic ionic-liquid ion-structure series on mica/silica, covering EA/PA/DMEA/EtA nitrate/formate systems.",no_film,no+film+dataset+0312.csv,9,True,[EA]+,[F]-,zero,mica,,2.431285504,-0.7518,46.093,0,10.0,0,0.0,45.017,2.754887502,2.091441062,1,1.77,-0.16,40.13,0.0569,27.64,1.632993162,-1.6339,0.0,0,298,100.0,0,10.26466251,2.187496097,1.083544304,7.0,46.093,7_46.093,8.0,1.0835442560368844,4.7963115479277014e-08,,1.0
tribotronic_2016,Tribotronic control of friction in oil-based lubricants with ionic liquid additives,reference/Lubrication/3.10/2016-atkin-Tribotronic control of friction in oil-based lubricants with ionic liquid additives.pdf,/Users/julyanffzz/项目/Ioniclink/reference/Lubrication/3.10/2016-atkin-Tribotronic control of friction in oil-based lubricants with ionic liquid additives.pdf,10.1039/C6CP04405K,high,matched_local_reference,p66614_ic8_hexadecane_au,"[P6,6,6,14]+ [(iC8)2PO2]- / compound=hexadecane / surface=Au(111) / potential=-1.0 / velocity=6.5","Exact phosphonium phosphate ionic liquid additive in hexadecane on Au(111), matching the 2016 tribotronic gold study.",no_film,no+film+dataset+0312.csv,10,True,"[P6,6,6,14]+",[(iC8)2PO2]-,hexadecane,Au(111),,5.174799948,12.446,483.87,28,6.5,0,-1.0,289.42,319.1282666,4.246635376,0,0.7,-0.02,40.13,1.0,0.0,4.337445108,4.7694,60.0,0,298,10.0,0,281.6910727,4.359263597,0.079,2.0,483.87,2_483.87,9.0,0.0790000015695742,1.5695742067167722e-09,,0.0
ion_structure_2013,"Ionic liquid lubrication: influence of ion structure, surface potential and sliding velocity","reference/Lubrication/Extracted/2013-rutland-Ionic liquid lubrication influence of ion structure, surface potential and sliding velocity.pdf","/Users/julyanffzz/项目/Ioniclink/reference/Lubrication/Extracted/2013-rutland-Ionic liquid lubrication influence of ion structure, surface potential and sliding velocity.pdf",10.1039/C3CP52638K,high,matched_local_reference,imidazolium_fap_i_au,[EMIM] + [FAP]- / compound=zero / surface=Au(111) / potential=1.0 / velocity=12.0,"Au(111) FAP/I ion-structure, surface-potential, and sliding-velocity series.",no_film,no+film+dataset+0312.csv,11,True,[EMIM] +,[FAP]-,zero,Au(111),,3.045073482,0.3325,111.168,1,12.0,0,1.0,445.004,166.7913934,3.775688868,0,0.7,-0.02,0.0,0.2,8.81,2.837541431,7.1942,60.0,0,293,100.0,1,468.4882895,7.871070033,0.35,5.0,111.168,5_111.168,10.0,0.3499999910981518,8.901848147502278e-09,,0.0
protic_2014,Effect of ion structure on nanoscale friction in protic ionic liquids,reference/Lubrication/Extracted/2014-Rutland-Effect of ion structure on nanoscale friction in protic ionic liquids.pdf,/Users/julyanffzz/项目/Ioniclink/reference/Lubrication/Extracted/2014-Rutland-Effect of ion structure on nanoscale friction in protic ionic liquids.pdf,,high,matched_local_reference,protic_ion_structure_2014,[PA]+ [F]- / compound=zero / surface=mica / potential=0.0 / velocity=10.0,"Protic ionic-liquid ion-structure series on mica/silica, covering EA/PA/DMEA/EtA nitrate/formate systems.",no_film,no+film+dataset+0312.csv,12,True,[PA]+,[F]-,zero,mica,,2.642365161,-0.3617,60.12,1,10.0,0,0.0,45.017,5.245112498,2.091441062,1,1.77,-0.16,40.13,0.0569,27.64,1.974744871,-1.6339,0.0,0,298,100.0,0,10.26466251,2.187496097,0.97721519,7.0,60.12,7_60.12,11.0,0.9772151692045464,2.079545347033473e-08,,1.0
protic_2014,Effect of ion structure on nanoscale friction in protic ionic liquids,reference/Lubrication/Extracted/2014-Rutland-Effect of ion structure on nanoscale friction in protic ionic liquids.pdf,/Users/julyanffzz/项目/Ioniclink/reference/Lubrication/Extracted/2014-Rutland-Effect of ion structure on nanoscale friction in protic ionic liquids.pdf,,high,matched_local_reference,protic_ion_structure_2014,[EA]+ [F]- / compound=zero / surface=mica / potential=0.0 / velocity=5.0,"Protic ionic-liquid ion-structure series on mica/silica, covering EA/PA/DMEA/EtA nitrate/formate systems.",no_film,no+film+dataset+0312.csv,13,True,[EA]+,[F]-,zero,mica,,2.431285504,-0.7518,46.093,0,5.0,0,0.0,45.017,2.754887502,2.091441062,1,1.77,-0.16,40.13,0.0569,27.64,1.632993162,-1.6339,0.0,0,298,100.0,0,10.26466251,2.187496097,0.929113924,7.0,46.093,7_46.093,12.0,0.9291139232828386,7.171614413437052e-10,,1.0
ion_structure_2013,"Ionic liquid lubrication: influence of ion structure, surface potential and sliding velocity","reference/Lubrication/Extracted/2013-rutland-Ionic liquid lubrication influence of ion structure, surface potential and sliding velocity.pdf","/Users/julyanffzz/项目/Ioniclink/reference/Lubrication/Extracted/2013-rutland-Ionic liquid lubrication influence of ion structure, surface potential and sliding velocity.pdf",10.1039/C3CP52638K,high,matched_local_reference,imidazolium_fap_i_au,[EMIM] + [FAP]- / compound=zero / surface=Au(111) / potential=-1.0 / velocity=2.0,"Au(111) FAP/I ion-structure, surface-potential, and sliding-velocity series.",no_film,no+film+dataset+0312.csv,14,True,[EMIM] +,[FAP]-,zero,Au(111),,3.045073482,0.3325,111.168,1,2.0,0,-1.0,445.004,166.7913934,3.775688868,0,0.7,-0.02,0.0,0.2,8.81,2.837541431,7.1942,60.0,0,293,100.0,1,468.4882895,7.871070033,0.16,3.0,111.168,3_111.168,13.0,0.1599999996221766,3.7782332817926085e-10,,0.0
ion_structure_2013,"Ionic liquid lubrication: influence of ion structure, surface potential and sliding velocity","reference/Lubrication/Extracted/2013-rutland-Ionic liquid lubrication influence of ion structure, surface potential and sliding velocity.pdf","/Users/julyanffzz/项目/Ioniclink/reference/Lubrication/Extracted/2013-rutland-Ionic liquid lubrication influence of ion structure, surface potential and sliding velocity.pdf",10.1039/C3CP52638K,high,matched_local_reference,imidazolium_fap_i_au,[EMIM] + [FAP]- / compound=zero / surface=Au(111) / potential=-0.5 / velocity=6.0,"Au(111) FAP/I ion-structure, surface-potential, and sliding-velocity series.",no_film,no+film+dataset+0312.csv,15,True,[EMIM] +,[FAP]-,zero,Au(111),,3.045073482,0.3325,111.168,1,6.0,0,-0.5,445.004,166.7913934,3.775688868,0,0.7,-0.02,0.0,0.2,8.81,2.837541431,7.1942,60.0,0,293,100.0,1,468.4882895,7.871070033,0.22,3.0,111.168,3_111.168,14.0,0.2199999995742078,4.2579215153715206e-10,,0.0
bmim_aot_water_2025,Potential-dependent superlubricity of stainless steel and Au(111) using a water-in-surface-active ionic liquid mixture,reference/Lubrication/Extracted/2025-Potential-dependent superlubricity of stainless steel and Au(111) using a.pdf,/Users/julyanffzz/项目/Ioniclink/reference/Lubrication/Extracted/2025-Potential-dependent superlubricity of stainless steel and Au(111) using a.pdf,,high,matched_local_reference,bmim_aot_h2o_au_stainless,[BMIm]+ [AOT]- / compound=H2O / surface=Au(111) / potential=-1.0 / velocity=6.0,1.6 M [BMIm][AOT] water-in-surface-active ionic liquid mixture on Au(111)/stainless steel.,no_film,no+film+dataset+0312.csv,16,True,[BMIm]+,[AOT]-,H2O,Au(111),,3.310978931,1.1127,139.222,3,6.0,0,-1.0,421.576,190.8925906,4.637037402,0,0.7,-0.02,109.8,0.2,8.81,2.422977778,3.8095,60.0,1,298,16.5,1,544.7574562,4.726289834,0.312,4.0,139.222,4_139.222,15.0,0.3120000059119558,5.911955813786561e-09,,0.0
ion_structure_2013,"Ionic liquid lubrication: influence of ion structure, surface potential and sliding velocity","reference/Lubrication/Extracted/2013-rutland-Ionic liquid lubrication influence of ion structure, surface potential and sliding velocity.pdf","/Users/julyanffzz/项目/Ioniclink/reference/Lubrication/Extracted/2013-rutland-Ionic liquid lubrication influence of ion structure, surface potential and sliding velocity.pdf",10.1039/C3CP52638K,high,matched_local_reference,imidazolium_fap_i_au,[EMIM] + [FAP]- / compound=zero / surface=Au(111) / potential=0.5 / velocity=2.0,"Au(111) FAP/I ion-structure, surface-potential, and sliding-velocity series.",no_film,no+film+dataset+0312.csv,17,True,[EMIM] +,[FAP]-,zero,Au(111),,3.045073482,0.3325,111.168,1,2.0,0,0.5,445.004,166.7913934,3.775688868,0,0.7,-0.02,0.0,0.2,8.81,2.837541431,7.1942,60.0,0,293,100.0,1,468.4882895,7.871070033,0.28,4.0,111.168,4_111.168,16.0,0.2800000013994067,1.399406646118706e-09,,0.0
ion_structure_2013,"Ionic liquid lubrication: influence of ion structure, surface potential and sliding velocity","reference/Lubrication/Extracted/2013-rutland-Ionic liquid lubrication influence of ion structure, surface potential and sliding velocity.pdf","/Users/julyanffzz/项目/Ioniclink/reference/Lubrication/Extracted/2013-rutland-Ionic liquid lubrication influence of ion structure, surface potential and sliding velocity.pdf",10.1039/C3CP52638K,high,matched_local_reference,imidazolium_fap_i_au,[BMIm]+ [I]- / compound=zero / surface=Au(111) / potential=-0.5 / velocity=2.0,"Au(111) FAP/I ion-structure, surface-potential, and sliding-velocity series.",no_film,no+film+dataset+0312.csv,18,True,[BMIm]+,[I]-,zero,Au(111),,3.310978931,1.1127,139.222,3,2.0,0,-0.5,126.904,190.8925906,2.113761051,0,0.7,-0.02,0.0,0.2,8.81,2.422977778,-2.996,60.0,0,293,100.0,1,0.0,0.0,0.2,3.0,139.222,3_139.222,17.0,0.2000000037645085,3.764508482717588e-09,,0.0
programmable_friction_2023,Investigation of Programmable Friction with Ionic Liquid Mixtures,reference/Lubrication/【无数据】2023-Investigation of Programmable Friction with Ionic Liquid.pdf,/Users/julyanffzz/项目/Ioniclink/reference/Lubrication/【无数据】2023-Investigation of Programmable Friction with Ionic Liquid.pdf,10.3390/lubricants11090376,medium,matched_local_reference,p66614_bta_doc_programmable,"[P6,6,6,14]+ [TFSI]- / compound=[P66614][Doc] / surface=stainless steel / potential=-4.0 / velocity=13.0","BTA/Doc component strings and +/-4 V velocity-ramp stainless-steel program match the 2023 programmable-friction paper; dataset columns split mixture chemistry across anion/compound fields, so verify formulation before publication.",no_film,no+film+dataset+0312.csv,19,True,"[P6,6,6,14]+",[TFSI]-,[P66614][Doc],stainless steel,,5.174799948,12.446,483.87,28,13.0,1,-4.0,280.147,319.1282666,3.359227186,0,0.07,0.01,82.38,320.0,0.0,4.337445108,1.0593,72.0,0,298,82.6,0,384.7328028,5.284512596,0.00102,0.0,483.87,0_483.87,18.0,0.001020000376833,3.7683303005797687e-10,,0.0
protic_2014,Effect of ion structure on nanoscale friction in protic ionic liquids,reference/Lubrication/Extracted/2014-Rutland-Effect of ion structure on nanoscale friction in protic ionic liquids.pdf,/Users/julyanffzz/项目/Ioniclink/reference/Lubrication/Extracted/2014-Rutland-Effect of ion structure on nanoscale friction in protic ionic liquids.pdf,,high,matched_local_reference,protic_ion_structure_2014,[PA]+ [F]- / compound=zero / surface=mica / potential=0.0 / velocity=20.0,"Protic ionic-liquid ion-structure series on mica/silica, covering EA/PA/DMEA/EtA nitrate/formate systems.",no_film,no+film+dataset+0312.csv,20,True,[PA]+,[F]-,zero,mica,,2.642365161,-0.3617,60.12,1,20.0,0,0.0,45.017,5.245112498,2.091441062,1,1.77,-0.16,40.13,0.0569,27.64,1.974744871,-1.6339,0.0,0,298,100.0,0,10.26466251,2.187496097,0.964556962,7.0,60.12,7_60.12,19.0,0.9645569348052088,2.7194791196727408e-08,,1.0
programmable_friction_2023,Investigation of Programmable Friction with Ionic Liquid Mixtures,reference/Lubrication/【无数据】2023-Investigation of Programmable Friction with Ionic Liquid.pdf,/Users/julyanffzz/项目/Ioniclink/reference/Lubrication/【无数据】2023-Investigation of Programmable Friction with Ionic Liquid.pdf,10.3390/lubricants11090376,medium,matched_local_reference,p66614_bta_doc_programmable,"[P6,6,6,14]+ [TFSI]- / compound=[P66614][Doc] / surface=stainless steel / potential=-4.0 / velocity=130.0","BTA/Doc component strings and +/-4 V velocity-ramp stainless-steel program match the 2023 programmable-friction paper; dataset columns split mixture chemistry across anion/compound fields, so verify formulation before publication.",no_film,no+film+dataset+0312.csv,21,True,"[P6,6,6,14]+",[TFSI]-,[P66614][Doc],stainless steel,,5.174799948,12.446,483.87,28,130.0,1,-4.0,280.147,319.1282666,3.359227186,0,0.07,0.01,82.38,320.0,0.0,4.337445108,1.0593,72.0,0,298,82.6,0,384.7328028,5.284512596,0.000288,0.0,483.87,0_483.87,20.0,0.0002880009665358,9.665358063058215e-10,,0.0
protic_2014,Effect of ion structure on nanoscale friction in protic ionic liquids,reference/Lubrication/Extracted/2014-Rutland-Effect of ion structure on nanoscale friction in protic ionic liquids.pdf,/Users/julyanffzz/项目/Ioniclink/reference/Lubrication/Extracted/2014-Rutland-Effect of ion structure on nanoscale friction in protic ionic liquids.pdf,,high,matched_local_reference,protic_ion_structure_2014,[PA]+ [N]- / compound=zero / surface=mica / potential=0.0 / velocity=10.0,"Protic ionic-liquid ion-structure series on mica/silica, covering EA/PA/DMEA/EtA nitrate/formate systems.",no_film,no+film+dataset+0312.csv,22,True,[PA]+,[N]-,zero,mica,,2.642365161,-0.3617,60.12,1,10.0,0,0.0,62.004,5.245112498,2.192174955,1,1.77,-0.16,66.2,0.0569,27.64,1.974744871,-0.2391,0.0,0,298,100.0,0,26.26466251,2.803039488,0.997468354,7.0,60.12,7_60.12,21.0,0.9974683559847424,1.984742259431016e-09,,1.0
programmable_friction_2023,Investigation of Programmable Friction with Ionic Liquid Mixtures,reference/Lubrication/【无数据】2023-Investigation of Programmable Friction with Ionic Liquid.pdf,/Users/julyanffzz/项目/Ioniclink/reference/Lubrication/【无数据】2023-Investigation of Programmable Friction with Ionic Liquid.pdf,10.3390/lubricants11090376,medium,matched_local_reference,p66614_bta_doc_programmable,"[P6,6,6,14]+ [AOT]- / compound=[P66614][BTA] / surface=stainless steel / potential=0.0 / velocity=130.0","BTA/Doc component strings and +/-4 V velocity-ramp stainless-steel program match the 2023 programmable-friction paper; dataset columns split mixture chemistry across anion/compound fields, so verify formulation before publication.",no_film,no+film+dataset+0312.csv,23,True,"[P6,6,6,14]+",[AOT]-,[P66614][BTA],stainless steel,,5.174799948,12.446,483.87,28,130.0,1,0.0,421.576,319.1282666,4.637037402,0,0.07,0.01,109.8,320.0,0.0,4.337445108,3.8095,72.0,0,298,17.4,0,544.7574562,4.726289834,0.03155,1.0,483.87,1_483.87,22.0,0.0315500013833328,1.3833328579848647e-09,,0.0
ion_structure_2013,"Ionic liquid lubrication: influence of ion structure, surface potential and sliding velocity","reference/Lubrication/Extracted/2013-rutland-Ionic liquid lubrication influence of ion structure, surface potential and sliding velocity.pdf","/Users/julyanffzz/项目/Ioniclink/reference/Lubrication/Extracted/2013-rutland-Ionic liquid lubrication influence of ion structure, surface potential and sliding velocity.pdf",10.1039/C3CP52638K,high,matched_local_reference,imidazolium_fap_i_au,[EMIM] + [FAP]- / compound=zero / surface=Au(111) / potential=-1.0 / velocity=20.0,"Au(111) FAP/I ion-structure, surface-potential, and sliding-velocity series.",no_film,no+film+dataset+0312.csv,24,True,[EMIM] +,[FAP]-,zero,Au(111),,3.045073482,0.3325,111.168,1,20.0,0,-1.0,445.004,166.7913934,3.775688868,0,0.7,-0.02,0.0,0.2,8.81,2.837541431,7.1942,60.0,0,293,100.0,1,468.4882895,7.871070033,0.2,3.0,111.168,3_111.168,23.0,0.2000000050618557,5.061855740118304e-09,,0.0
bmb_pc_2020,Electroresponsive structuring and friction of a non-halogenated ionic liquid in a polar solvent: effect of concentration,reference/Lubrication/3.10/2020-Rutland-Electroresponsive structuring and friction of a non-halogenated ionic liquid in a polar solvent effect of concentration.pdf,/Users/julyanffzz/项目/Ioniclink/reference/Lubrication/3.10/2020-Rutland-Electroresponsive structuring and friction of a non-halogenated ionic liquid in a polar solvent effect of concentration.pdf,10.1039/D0CP02736G,high,matched_local_reference,p66614_bmb_pc_au,"[P6,6,6,14]+ [BMB]- / compound=PC / surface=Au(111) / potential=-1.0 / velocity=6.0","Exact P6,6,6,14 BMB in propylene carbonate on Au(111), matching the 2020 electroresponsive PC/gold paper.",no_film,no+film+dataset+0312.csv,25,True,"[P6,6,6,14]+",[BMB]-,PC,Au(111),,5.174799948,12.446,483.87,28,6.0,0,-1.0,311.078,319.1282666,3.97427778,0,0.7,-0.02,71.06,0.835,0.0,4.337445108,2.0514,60.0,0,298,3.1,0,682.1804819,1.591434542,0.0881,2.0,483.87,2_483.87,24.0,0.0881000030277759,3.027775932751275e-09,,0.0
ion_structure_2013,"Ionic liquid lubrication: influence of ion structure, surface potential and sliding velocity","reference/Lubrication/Extracted/2013-rutland-Ionic liquid lubrication influence of ion structure, surface potential and sliding velocity.pdf","/Users/julyanffzz/项目/Ioniclink/reference/Lubrication/Extracted/2013-rutland-Ionic liquid lubrication influence of ion structure, surface potential and sliding velocity.pdf",10.1039/C3CP52638K,high,matched_local_reference,imidazolium_fap_i_au,[EMIM] + [FAP]- / compound=zero / surface=Au(111) / potential=0.0 / velocity=20.0,"Au(111) FAP/I ion-structure, surface-potential, and sliding-velocity series.",no_film,no+film+dataset+0312.csv,26,True,[EMIM] +,[FAP]-,zero,Au(111),,3.045073482,0.3325,111.168,1,20.0,0,0.0,445.004,166.7913934,3.775688868,0,0.7,-0.02,0.0,0.2,8.81,2.837541431,7.1942,60.0,0,293,100.0,1,468.4882895,7.871070033,0.34,5.0,111.168,5_111.168,25.0,0.3400000040577132,4.057713220984027e-09,,0.0
low_concentration_2016,Addition of low concentrations of an ionic liquid to a base oil reduces friction over multiple length scales: a combined nano- and macrotribology investigation,reference/Lubrication/3.10/Addition of low concentrations of an ionic liquid.pdf,/Users/julyanffzz/项目/Ioniclink/reference/Lubrication/3.10/Addition of low concentrations of an ionic liquid.pdf,10.1039/C5CP07061A,high,matched_local_reference,p66614_ic8_hexadecane_silica,"[P6,6,6,14]+ [(iC8)2PO2]- / compound=hexadecane / surface=silica / potential=0.0 / velocity=6.0","Silica + phosphonium phosphate ionic liquid additive in hexadecane, matching the combined nano/macro low-concentration study.",no_film,no+film+dataset+0312.csv,27,True,"[P6,6,6,14]+",[(iC8)2PO2]-,hexadecane,silica,,5.174799948,12.446,483.87,28,6.0,0,0.0,289.42,319.1282666,4.246635376,0,0.2,-0.07,40.13,0.5,0.0,4.337445108,4.7694,20.7,0,298,2.0,0,281.6910727,4.359263597,0.37,5.0,483.87,5_483.87,26.0,0.3700000046314323,4.631432293233928e-09,,0.0
ion_structure_2013,"Ionic liquid lubrication: influence of ion structure, surface potential and sliding velocity","reference/Lubrication/Extracted/2013-rutland-Ionic liquid lubrication influence of ion structure, surface potential and sliding velocity.pdf","/Users/julyanffzz/项目/Ioniclink/reference/Lubrication/Extracted/2013-rutland-Ionic liquid lubrication influence of ion structure, surface potential and sliding velocity.pdf",10.1039/C3CP52638K,high,matched_local_reference,imidazolium_fap_i_au,[EMIM] + [FAP]- / compound=zero / surface=Au(111) / potential=-0.5 / velocity=2.0,"Au(111) FAP/I ion-structure, surface-potential, and sliding-velocity series.",no_film,no+film+dataset+0312.csv,28,True,[EMIM] +,[FAP]-,zero,Au(111),,3.045073482,0.3325,111.168,1,2.0,0,-0.5,445.004,166.7913934,3.775688868,0,0.7,-0.02,0.0,0.2,8.81,2.837541431,7.1942,60.0,0,293,100.0,1,468.4882895,7.871070033,0.2,3.0,111.168,3_111.168,27.0,0.1999999990005288,9.99471144735864e-10,,0.0
ean_mica_2012,Ionic liquid nanotribology: mica-silica interactions in ethylammonium nitrate,reference/Lubrication/Extracted/2012-rutland-Ionic liquid nanotribology mica–silica interactions in ethylammonium nitrate.pdf,/Users/julyanffzz/项目/Ioniclink/reference/Lubrication/Extracted/2012-rutland-Ionic liquid nanotribology mica–silica interactions in ethylammonium nitrate.pdf,10.1039/C2SM25620K,high,matched_local_reference,ean_mica_silica_2012,[EA]+ [N]- / compound=zero / surface=mica / potential=0.0 / velocity=20.0,"EAN on mica/silica nanotribology system. Some EAN rows overlap ion-structure comparisons, but this is the EAN-specific primary paper in the local Lubrication corpus.",no_film,no+film+dataset+0312.csv,29,True,[EA]+,[N]-,zero,mica,,2.431285504,-0.7518,46.093,0,20.0,0,0.0,62.004,2.754887502,2.192174955,1,1.77,-0.16,66.2,0.0569,27.64,1.632993162,-0.2391,0.0,0,298,100.0,0,26.26466251,2.803039488,0.281,4.0,46.093,4_46.093,28.0,0.1905093647704287,0.0904906352295713,,1.0
ion_structure_2013,"Ionic liquid lubrication: influence of ion structure, surface potential and sliding velocity","reference/Lubrication/Extracted/2013-rutland-Ionic liquid lubrication influence of ion structure, surface potential and sliding velocity.pdf","/Users/julyanffzz/项目/Ioniclink/reference/Lubrication/Extracted/2013-rutland-Ionic liquid lubrication influence of ion structure, surface potential and sliding velocity.pdf",10.1039/C3CP52638K,high,matched_local_reference,imidazolium_fap_i_au,[EMIM] + [FAP]- / compound=zero / surface=Au(111) / potential=0.5 / velocity=12.0,"Au(111) FAP/I ion-structure, surface-potential, and sliding-velocity series.",no_film,no+film+dataset+0312.csv,30,True,[EMIM] +,[FAP]-,zero,Au(111),,3.045073482,0.3325,111.168,1,12.0,0,0.5,445.004,166.7913934,3.775688868,0,0.7,-0.02,0.0,0.2,8.81,2.837541431,7.1942,60.0,0,293,100.0,1,468.4882895,7.871070033,0.3,4.0,111.168,4_111.168,29.0,0.3000000167384036,1.673840360760792e-08,,0.0
polymeric_2022,Interfacial nanostructure and friction of a polymeric ionic liquid-ionic liquid mixture as a function of potential at Au(111) electrode interface,reference/Lubrication/Extracted/Interfacial nanostructure and friction of a polymeric ionic liquid-ionic.pdf,/Users/julyanffzz/项目/Ioniclink/reference/Lubrication/Extracted/Interfacial nanostructure and friction of a polymeric ionic liquid-ionic.pdf,10.1016/j.jcis.2021.08.067,high,matched_local_reference,bmim_tfsi_polymeric_au,[BMIm]+ [TFSI]- / compound=zero / surface=Au(111) / potential=-1.0 / velocity=6.0,"BMIM TFSI and PIL/BMIM TFSI mixture on Au(111), matching the 2022 polymeric ionic-liquid mixture study.",no_film,no+film+dataset+0312.csv,31,True,[BMIm]+,[TFSI]-,zero,Au(111),,3.310978931,1.1127,139.222,3,6.0,0,-1.0,280.147,190.8925906,3.359227186,0,0.7,-0.02,82.38,1.0,8.81,2.422977778,1.0593,60.0,0,298,100.0,1,384.7328028,5.284512596,0.006,0.0,139.222,0_139.222,30.0,0.0059999971699171,2.830082885055263e-09,,0.0
bmb_pc_2020,Electroresponsive structuring and friction of a non-halogenated ionic liquid in a polar solvent: effect of concentration,reference/Lubrication/3.10/2020-Rutland-Electroresponsive structuring and friction of a non-halogenated ionic liquid in a polar solvent effect of concentration.pdf,/Users/julyanffzz/项目/Ioniclink/reference/Lubrication/3.10/2020-Rutland-Electroresponsive structuring and friction of a non-halogenated ionic liquid in a polar solvent effect of concentration.pdf,10.1039/D0CP02736G,high,matched_local_reference,p66614_bmb_pc_au,"[P6,6,6,14]+ [BMB]- / compound=PC / surface=Au(111) / potential=0.0 / velocity=6.0","Exact P6,6,6,14 BMB in propylene carbonate on Au(111), matching the 2020 electroresponsive PC/gold paper.",no_film,no+film+dataset+0312.csv,32,True,"[P6,6,6,14]+",[BMB]-,PC,Au(111),,5.174799948,12.446,483.87,28,6.0,0,0.0,311.078,319.1282666,3.97427778,0,0.7,-0.02,71.06,0.835,0.0,4.337445108,2.0514,60.0,0,298,0.0,0,682.1804819,1.591434542,0.14,3.0,483.87,3_483.87,31.0,0.1400000001674743,1.6747436770714328e-10,,0.0
tribotronic_2016,Tribotronic control of friction in oil-based lubricants with ionic liquid additives,reference/Lubrication/3.10/2016-atkin-Tribotronic control of friction in oil-based lubricants with ionic liquid additives.pdf,/Users/julyanffzz/项目/Ioniclink/reference/Lubrication/3.10/2016-atkin-Tribotronic control of friction in oil-based lubricants with ionic liquid additives.pdf,10.1039/C6CP04405K,high,matched_local_reference,p66614_ic8_hexadecane_au,"[P6,6,6,14]+ [(iC8)2PO2]- / compound=hexadecane / surface=Au(111) / potential=-0.15 / velocity=6.5","Exact phosphonium phosphate ionic liquid additive in hexadecane on Au(111), matching the 2016 tribotronic gold study.",no_film,no+film+dataset+0312.csv,33,True,"[P6,6,6,14]+",[(iC8)2PO2]-,hexadecane,Au(111),,5.174799948,12.446,483.87,28,6.5,0,-0.15,289.42,319.1282666,4.246635376,0,0.7,-0.02,40.13,1.0,0.0,4.337445108,4.7694,60.0,0,298,10.0,0,281.6910727,4.359263597,0.314,5.0,483.87,5_483.87,32.0,0.3140000137436808,1.3743680804534364e-08,,0.0
ion_structure_2013,"Ionic liquid lubrication: influence of ion structure, surface potential and sliding velocity","reference/Lubrication/Extracted/2013-rutland-Ionic liquid lubrication influence of ion structure, surface potential and sliding velocity.pdf","/Users/julyanffzz/项目/Ioniclink/reference/Lubrication/Extracted/2013-rutland-Ionic liquid lubrication influence of ion structure, surface potential and sliding velocity.pdf",10.1039/C3CP52638K,high,matched_local_reference,imidazolium_fap_i_au,[HMIM]+ [FAP]- / compound=zero / surface=Au(111) / potential=0.0 / velocity=2.0,"Au(111) FAP/I ion-structure, surface-potential, and sliding-velocity series.",no_film,no+film+dataset+0312.csv,34,True,[HMIM]+,[FAP]-,zero,Au(111),,3.540263249,1.8929,167.276,5,2.0,0,0.0,445.004,215.3680851,3.775688868,0,0.7,-0.02,0.0,0.2,8.81,2.153242802,7.1942,60.0,0,293,100.0,1,468.4882895,7.871070033,0.28,4.0,167.276,4_167.276,33.0,0.2800000024251522,2.425152190177471e-09,,0.0
bmb_pc_2020,Electroresponsive structuring and friction of a non-halogenated ionic liquid in a polar solvent: effect of concentration,reference/Lubrication/3.10/2020-Rutland-Electroresponsive structuring and friction of a non-halogenated ionic liquid in a polar solvent effect of concentration.pdf,/Users/julyanffzz/项目/Ioniclink/reference/Lubrication/3.10/2020-Rutland-Electroresponsive structuring and friction of a non-halogenated ionic liquid in a polar solvent effect of concentration.pdf,10.1039/D0CP02736G,high,matched_local_reference,p66614_bmb_pc_au,"[P6,6,6,14]+ [BMB]- / compound=PC / surface=Au(111) / potential=-0.12 / velocity=12.0","Exact P6,6,6,14 BMB in propylene carbonate on Au(111), matching the 2020 electroresponsive PC/gold paper.",no_film,no+film+dataset+0312.csv,35,True,"[P6,6,6,14]+",[BMB]-,PC,Au(111),,5.174799948,12.446,483.87,28,12.0,0,-0.12,311.078,319.1282666,3.97427778,0,0.7,-0.02,71.06,0.835,0.0,4.337445108,2.0514,60.0,0,298,3.1,0,682.1804819,1.591434542,0.1096,2.0,483.87,2_483.87,34.0,0.1096000017917411,1.791741172096905e-09,,0.0
solvate_2017,Boundary layer friction of solvate ionic liquids as a function of potential,reference/Lubrication/2017-Rutland-Boundary layer friction of solvate ionic liquids as a function of potential.pdf,/Users/julyanffzz/项目/Ioniclink/reference/Lubrication/2017-Rutland-Boundary layer friction of solvate ionic liquids as a function of potential.pdf,,high,matched_local_reference,solvate_li_g4_potential,[Li(G4)]+ [N]- / compound=zero / surface=Au(111) / potential=-0.5 / velocity=6.0,Li(G4) solvate ionic liquid potential-dependent boundary-layer friction on Au(111)/HOPG.,no_film,no+film+dataset+0312.csv,36,True,[Li(G4)]+,[N]-,zero,Au(111),,3.859895249,-2.667,229.222,12,6.0,0,-0.5,62.004,103.3825112,2.192174955,0,0.7,-0.02,66.2,1.0,46.15,0.0,-0.2391,60.0,0,298,100.0,5,26.26466251,2.803039488,0.12,2.0,229.222,2_229.222,35.0,0.1199999954964121,4.503587835991141e-09,,0.0
ion_structure_2013,"Ionic liquid lubrication: influence of ion structure, surface potential and sliding velocity","reference/Lubrication/Extracted/2013-rutland-Ionic liquid lubrication influence of ion structure, surface potential and sliding velocity.pdf","/Users/julyanffzz/项目/Ioniclink/reference/Lubrication/Extracted/2013-rutland-Ionic liquid lubrication influence of ion structure, surface potential and sliding velocity.pdf",10.1039/C3CP52638K,high,matched_local_reference,imidazolium_fap_i_au,[BMIm]+ [I]- / compound=zero / surface=Au(111) / potential=-1.0 / velocity=2.0,"Au(111) FAP/I ion-structure, surface-potential, and sliding-velocity series.",no_film,no+film+dataset+0312.csv,37,True,[BMIm]+,[I]-,zero,Au(111),,3.310978931,1.1127,139.222,3,2.0,0,-1.0,126.904,190.8925906,2.113761051,0,0.7,-0.02,0.0,0.2,8.81,2.422977778,-2.996,60.0,0,293,100.0,1,0.0,0.0,0.24,4.0,139.222,4_139.222,36.0,0.2399999942135593,5.786440659960591e-09,,0.0
programmable_friction_2023,Investigation of Programmable Friction with Ionic Liquid Mixtures,reference/Lubrication/【无数据】2023-Investigation of Programmable Friction with Ionic Liquid.pdf,/Users/julyanffzz/项目/Ioniclink/reference/Lubrication/【无数据】2023-Investigation of Programmable Friction with Ionic Liquid.pdf,10.3390/lubricants11090376,medium,matched_local_reference,p66614_bta_doc_programmable,"[P6,6,6,14]+ [TFSI]- / compound=[P66614][Doc] / surface=stainless steel / potential=0.0 / velocity=130.0","BTA/Doc component strings and +/-4 V velocity-ramp stainless-steel program match the 2023 programmable-friction paper; dataset columns split mixture chemistry across anion/compound fields, so verify formulation before publication.",no_film,no+film+dataset+0312.csv,38,True,"[P6,6,6,14]+",[TFSI]-,[P66614][Doc],stainless steel,,5.174799948,12.446,483.87,28,130.0,1,0.0,280.147,319.1282666,3.359227186,0,0.07,0.01,82.38,320.0,0.0,4.337445108,1.0593,72.0,0,298,82.6,0,384.7328028,5.284512596,0.03155,1.0,483.87,1_483.87,37.0,0.0315500012444213,1.2444213645657063e-09,,0.0
bmb_pc_2020,Electroresponsive structuring and friction of a non-halogenated ionic liquid in a polar solvent: effect of concentration,reference/Lubrication/3.10/2020-Rutland-Electroresponsive structuring and friction of a non-halogenated ionic liquid in a polar solvent effect of concentration.pdf,/Users/julyanffzz/项目/Ioniclink/reference/Lubrication/3.10/2020-Rutland-Electroresponsive structuring and friction of a non-halogenated ionic liquid in a polar solvent effect of concentration.pdf,10.1039/D0CP02736G,high,matched_local_reference,p66614_bmb_pc_au,"[P6,6,6,14]+ [BMB]- / compound=PC / surface=Au(111) / potential=0.25 / velocity=12.0","Exact P6,6,6,14 BMB in propylene carbonate on Au(111), matching the 2020 electroresponsive PC/gold paper.",no_film,no+film+dataset+0312.csv,39,True,"[P6,6,6,14]+",[BMB]-,PC,Au(111),,5.174799948,12.446,483.87,28,12.0,0,0.25,311.078,319.1282666,3.97427778,0,0.7,-0.02,71.06,0.835,0.0,4.337445108,2.0514,60.0,0,298,0.67,0,682.1804819,1.591434542,0.1162,2.0,483.87,2_483.87,38.0,0.1161999999835374,1.64625257870199e-11,,0.0
ion_structure_2013,"Ionic liquid lubrication: influence of ion structure, surface potential and sliding velocity","reference/Lubrication/Extracted/2013-rutland-Ionic liquid lubrication influence of ion structure, surface potential and sliding velocity.pdf","/Users/julyanffzz/项目/Ioniclink/reference/Lubrication/Extracted/2013-rutland-Ionic liquid lubrication influence of ion structure, surface potential and sliding velocity.pdf",10.1039/C3CP52638K,high,matched_local_reference,imidazolium_fap_i_au,[EMIM] + [FAP]- / compound=zero / surface=Au(111) / potential=1.0 / velocity=6.0,"Au(111) FAP/I ion-structure, surface-potential, and sliding-velocity series.",no_film,no+film+dataset+0312.csv,40,True,[EMIM] +,[FAP]-,zero,Au(111),,3.045073482,0.3325,111.168,1,6.0,0,1.0,445.004,166.7913934,3.775688868,0,0.7,-0.02,0.0,0.2,8.81,2.837541431,7.1942,60.0,0,293,100.0,1,468.4882895,7.871070033,0.35,5.0,111.168,5_111.168,39.0,0.3499999982039523,1.796047699453851e-09,,0.0
tribotronic_2016,Tribotronic control of friction in oil-based lubricants with ionic liquid additives,reference/Lubrication/3.10/2016-atkin-Tribotronic control of friction in oil-based lubricants with ionic liquid additives.pdf,/Users/julyanffzz/项目/Ioniclink/reference/Lubrication/3.10/2016-atkin-Tribotronic control of friction in oil-based lubricants with ionic liquid additives.pdf,10.1039/C6CP04405K,high,matched_local_reference,p66614_ic8_hexadecane_au,"[P6,6,6,14]+ [(iC8)2PO2]- / compound=hexadecane / surface=Au(111) / potential=-1.0 / velocity=6.5","Exact phosphonium phosphate ionic liquid additive in hexadecane on Au(111), matching the 2016 tribotronic gold study.",no_film,no+film+dataset+0312.csv,41,True,"[P6,6,6,14]+",[(iC8)2PO2]-,hexadecane,Au(111),,5.174799948,12.446,483.87,28,6.5,0,-1.0,289.42,319.1282666,4.246635376,0,0.7,-0.02,40.13,1.0,0.0,4.337445108,4.7694,60.0,0,298,100.0,0,281.6910727,4.359263597,0.015,0.0,483.87,0_483.87,40.0,0.0150000011763046,1.1763046786628095e-09,,0.0
polymeric_2022,Interfacial nanostructure and friction of a polymeric ionic liquid-ionic liquid mixture as a function of potential at Au(111) electrode interface,reference/Lubrication/Extracted/Interfacial nanostructure and friction of a polymeric ionic liquid-ionic.pdf,/Users/julyanffzz/项目/Ioniclink/reference/Lubrication/Extracted/Interfacial nanostructure and friction of a polymeric ionic liquid-ionic.pdf,10.1016/j.jcis.2021.08.067,high,matched_local_reference,bmim_tfsi_polymeric_au,[BMIm]+ [TFSI]- / compound=PIL / surface=Au(111) / potential=0.0 / velocity=6.0,"BMIM TFSI and PIL/BMIM TFSI mixture on Au(111), matching the 2022 polymeric ionic-liquid mixture study.",no_film,no+film+dataset+0312.csv,42,True,[BMIm]+,[TFSI]-,PIL,Au(111),,3.310978931,1.1127,139.222,3,6.0,0,0.0,280.147,190.8925906,3.359227186,0,0.7,-0.02,82.38,1.0,8.81,2.422977778,1.0593,60.0,0,298,95.0,1,384.7328028,5.284512596,0.634,6.0,139.222,6_139.222,41.0,0.6339999990816545,9.183455107475423e-10,,0.0
ean_mica_2012,Ionic liquid nanotribology: mica-silica interactions in ethylammonium nitrate,reference/Lubrication/Extracted/2012-rutland-Ionic liquid nanotribology mica–silica interactions in ethylammonium nitrate.pdf,/Users/julyanffzz/项目/Ioniclink/reference/Lubrication/Extracted/2012-rutland-Ionic liquid nanotribology mica–silica interactions in ethylammonium nitrate.pdf,10.1039/C2SM25620K,high,matched_local_reference,ean_mica_silica_2012,[EA]+ [N]- / compound=zero / surface=mica / potential=0.0 / velocity=20.0,"EAN on mica/silica nanotribology system. Some EAN rows overlap ion-structure comparisons, but this is the EAN-specific primary paper in the local Lubrication corpus.",no_film,no+film+dataset+0312.csv,43,True,[EA]+,[N]-,zero,mica,,2.431285504,-0.7518,46.093,0,20.0,0,0.0,62.004,2.754887502,2.192174955,1,1.77,-0.16,66.2,0.0569,27.64,1.632993162,-0.2391,0.0,0,298,100.0,0,26.26466251,2.803039488,0.100018741,2.0,46.093,2_46.093,42.0,0.1905093647704287,0.0904906237704287,,1.0
bmim_aot_water_2025,Potential-dependent superlubricity of stainless steel and Au(111) using a water-in-surface-active ionic liquid mixture,reference/Lubrication/Extracted/2025-Potential-dependent superlubricity of stainless steel and Au(111) using a.pdf,/Users/julyanffzz/项目/Ioniclink/reference/Lubrication/Extracted/2025-Potential-dependent superlubricity of stainless steel and Au(111) using a.pdf,,high,matched_local_reference,bmim_aot_h2o_au_stainless,[BMIm]+ [AOT]- / compound=H2O / surface=Au(111) / potential=0.0 / velocity=6.0,1.6 M [BMIm][AOT] water-in-surface-active ionic liquid mixture on Au(111)/stainless steel.,no_film,no+film+dataset+0312.csv,44,True,[BMIm]+,[AOT]-,H2O,Au(111),,3.310978931,1.1127,139.222,3,6.0,0,0.0,421.576,190.8925906,4.637037402,0,0.7,-0.02,109.8,0.2,8.81,2.422977778,3.8095,60.0,1,298,16.5,1,544.7574562,4.726289834,0.524,6.0,139.222,6_139.222,43.0,0.5239999900364886,9.963511460320262e-09,,0.0
ion_structure_2013,"Ionic liquid lubrication: influence of ion structure, surface potential and sliding velocity","reference/Lubrication/Extracted/2013-rutland-Ionic liquid lubrication influence of ion structure, surface potential and sliding velocity.pdf","/Users/julyanffzz/项目/Ioniclink/reference/Lubrication/Extracted/2013-rutland-Ionic liquid lubrication influence of ion structure, surface potential and sliding velocity.pdf",10.1039/C3CP52638K,high,matched_local_reference,imidazolium_fap_i_au,[HMIM]+ [FAP]- / compound=zero / surface=Au(111) / potential=1.5 / velocity=2.0,"Au(111) FAP/I ion-structure, surface-potential, and sliding-velocity series.",no_film,no+film+dataset+0312.csv,45,True,[HMIM]+,[FAP]-,zero,Au(111),,3.540263249,1.8929,167.276,5,2.0,0,1.5,445.004,215.3680851,3.775688868,0,0.7,-0.02,0.0,0.2,8.81,2.153242802,7.1942,60.0,0,293,100.0,1,468.4882895,7.871070033,0.41,5.0,167.276,5_167.276,44.0,0.4099999954263266,4.573673328955863e-09,,0.0
protic_2014,Effect of ion structure on nanoscale friction in protic ionic liquids,reference/Lubrication/Extracted/2014-Rutland-Effect of ion structure on nanoscale friction in protic ionic liquids.pdf,/Users/julyanffzz/项目/Ioniclink/reference/Lubrication/Extracted/2014-Rutland-Effect of ion structure on nanoscale friction in protic ionic liquids.pdf,,high,matched_local_reference,protic_ion_structure_2014,[DMEA]+ [F]- / compound=zero / surface=mica / potential=0.0 / velocity=5.0,"Protic ionic-liquid ion-structure series on mica/silica, covering EA/PA/DMEA/EtA nitrate/formate systems.",no_film,no+film+dataset+0312.csv,46,True,[DMEA]+,[F]-,zero,mica,,2.824148313,-0.8492,74.147,1,5.0,0,0.0,45.017,17.60964047,2.091441062,1,1.77,-0.16,40.13,0.0569,4.44,2.539538861,-1.6339,0.0,0,298,100.0,0,10.26466251,2.187496097,0.508860759,6.0,74.147,6_74.147,45.0,0.5088607669977052,7.997705164797253e-09,,1.0
bmim_aot_water_2025,Potential-dependent superlubricity of stainless steel and Au(111) using a water-in-surface-active ionic liquid mixture,reference/Lubrication/Extracted/2025-Potential-dependent superlubricity of stainless steel and Au(111) using a.pdf,/Users/julyanffzz/项目/Ioniclink/reference/Lubrication/Extracted/2025-Potential-dependent superlubricity of stainless steel and Au(111) using a.pdf,,high,matched_local_reference,bmim_aot_h2o_au_stainless,[BMIm]+ [AOT]- / compound=H2O / surface=Au(111) / potential=-0.5 / velocity=6.0,1.6 M [BMIm][AOT] water-in-surface-active ionic liquid mixture on Au(111)/stainless steel.,no_film,no+film+dataset+0312.csv,47,True,[BMIm]+,[AOT]-,H2O,Au(111),,3.310978931,1.1127,139.222,3,6.0,0,-0.5,421.576,190.8925906,4.637037402,0,0.7,-0.02,109.8,0.2,8.81,2.422977778,3.8095,60.0,1,298,16.5,1,544.7574562,4.726289834,0.312,4.0,139.222,4_139.222,46.0,0.3120000064523461,6.452346101859518e-09,,0.0
polymeric_2022,Interfacial nanostructure and friction of a polymeric ionic liquid-ionic liquid mixture as a function of potential at Au(111) electrode interface,reference/Lubrication/Extracted/Interfacial nanostructure and friction of a polymeric ionic liquid-ionic.pdf,/Users/julyanffzz/项目/Ioniclink/reference/Lubrication/Extracted/Interfacial nanostructure and friction of a polymeric ionic liquid-ionic.pdf,10.1016/j.jcis.2021.08.067,high,matched_local_reference,bmim_tfsi_polymeric_au,[BMIm]+ [TFSI]- / compound=PIL / surface=Au(111) / potential=1.0 / velocity=6.0,"BMIM TFSI and PIL/BMIM TFSI mixture on Au(111), matching the 2022 polymeric ionic-liquid mixture study.",no_film,no+film+dataset+0312.csv,48,True,[BMIm]+,[TFSI]-,PIL,Au(111),,3.310978931,1.1127,139.222,3,6.0,0,1.0,280.147,190.8925906,3.359227186,0,0.7,-0.02,82.38,1.0,8.81,2.422977778,1.0593,60.0,0,298,95.0,1,384.7328028,5.284512596,0.184,3.0,139.222,3_139.222,47.0,0.1840000022840654,2.28406546454174e-09,,0.0
tribotronic_2016,Tribotronic control of friction in oil-based lubricants with ionic liquid additives,reference/Lubrication/3.10/2016-atkin-Tribotronic control of friction in oil-based lubricants with ionic liquid additives.pdf,/Users/julyanffzz/项目/Ioniclink/reference/Lubrication/3.10/2016-atkin-Tribotronic control of friction in oil-based lubricants with ionic liquid additives.pdf,10.1039/C6CP04405K,high,matched_local_reference,p66614_ic8_hexadecane_au,"[P6,6,6,14]+ [(iC8)2PO2]- / compound=hexadecane / surface=Au(111) / potential=1.0 / velocity=6.5","Exact phosphonium phosphate ionic liquid additive in hexadecane on Au(111), matching the 2016 tribotronic gold study.",no_film,no+film+dataset+0312.csv,49,True,"[P6,6,6,14]+",[(iC8)2PO2]-,hexadecane,Au(111),,5.174799948,12.446,483.87,28,6.5,0,1.0,289.42,319.1282666,4.246635376,0,0.7,-0.02,40.13,1.0,0.0,4.337445108,4.7694,60.0,0,298,10.0,0,281.6910727,4.359263597,0.763,6.0,483.87,6_483.87,48.0,0.7630000100967214,1.0096721347885308e-08,,0.0
ion_structure_2013,"Ionic liquid lubrication: influence of ion structure, surface potential and sliding velocity","reference/Lubrication/Extracted/2013-rutland-Ionic liquid lubrication influence of ion structure, surface potential and sliding velocity.pdf","/Users/julyanffzz/项目/Ioniclink/reference/Lubrication/Extracted/2013-rutland-Ionic liquid lubrication influence of ion structure, surface potential and sliding velocity.pdf",10.1039/C3CP52638K,high,matched_local_reference,imidazolium_fap_i_au,[EMIM] + [FAP]- / compound=zero / surface=Au(111) / potential=1.0 / velocity=20.0,"Au(111) FAP/I ion-structure, surface-potential, and sliding-velocity series.",no_film,no+film+dataset+0312.csv,50,True,[EMIM] +,[FAP]-,zero,Au(111),,3.045073482,0.3325,111.168,1,20.0,0,1.0,445.004,166.7913934,3.775688868,0,0.7,-0.02,0.0,0.2,8.81,2.837541431,7.1942,60.0,0,293,100.0,1,468.4882895,7.871070033,0.36,5.0,111.168,5_111.168,49.0,0.3600000162171086,1.6217108655958157e-08,,0.0
control_gold_2012,Control of Nanoscale Friction on Gold in an Ionic Liquid by a Potential-Dependent Ionic Lubricant Layer,reference/Lubrication/3.10/2012-Rutland-Control of Nanoscale Friction on Gold in an Ionic Liquid by a Potential-Dependent Ionic Lubricant Layer.pdf,/Users/julyanffzz/项目/Ioniclink/reference/Lubrication/3.10/2012-Rutland-Control of Nanoscale Friction on Gold in an Ionic Liquid by a Potential-Dependent Ionic Lubricant Layer.pdf,,high,matched_local_reference,py14_fap_au,"[Py1,4]+ [FAP]- / compound=zero / surface=Au(111) / potential=-2.0 / velocity=6.0","Exact [Py1,4][FAP] on Au(111) potential-dependent lubricant layer system.",no_film,no+film+dataset+0312.csv,51,True,"[Py1,4]+",[FAP]-,zero,Au(111),,3.423597497,2.0269,142.266,3,6.0,0,-2.0,445.004,92.90138861,3.775688868,1,0.7,-0.02,0.0,1.0,0.0,2.21874475,7.1942,60.0,0,298,100.0,0,468.4882895,7.871070033,0.19,3.0,142.266,3_142.266,50.0,0.18999999812052,1.8794800160648606e-09,,0.0
protic_2014,Effect of ion structure on nanoscale friction in protic ionic liquids,reference/Lubrication/Extracted/2014-Rutland-Effect of ion structure on nanoscale friction in protic ionic liquids.pdf,/Users/julyanffzz/项目/Ioniclink/reference/Lubrication/Extracted/2014-Rutland-Effect of ion structure on nanoscale friction in protic ionic liquids.pdf,,high,matched_local_reference,protic_ion_structure_2014,[EtA]+ [N]- / compound=zero / surface=mica / potential=0.0 / velocity=30.0,"Protic ionic-liquid ion-structure series on mica/silica, covering EA/PA/DMEA/EtA nitrate/formate systems.",no_film,no+film+dataset+0312.csv,52,True,[EtA]+,[N]-,zero,mica,,2.543129445,-1.7794,62.092,1,30.0,0,0.0,62.004,8.0,2.192174955,1,1.77,-0.16,66.2,0.0569,47.87,1.974744871,-0.2391,0.0,0,298,100.0,1,26.26466251,2.803039488,0.77721519,6.0,62.092,6_62.092,51.0,0.7772151826428433,7.357156661669251e-09,,2.0
programmable_friction_2023,Investigation of Programmable Friction with Ionic Liquid Mixtures,reference/Lubrication/【无数据】2023-Investigation of Programmable Friction with Ionic Liquid.pdf,/Users/julyanffzz/项目/Ioniclink/reference/Lubrication/【无数据】2023-Investigation of Programmable Friction with Ionic Liquid.pdf,10.3390/lubricants11090376,medium,matched_local_reference,p66614_bta_doc_programmable,"[P6,6,6,14]+ [AOT]- / compound=[P66614][BTA] / surface=stainless steel / potential=-4.0 / velocity=13.0","BTA/Doc component strings and +/-4 V velocity-ramp stainless-steel program match the 2023 programmable-friction paper; dataset columns split mixture chemistry across anion/compound fields, so verify formulation before publication.",no_film,no+film+dataset+0312.csv,53,True,"[P6,6,6,14]+",[AOT]-,[P66614][BTA],stainless steel,,5.174799948,12.446,483.87,28,13.0,1,-4.0,421.576,319.1282666,4.637037402,0,0.07,0.01,109.8,320.0,0.0,4.337445108,3.8095,72.0,0,298,17.4,0,544.7574562,4.726289834,0.00102,0.0,483.87,0_483.87,52.0,0.0010199994007014,5.992985344094315e-10,,0.0
tribotronic_2016,Tribotronic control of friction in oil-based lubricants with ionic liquid additives,reference/Lubrication/3.10/2016-atkin-Tribotronic control of friction in oil-based lubricants with ionic liquid additives.pdf,/Users/julyanffzz/项目/Ioniclink/reference/Lubrication/3.10/2016-atkin-Tribotronic control of friction in oil-based lubricants with ionic liquid additives.pdf,10.1039/C6CP04405K,high,matched_local_reference,p66614_ic8_hexadecane_au,"[P6,6,6,14]+ [(iC8)2PO2]- / compound=hexadecane / surface=Au(111) / potential=0.15 / velocity=6.5","Exact phosphonium phosphate ionic liquid additive in hexadecane on Au(111), matching the 2016 tribotronic gold study.",no_film,no+film+dataset+0312.csv,54,True,"[P6,6,6,14]+",[(iC8)2PO2]-,hexadecane,Au(111),,5.174799948,12.446,483.87,28,6.5,0,0.15,289.42,319.1282666,4.246635376,0,0.7,-0.02,40.13,1.0,0.0,4.337445108,4.7694,60.0,0,298,1.0,0,281.6910727,4.359263597,0.395,5.0,483.87,5_483.87,53.0,0.3950000108293618,1.0829361851705244e-08,,0.0
surface_active_2024,Surface-active ionic liquids as lubricant additives to hexadecane and diethyl succinate,reference/Lubrication/Extracted/Surface-active ionic liquids as lubricant additives to hexadecane and diethyl succinate.pdf,/Users/julyanffzz/项目/Ioniclink/reference/Lubrication/Extracted/Surface-active ionic liquids as lubricant additives to hexadecane and diethyl succinate.pdf,,high,matched_local_reference,p66614_aot_ds_stainless_additives,"[P6,6,6,14]+ [AOT]- / compound=(CH2CO2Et)2 / surface=stainless steel / potential=1.24 / velocity=6.0",Surface-active phosphonium AOT/DS additives in hexadecane or diethyl succinate on stainless steel.,no_film,no+film+dataset+0312.csv,55,True,"[P6,6,6,14]+",[AOT]-,(CH2CO2Et)2,stainless steel,,5.174799948,12.446,483.87,28,6.0,1,1.24,421.576,319.1282666,4.637037402,0,0.07,0.01,109.8,0.9,0.0,4.337445108,3.8095,72.0,0,298,1.002,0,544.7574562,4.726289834,0.36,5.0,483.87,5_483.87,54.0,0.3600000136461093,1.3646109298104392e-08,,0.0
ean_stiction_2012,Ionic Liquid Nanotribology: Stiction Suppression and Surface-Induced Shear Thinning,reference/Lubrication/Extracted/2012-atkin-Ionic Liquid Nanotribology Stiction Suppression and SurfaceInduced Shear Thinning.pdf,/Users/julyanffzz/项目/Ioniclink/reference/Lubrication/Extracted/2012-atkin-Ionic Liquid Nanotribology Stiction Suppression and SurfaceInduced Shear Thinning.pdf,,high,matched_local_reference,ean_stiction_silica_ptfe_2012,[EA]+ [N]- / compound=zero / surface=polytetrafluoroethylene PTFE / potential=0.0 / velocity=20.0,EAN silica-silica / silica-PTFE stiction-suppression and shear-thinning figure series.,no_film,no+film+dataset+0312.csv,56,True,[EA]+,[N]-,zero,polytetrafluoroethylene PTFE,,2.431285504,-0.7518,46.093,0,20.0,0,0.0,62.004,2.754887502,2.192174955,1,0.019,-5e-05,66.2,7.0,27.64,1.632993162,-0.2391,110.0,0,298,100.0,0,26.26466251,2.803039488,0.130645161,3.0,46.093,3_46.093,55.0,0.1306451556724779,5.327522090148307e-09,,1.0
surface_active_2024,Surface-active ionic liquids as lubricant additives to hexadecane and diethyl succinate,reference/Lubrication/Extracted/Surface-active ionic liquids as lubricant additives to hexadecane and diethyl succinate.pdf,/Users/julyanffzz/项目/Ioniclink/reference/Lubrication/Extracted/Surface-active ionic liquids as lubricant additives to hexadecane and diethyl succinate.pdf,,high,matched_local_reference,p66614_aot_ds_stainless_additives,"[P6,6,6,14]+ [AOT]- / compound=hexadecane / surface=stainless steel / potential=0.0 / velocity=6.0",Surface-active phosphonium AOT/DS additives in hexadecane or diethyl succinate on stainless steel.,no_film,no+film+dataset+0312.csv,57,True,"[P6,6,6,14]+",[AOT]-,hexadecane,stainless steel,,5.174799948,12.446,483.87,28,6.0,1,0.0,421.576,319.1282666,4.637037402,0,0.07,0.01,109.8,0.9,0.0,4.337445108,3.8095,72.0,0,298,0.0,0,544.7574562,4.726289834,0.95,7.0,483.87,7_483.87,56.0,0.9650000035540336,0.0150000035540336,,0.0
ion_structure_2013,"Ionic liquid lubrication: influence of ion structure, surface potential and sliding velocity","reference/Lubrication/Extracted/2013-rutland-Ionic liquid lubrication influence of ion structure, surface potential and sliding velocity.pdf","/Users/julyanffzz/项目/Ioniclink/reference/Lubrication/Extracted/2013-rutland-Ionic liquid lubrication influence of ion structure, surface potential and sliding velocity.pdf",10.1039/C3CP52638K,high,matched_local_reference,imidazolium_fap_i_au,[BMIm]+ [FAP]- / compound=zero / surface=Au(111) / potential=1.0 / velocity=2.0,"Au(111) FAP/I ion-structure, surface-potential, and sliding-velocity series.",no_film,no+film+dataset+0312.csv,58,True,[BMIm]+,[FAP]-,zero,Au(111),,3.310978931,1.1127,139.222,3,2.0,0,1.0,445.004,190.8925906,3.775688868,0,0.7,-0.02,0.0,0.2,8.81,2.422977778,7.1942,60.0,0,293,100.0,1,468.4882895,7.871070033,0.38,5.0,139.222,5_139.222,57.0,0.3799999944763876,5.523612400804012e-09,,0.0
protic_2014,Effect of ion structure on nanoscale friction in protic ionic liquids,reference/Lubrication/Extracted/2014-Rutland-Effect of ion structure on nanoscale friction in protic ionic liquids.pdf,/Users/julyanffzz/项目/Ioniclink/reference/Lubrication/Extracted/2014-Rutland-Effect of ion structure on nanoscale friction in protic ionic liquids.pdf,,high,matched_local_reference,protic_ion_structure_2014,[PA]+ [N]- / compound=zero / surface=mica / potential=0.0 / velocity=40.0,"Protic ionic-liquid ion-structure series on mica/silica, covering EA/PA/DMEA/EtA nitrate/formate systems.",no_film,no+film+dataset+0312.csv,59,True,[PA]+,[N]-,zero,mica,,2.642365161,-0.3617,60.12,1,40.0,0,0.0,62.004,5.245112498,2.192174955,1,1.77,-0.16,66.2,0.0569,27.64,1.974744871,-0.2391,0.0,0,298,100.0,0,26.26466251,2.803039488,1.1,7.0,60.12,7_60.12,58.0,1.1000000232456206,2.3245620539569245e-08,,1.0
superlubricity_hopg_2014,An ionic liquid lubricant enables superlubricity to be switched on in situ using an electrical potential,reference/Lubrication/3.10/2014-atkin-An ionic liquid lubricant enables superlubricity to be “switched on” in situ usin.pdf,/Users/julyanffzz/项目/Ioniclink/reference/Lubrication/3.10/2014-atkin-An ionic liquid lubricant enables superlubricity to be “switched on” in situ usin.pdf,10.1039/C4CC00979G,high,matched_local_reference,hmim_fap_hopg,[HMIM]+ [FAP]- / compound=zero / surface=HOPG / potential=-1.5 / velocity=6.0,[HMIM][FAP] on HOPG potential-dependent superlubricity system.,no_film,no+film+dataset+0312.csv,60,True,[HMIM]+,[FAP]-,zero,HOPG,,3.540263249,1.8929,167.276,5,6.0,0,-1.5,445.004,215.3680851,3.775688868,0,0.05,-0.0002,0.0,0.89,8.81,2.153242802,7.1942,85.0,0,298,100.0,1,468.4882895,7.871070033,0.0217,1.0,167.276,1_167.276,59.0,0.0217000000762686,7.626859907516881e-11,,0.0
solvate_2017,Boundary layer friction of solvate ionic liquids as a function of potential,reference/Lubrication/2017-Rutland-Boundary layer friction of solvate ionic liquids as a function of potential.pdf,/Users/julyanffzz/项目/Ioniclink/reference/Lubrication/2017-Rutland-Boundary layer friction of solvate ionic liquids as a function of potential.pdf,,high,matched_local_reference,solvate_li_g4_potential,[Li(G4)]+ [TFSI]- / compound=zero / surface=Au(111) / potential=-0.5 / velocity=6.0,Li(G4) solvate ionic liquid potential-dependent boundary-layer friction on Au(111)/HOPG.,no_film,no+film+dataset+0312.csv,61,True,[Li(G4)]+,[TFSI]-,zero,Au(111),,3.859895249,-2.667,229.222,12,6.0,0,-0.5,280.147,103.3825112,3.359227186,0,0.7,-0.02,82.38,1.0,46.15,0.0,1.0593,60.0,0,298,100.0,5,384.7328028,5.284512596,0.12,2.0,229.222,2_229.222,60.0,0.1199999995085139,4.914860740612426e-10,,0.0
polymeric_2022,Interfacial nanostructure and friction of a polymeric ionic liquid-ionic liquid mixture as a function of potential at Au(111) electrode interface,reference/Lubrication/Extracted/Interfacial nanostructure and friction of a polymeric ionic liquid-ionic.pdf,/Users/julyanffzz/项目/Ioniclink/reference/Lubrication/Extracted/Interfacial nanostructure and friction of a polymeric ionic liquid-ionic.pdf,10.1016/j.jcis.2021.08.067,high,matched_local_reference,bmim_tfsi_polymeric_au,[BMIm]+ [TFSI]- / compound=PIL / surface=Au(111) / potential=-1.0 / velocity=6.0,"BMIM TFSI and PIL/BMIM TFSI mixture on Au(111), matching the 2022 polymeric ionic-liquid mixture study.",no_film,no+film+dataset+0312.csv,62,True,[BMIm]+,[TFSI]-,PIL,Au(111),,3.310978931,1.1127,139.222,3,6.0,0,-1.0,280.147,190.8925906,3.359227186,0,0.7,-0.02,82.38,1.0,8.81,2.422977778,1.0593,60.0,0,298,95.0,1,384.7328028,5.284512596,0.911,7.0,139.222,7_139.222,61.0,0.9110000157216634,1.57216634155688e-08,,0.0
bmim_aot_water_2025,Potential-dependent superlubricity of stainless steel and Au(111) using a water-in-surface-active ionic liquid mixture,reference/Lubrication/Extracted/2025-Potential-dependent superlubricity of stainless steel and Au(111) using a.pdf,/Users/julyanffzz/项目/Ioniclink/reference/Lubrication/Extracted/2025-Potential-dependent superlubricity of stainless steel and Au(111) using a.pdf,,high,matched_local_reference,bmim_aot_h2o_au_stainless,[BMIm]+ [AOT]- / compound=H2O / surface=stainless steel / potential=1.0 / velocity=6.0,1.6 M [BMIm][AOT] water-in-surface-active ionic liquid mixture on Au(111)/stainless steel.,no_film,no+film+dataset+0312.csv,63,True,[BMIm]+,[AOT]-,H2O,stainless steel,,3.310978931,1.1127,139.222,3,6.0,1,1.0,421.576,190.8925906,4.637037402,0,0.07,0.01,109.8,0.8,8.81,2.422977778,3.8095,72.0,1,298,16.5,1,544.7574562,4.726289834,0.009,0.0,139.222,0_139.222,62.0,0.0089999998900573,1.0994265740860154e-10,,0.0
ean_mica_2012,Ionic liquid nanotribology: mica-silica interactions in ethylammonium nitrate,reference/Lubrication/Extracted/2012-rutland-Ionic liquid nanotribology mica–silica interactions in ethylammonium nitrate.pdf,/Users/julyanffzz/项目/Ioniclink/reference/Lubrication/Extracted/2012-rutland-Ionic liquid nanotribology mica–silica interactions in ethylammonium nitrate.pdf,10.1039/C2SM25620K,high,matched_local_reference,ean_mica_silica_2012,[EA]+ [N]- / compound=zero / surface=mica / potential=0.0 / velocity=30.0,"EAN on mica/silica nanotribology system. Some EAN rows overlap ion-structure comparisons, but this is the EAN-specific primary paper in the local Lubrication corpus.",no_film,no+film+dataset+0312.csv,64,True,[EA]+,[N]-,zero,mica,,2.431285504,-0.7518,46.093,0,30.0,0,0.0,62.004,2.754887502,2.192174955,1,1.77,-0.16,66.2,0.0569,27.64,1.632993162,-0.2391,0.0,0,369,100.0,0,26.26466251,2.803039488,0.352,5.0,46.093,5_46.093,63.0,0.3519999987362549,1.2637450530483812e-09,,1.0
programmable_friction_2023,Investigation of Programmable Friction with Ionic Liquid Mixtures,reference/Lubrication/【无数据】2023-Investigation of Programmable Friction with Ionic Liquid.pdf,/Users/julyanffzz/项目/Ioniclink/reference/Lubrication/【无数据】2023-Investigation of Programmable Friction with Ionic Liquid.pdf,10.3390/lubricants11090376,medium,matched_local_reference,p66614_bta_doc_programmable,"[P6,6,6,14]+ [AOT]- / compound=[P66614][BTA] / surface=stainless steel / potential=-4.0 / velocity=130.0","BTA/Doc component strings and +/-4 V velocity-ramp stainless-steel program match the 2023 programmable-friction paper; dataset columns split mixture chemistry across anion/compound fields, so verify formulation before publication.",no_film,no+film+dataset+0312.csv,65,True,"[P6,6,6,14]+",[AOT]-,[P66614][BTA],stainless steel,,5.174799948,12.446,483.87,28,130.0,1,-4.0,421.576,319.1282666,4.637037402,0,0.07,0.01,109.8,320.0,0.0,4.337445108,3.8095,72.0,0,298,17.4,0,544.7574562,4.726289834,0.000288,0.0,483.87,0_483.87,64.0,0.0002879991803595,8.196404561468772e-10,,0.0
bmb_pc_2020,Electroresponsive structuring and friction of a non-halogenated ionic liquid in a polar solvent: effect of concentration,reference/Lubrication/3.10/2020-Rutland-Electroresponsive structuring and friction of a non-halogenated ionic liquid in a polar solvent effect of concentration.pdf,/Users/julyanffzz/项目/Ioniclink/reference/Lubrication/3.10/2020-Rutland-Electroresponsive structuring and friction of a non-halogenated ionic liquid in a polar solvent effect of concentration.pdf,10.1039/D0CP02736G,high,matched_local_reference,p66614_bmb_pc_au,"[P6,6,6,14]+ [BMB]- / compound=PC / surface=Au(111) / potential=-1.0 / velocity=1.0","Exact P6,6,6,14 BMB in propylene carbonate on Au(111), matching the 2020 electroresponsive PC/gold paper.",no_film,no+film+dataset+0312.csv,66,True,"[P6,6,6,14]+",[BMB]-,PC,Au(111),,5.174799948,12.446,483.87,28,1.0,0,-1.0,311.078,319.1282666,3.97427778,0,0.7,-0.02,71.06,0.835,0.0,4.337445108,2.0514,60.0,0,298,3.1,0,682.1804819,1.591434542,0.0944,2.0,483.87,2_483.87,65.0,0.0944000022536481,2.2536481431023603e-09,,0.0
protic_2014,Effect of ion structure on nanoscale friction in protic ionic liquids,reference/Lubrication/Extracted/2014-Rutland-Effect of ion structure on nanoscale friction in protic ionic liquids.pdf,/Users/julyanffzz/项目/Ioniclink/reference/Lubrication/Extracted/2014-Rutland-Effect of ion structure on nanoscale friction in protic ionic liquids.pdf,,high,matched_local_reference,protic_ion_structure_2014,[PA]+ [N]- / compound=zero / surface=silica / potential=0.0 / velocity=10.0,"Protic ionic-liquid ion-structure series on mica/silica, covering EA/PA/DMEA/EtA nitrate/formate systems.",no_film,no+film+dataset+0312.csv,67,True,[PA]+,[N]-,zero,silica,,2.642365161,-0.3617,60.12,1,10.0,0,0.0,62.004,5.245112498,2.192174955,1,0.2,-0.07,66.2,0.5,27.64,1.974744871,-0.2391,20.7,0,298,100.0,0,26.26466251,2.803039488,1.02,7.0,60.12,7_60.12,66.0,1.0199999798637704,2.0136229572642605e-08,,1.0
roughness_2020,Effects of Nanoscale Roughness on the Lubricious Behavior of an Ionic Liquid,reference/Lubrication/Extracted/Adv Materials Inter - 2020 - Nalam - Effects of Nanoscale Roughness on the Lubricious Behavior of an Ionic Liquid.pdf,/Users/julyanffzz/项目/Ioniclink/reference/Lubrication/Extracted/Adv Materials Inter - 2020 - Nalam - Effects of Nanoscale Roughness on the Lubricious Behavior of an Ionic Liquid.pdf,,high,matched_local_reference,hmim_tfsi_silica_roughness,[HMIM]+ [TFSI]- / compound=zero / surface=silica / potential=0.0 / velocity=5.0,[HMIM][TFSI] on silica surfaces with nanoscale roughness series.,no_film,no+film+dataset+0312.csv,68,True,[HMIM]+,[TFSI]-,zero,silica,,3.540263249,1.8929,167.276,5,5.0,0,0.0,280.147,215.3680851,3.359227186,0,0.2,-0.07,82.38,6.03,8.81,2.153242802,1.0593,20.7,0,298,100.0,1,384.7328028,5.284512596,0.036,1.0,167.276,1_167.276,67.0,0.0359999989119205,1.0880794251710846e-09,,0.0
ion_structure_2013,"Ionic liquid lubrication: influence of ion structure, surface potential and sliding velocity","reference/Lubrication/Extracted/2013-rutland-Ionic liquid lubrication influence of ion structure, surface potential and sliding velocity.pdf","/Users/julyanffzz/项目/Ioniclink/reference/Lubrication/Extracted/2013-rutland-Ionic liquid lubrication influence of ion structure, surface potential and sliding velocity.pdf",10.1039/C3CP52638K,high,matched_local_reference,imidazolium_fap_i_au,[BMIm]+ [FAP]- / compound=zero / surface=Au(111) / potential=0.0 / velocity=2.0,"Au(111) FAP/I ion-structure, surface-potential, and sliding-velocity series.",no_film,no+film+dataset+0312.csv,69,True,[BMIm]+,[FAP]-,zero,Au(111),,3.310978931,1.1127,139.222,3,2.0,0,0.0,445.004,190.8925906,3.775688868,0,0.7,-0.02,0.0,0.2,8.81,2.422977778,7.1942,60.0,0,293,100.0,1,468.4882895,7.871070033,0.29,4.0,139.222,4_139.222,68.0,0.2899999873194218,1.2680578198587256e-08,,0.0
solvate_2017,Boundary layer friction of solvate ionic liquids as a function of potential,reference/Lubrication/2017-Rutland-Boundary layer friction of solvate ionic liquids as a function of potential.pdf,/Users/julyanffzz/项目/Ioniclink/reference/Lubrication/2017-Rutland-Boundary layer friction of solvate ionic liquids as a function of potential.pdf,,high,matched_local_reference,solvate_li_g4_potential,[Li(G4)]+ [TFSI]- / compound=zero / surface=HOPG / potential=0.0 / velocity=6.0,Li(G4) solvate ionic liquid potential-dependent boundary-layer friction on Au(111)/HOPG.,no_film,no+film+dataset+0312.csv,70,True,[Li(G4)]+,[TFSI]-,zero,HOPG,,3.859895249,-2.667,229.222,12,6.0,0,0.0,280.147,103.3825112,3.359227186,0,0.05,-0.0002,82.38,0.89,46.15,0.0,1.0593,85.0,0,298,100.0,5,384.7328028,5.284512596,0.017,0.0,229.222,0_229.222,69.0,0.0170000025629262,2.562926218474537e-09,,0.0
protic_2014,Effect of ion structure on nanoscale friction in protic ionic liquids,reference/Lubrication/Extracted/2014-Rutland-Effect of ion structure on nanoscale friction in protic ionic liquids.pdf,/Users/julyanffzz/项目/Ioniclink/reference/Lubrication/Extracted/2014-Rutland-Effect of ion structure on nanoscale friction in protic ionic liquids.pdf,,high,matched_local_reference,protic_ion_structure_2014,[DMEA]+ [F]- / compound=zero / surface=mica / potential=0.0 / velocity=30.0,"Protic ionic-liquid ion-structure series on mica/silica, covering EA/PA/DMEA/EtA nitrate/formate systems.",no_film,no+film+dataset+0312.csv,71,True,[DMEA]+,[F]-,zero,mica,,2.824148313,-0.8492,74.147,1,30.0,0,0.0,45.017,17.60964047,2.091441062,1,1.77,-0.16,40.13,0.0569,4.44,2.539538861,-1.6339,0.0,0,298,100.0,0,10.26466251,2.187496097,0.607594937,6.0,74.147,6_74.147,70.0,0.6075949080490692,2.8950930763826932e-08,,1.0
graphite_2021,Potential-Dependent Superlubricity of Ionic Liquids on a Graphite Surface,reference/Lubrication/2021-atkin-potential-dependent-superlubricity-of-ionic-liquids-on-a-graphite-surface.pdf,/Users/julyanffzz/项目/Ioniclink/reference/Lubrication/2021-atkin-potential-dependent-superlubricity-of-ionic-liquids-on-a-graphite-surface.pdf,10.1021/acs.jpcc.0c10804,high,matched_local_reference,phosphonium_hopg_graphite,"[P6,6,6,14]+ [TFSI]- / compound=zero / surface=HOPG / potential=1.0 / velocity=6.0",HOPG phosphonium ionic-liquid comparison series from the graphite potential-dependent superlubricity paper.,no_film,no+film+dataset+0312.csv,72,True,"[P6,6,6,14]+",[TFSI]-,zero,HOPG,,5.174799948,12.446,483.87,28,6.0,0,1.0,280.147,319.1282666,3.359227186,0,0.05,-0.0002,82.38,0.89,0.0,4.337445108,1.0593,85.0,0,298,100.0,0,384.7328028,5.284512596,0.004,0.0,483.87,0_483.87,71.0,0.0040000005092675,5.092675760265394e-10,,0.0
surface_active_2024,Surface-active ionic liquids as lubricant additives to hexadecane and diethyl succinate,reference/Lubrication/Extracted/Surface-active ionic liquids as lubricant additives to hexadecane and diethyl succinate.pdf,/Users/julyanffzz/项目/Ioniclink/reference/Lubrication/Extracted/Surface-active ionic liquids as lubricant additives to hexadecane and diethyl succinate.pdf,,high,matched_local_reference,p66614_aot_ds_stainless_additives,"[P6,6,6,14]+ [DS]- / compound=zero / surface=stainless steel / potential=0.0 / velocity=6.0",Surface-active phosphonium AOT/DS additives in hexadecane or diethyl succinate on stainless steel.,no_film,no+film+dataset+0312.csv,73,True,"[P6,6,6,14]+",[DS]-,zero,stainless steel,,5.174799948,12.446,483.87,28,6.0,1,0.0,265.395,319.1282666,3.990255029,0,0.07,0.01,66.43,0.9,0.0,4.337445108,3.3841,72.0,0,298,100.0,0,249.2312434,3.038016531,0.3,4.0,483.87,4_483.87,72.0,0.3000000123292428,1.2329242793374108e-08,,0.0
programmable_friction_2023,Investigation of Programmable Friction with Ionic Liquid Mixtures,reference/Lubrication/【无数据】2023-Investigation of Programmable Friction with Ionic Liquid.pdf,/Users/julyanffzz/项目/Ioniclink/reference/Lubrication/【无数据】2023-Investigation of Programmable Friction with Ionic Liquid.pdf,10.3390/lubricants11090376,medium,matched_local_reference,p66614_bta_doc_programmable,"[P6,6,6,14]+ [TFSI]- / compound=[P66614][Doc] / surface=stainless steel / potential=4.0 / velocity=1.0","BTA/Doc component strings and +/-4 V velocity-ramp stainless-steel program match the 2023 programmable-friction paper; dataset columns split mixture chemistry across anion/compound fields, so verify formulation before publication.",no_film,no+film+dataset+0312.csv,74,True,"[P6,6,6,14]+",[TFSI]-,[P66614][Doc],stainless steel,,5.174799948,12.446,483.87,28,1.0,1,4.0,280.147,319.1282666,3.359227186,0,0.07,0.01,82.38,320.0,0.0,4.337445108,1.0593,72.0,0,298,82.6,0,384.7328028,5.284512596,0.0248,1.0,483.87,1_483.87,73.0,0.0248000003327537,3.3275370306395925e-10,,0.0
roughness_2020,Effects of Nanoscale Roughness on the Lubricious Behavior of an Ionic Liquid,reference/Lubrication/Extracted/Adv Materials Inter - 2020 - Nalam - Effects of Nanoscale Roughness on the Lubricious Behavior of an Ionic Liquid.pdf,/Users/julyanffzz/项目/Ioniclink/reference/Lubrication/Extracted/Adv Materials Inter - 2020 - Nalam - Effects of Nanoscale Roughness on the Lubricious Behavior of an Ionic Liquid.pdf,,high,matched_local_reference,hmim_tfsi_silica_roughness,[HMIM]+ [TFSI]- / compound=zero / surface=silica / potential=0.0 / velocity=1.0,[HMIM][TFSI] on silica surfaces with nanoscale roughness series.,no_film,no+film+dataset+0312.csv,75,True,[HMIM]+,[TFSI]-,zero,silica,,3.540263249,1.8929,167.276,5,1.0,0,0.0,280.147,215.3680851,3.359227186,0,0.2,-0.07,82.38,4.85,8.81,2.153242802,1.0593,20.7,0,298,100.0,1,384.7328028,5.284512596,0.066,2.0,167.276,2_167.276,74.0,0.0660000001332908,1.3329082282353966e-10,,0.0
programmable_friction_2023,Investigation of Programmable Friction with Ionic Liquid Mixtures,reference/Lubrication/【无数据】2023-Investigation of Programmable Friction with Ionic Liquid.pdf,/Users/julyanffzz/项目/Ioniclink/reference/Lubrication/【无数据】2023-Investigation of Programmable Friction with Ionic Liquid.pdf,10.3390/lubricants11090376,medium,matched_local_reference,p66614_bta_doc_programmable,"[P6,6,6,14]+ [AOT]- / compound=[P66614][BTA] / surface=stainless steel / potential=0.0 / velocity=13.0","BTA/Doc component strings and +/-4 V velocity-ramp stainless-steel program match the 2023 programmable-friction paper; dataset columns split mixture chemistry across anion/compound fields, so verify formulation before publication.",no_film,no+film+dataset+0312.csv,76,True,"[P6,6,6,14]+",[AOT]-,[P66614][BTA],stainless steel,,5.174799948,12.446,483.87,28,13.0,1,0.0,421.576,319.1282666,4.637037402,0,0.07,0.01,109.8,320.0,0.0,4.337445108,3.8095,72.0,0,298,17.4,0,544.7574562,4.726289834,0.03868,1.0,483.87,1_483.87,75.0,0.0386799986400842,1.359915742515927e-09,,0.0
ion_structure_2013,"Ionic liquid lubrication: influence of ion structure, surface potential and sliding velocity","reference/Lubrication/Extracted/2013-rutland-Ionic liquid lubrication influence of ion structure, surface potential and sliding velocity.pdf","/Users/julyanffzz/项目/Ioniclink/reference/Lubrication/Extracted/2013-rutland-Ionic liquid lubrication influence of ion structure, surface potential and sliding velocity.pdf",10.1039/C3CP52638K,high,matched_local_reference,imidazolium_fap_i_au,[HMIM]+ [FAP]- / compound=zero / surface=Au(111) / potential=1.0 / velocity=2.0,"Au(111) FAP/I ion-structure, surface-potential, and sliding-velocity series.",no_film,no+film+dataset+0312.csv,77,True,[HMIM]+,[FAP]-,zero,Au(111),,3.540263249,1.8929,167.276,5,2.0,0,1.0,445.004,215.3680851,3.775688868,0,0.7,-0.02,0.0,0.2,8.81,2.153242802,7.1942,60.0,0,293,100.0,1,468.4882895,7.871070033,0.36,5.0,167.276,5_167.276,76.0,0.3600000162510309,1.6251030909852915e-08,,0.0
tribotronic_2016,Tribotronic control of friction in oil-based lubricants with ionic liquid additives,reference/Lubrication/3.10/2016-atkin-Tribotronic control of friction in oil-based lubricants with ionic liquid additives.pdf,/Users/julyanffzz/项目/Ioniclink/reference/Lubrication/3.10/2016-atkin-Tribotronic control of friction in oil-based lubricants with ionic liquid additives.pdf,10.1039/C6CP04405K,high,matched_local_reference,p66614_ic8_hexadecane_au,"[P6,6,6,14]+ [(iC8)2PO2]- / compound=hexadecane / surface=Au(111) / potential=-0.5 / velocity=6.5","Exact phosphonium phosphate ionic liquid additive in hexadecane on Au(111), matching the 2016 tribotronic gold study.",no_film,no+film+dataset+0312.csv,78,True,"[P6,6,6,14]+",[(iC8)2PO2]-,hexadecane,Au(111),,5.174799948,12.446,483.87,28,6.5,0,-0.5,289.42,319.1282666,4.246635376,0,0.7,-0.02,40.13,1.0,0.0,4.337445108,4.7694,60.0,0,298,5.0,0,281.6910727,4.359263597,0.108,2.0,483.87,2_483.87,77.0,0.1080000033963771,3.3963771101097606e-09,,0.0
ean_mica_2012,Ionic liquid nanotribology: mica-silica interactions in ethylammonium nitrate,reference/Lubrication/Extracted/2012-rutland-Ionic liquid nanotribology mica–silica interactions in ethylammonium nitrate.pdf,/Users/julyanffzz/项目/Ioniclink/reference/Lubrication/Extracted/2012-rutland-Ionic liquid nanotribology mica–silica interactions in ethylammonium nitrate.pdf,10.1039/C2SM25620K,high,matched_local_reference,ean_mica_silica_2012,[EA]+ [N]- / compound=zero / surface=mica / potential=0.0 / velocity=30.0,"EAN on mica/silica nanotribology system. Some EAN rows overlap ion-structure comparisons, but this is the EAN-specific primary paper in the local Lubrication corpus.",no_film,no+film+dataset+0312.csv,79,True,[EA]+,[N]-,zero,mica,,2.431285504,-0.7518,46.093,0,30.0,0,0.0,62.004,2.754887502,2.192174955,1,1.77,-0.16,66.2,0.0569,27.64,1.632993162,-0.2391,0.0,0,339,100.0,0,26.26466251,2.803039488,0.369,5.0,46.093,5_46.093,78.0,0.3689999873982352,1.2601764742825594e-08,,1.0
superlubricity_hopg_2014,An ionic liquid lubricant enables superlubricity to be switched on in situ using an electrical potential,reference/Lubrication/3.10/2014-atkin-An ionic liquid lubricant enables superlubricity to be “switched on” in situ usin.pdf,/Users/julyanffzz/项目/Ioniclink/reference/Lubrication/3.10/2014-atkin-An ionic liquid lubricant enables superlubricity to be “switched on” in situ usin.pdf,10.1039/C4CC00979G,high,matched_local_reference,hmim_fap_hopg,[HMIM]+ [FAP]- / compound=zero / surface=HOPG / potential=-1.0 / velocity=6.0,[HMIM][FAP] on HOPG potential-dependent superlubricity system.,no_film,no+film+dataset+0312.csv,80,True,[HMIM]+,[FAP]-,zero,HOPG,,3.540263249,1.8929,167.276,5,6.0,0,-1.0,445.004,215.3680851,3.775688868,0,0.05,-0.0002,0.0,0.89,8.81,2.153242802,7.1942,85.0,0,298,100.0,1,468.4882895,7.871070033,0.0206,1.0,167.276,1_167.276,79.0,0.0206000012537281,1.2537281282587463e-09,,0.0
ion_structure_2013,"Ionic liquid lubrication: influence of ion structure, surface potential and sliding velocity","reference/Lubrication/Extracted/2013-rutland-Ionic liquid lubrication influence of ion structure, surface potential and sliding velocity.pdf","/Users/julyanffzz/项目/Ioniclink/reference/Lubrication/Extracted/2013-rutland-Ionic liquid lubrication influence of ion structure, surface potential and sliding velocity.pdf",10.1039/C3CP52638K,high,matched_local_reference,imidazolium_fap_i_au,[HMIM]+ [FAP]- / compound=zero / surface=Au(111) / potential=-0.5 / velocity=2.0,"Au(111) FAP/I ion-structure, surface-potential, and sliding-velocity series.",no_film,no+film+dataset+0312.csv,81,True,[HMIM]+,[FAP]-,zero,Au(111),,3.540263249,1.8929,167.276,5,2.0,0,-0.5,445.004,215.3680851,3.775688868,0,0.7,-0.02,0.0,0.2,8.81,2.153242802,7.1942,60.0,0,293,100.0,1,468.4882895,7.871070033,0.2,3.0,167.276,3_167.276,80.0,0.2000000041730236,4.173023621101279e-09,,0.0
graphite_2021,Potential-Dependent Superlubricity of Ionic Liquids on a Graphite Surface,reference/Lubrication/2021-atkin-potential-dependent-superlubricity-of-ionic-liquids-on-a-graphite-surface.pdf,/Users/julyanffzz/项目/Ioniclink/reference/Lubrication/2021-atkin-potential-dependent-superlubricity-of-ionic-liquids-on-a-graphite-surface.pdf,10.1021/acs.jpcc.0c10804,high,matched_local_reference,phosphonium_hopg_graphite,"[P4,4,4,1 ]+ [TFSI]- / compound=zero / surface=HOPG / potential=0.0 / velocity=6.0",HOPG phosphonium ionic-liquid comparison series from the graphite potential-dependent superlubricity paper.,no_film,no+film+dataset+0312.csv,82,True,"[P4,4,4,1 ]+",[TFSI]-,zero,HOPG,,3.951373459,5.0341,217.357,9,6.0,0,0.0,280.147,98.62953293,3.359227186,0,0.05,-0.0002,82.38,0.89,0.0,3.889782595,1.0593,85.0,0,298,100.0,0,384.7328028,5.284512596,0.018,0.0,217.357,0_217.357,81.0,0.0179999988710161,1.128983889014945e-09,,0.0
tribotronic_2016,Tribotronic control of friction in oil-based lubricants with ionic liquid additives,reference/Lubrication/3.10/2016-atkin-Tribotronic control of friction in oil-based lubricants with ionic liquid additives.pdf,/Users/julyanffzz/项目/Ioniclink/reference/Lubrication/3.10/2016-atkin-Tribotronic control of friction in oil-based lubricants with ionic liquid additives.pdf,10.1039/C6CP04405K,high,matched_local_reference,p66614_ic8_hexadecane_au,"[P6,6,6,14]+ [(iC8)2PO2]- / compound=hexadecane / surface=Au(111) / potential=0.0 / velocity=6.5","Exact phosphonium phosphate ionic liquid additive in hexadecane on Au(111), matching the 2016 tribotronic gold study.",no_film,no+film+dataset+0312.csv,83,True,"[P6,6,6,14]+",[(iC8)2PO2]-,hexadecane,Au(111),,5.174799948,12.446,483.87,28,6.5,0,0.0,289.42,319.1282666,4.246635376,0,0.7,-0.02,40.13,1.0,0.0,4.337445108,4.7694,60.0,0,298,0.0,0,281.6910727,4.359263597,0.89,7.0,483.87,7_483.87,82.0,0.8899999855254803,1.4474519693941092e-08,,0.0
roughness_2020,Effects of Nanoscale Roughness on the Lubricious Behavior of an Ionic Liquid,reference/Lubrication/Extracted/Adv Materials Inter - 2020 - Nalam - Effects of Nanoscale Roughness on the Lubricious Behavior of an Ionic Liquid.pdf,/Users/julyanffzz/项目/Ioniclink/reference/Lubrication/Extracted/Adv Materials Inter - 2020 - Nalam - Effects of Nanoscale Roughness on the Lubricious Behavior of an Ionic Liquid.pdf,,high,matched_local_reference,hmim_tfsi_silica_roughness,[HMIM]+ [TFSI]- / compound=zero / surface=silica / potential=0.0 / velocity=1.0,[HMIM][TFSI] on silica surfaces with nanoscale roughness series.,no_film,no+film+dataset+0312.csv,84,True,[HMIM]+,[TFSI]-,zero,silica,,3.540263249,1.8929,167.276,5,1.0,0,0.0,280.147,215.3680851,3.359227186,0,0.2,-0.07,82.38,0.2,8.81,2.153242802,1.0593,20.7,0,298,100.0,1,384.7328028,5.284512596,0.036,1.0,167.276,1_167.276,83.0,0.0359999990653358,9.346642002028283e-10,,0.0
tribotronic_2016,Tribotronic control of friction in oil-based lubricants with ionic liquid additives,reference/Lubrication/3.10/2016-atkin-Tribotronic control of friction in oil-based lubricants with ionic liquid additives.pdf,/Users/julyanffzz/项目/Ioniclink/reference/Lubrication/3.10/2016-atkin-Tribotronic control of friction in oil-based lubricants with ionic liquid additives.pdf,10.1039/C6CP04405K,high,matched_local_reference,p66614_ic8_hexadecane_au,"[P6,6,6,14]+ [(iC8)2PO2]- / compound=hexadecane / surface=Au(111) / potential=-1.0 / velocity=6.5","Exact phosphonium phosphate ionic liquid additive in hexadecane on Au(111), matching the 2016 tribotronic gold study.",no_film,no+film+dataset+0312.csv,85,True,"[P6,6,6,14]+",[(iC8)2PO2]-,hexadecane,Au(111),,5.174799948,12.446,483.87,28,6.5,0,-1.0,289.42,319.1282666,4.246635376,0,0.7,-0.02,40.13,1.0,0.0,4.337445108,4.7694,60.0,0,298,1.0,0,281.6910727,4.359263597,0.608,6.0,483.87,6_483.87,84.0,0.6079999812294357,1.8770564325087943e-08,,0.0
protic_2014,Effect of ion structure on nanoscale friction in protic ionic liquids,reference/Lubrication/Extracted/2014-Rutland-Effect of ion structure on nanoscale friction in protic ionic liquids.pdf,/Users/julyanffzz/项目/Ioniclink/reference/Lubrication/Extracted/2014-Rutland-Effect of ion structure on nanoscale friction in protic ionic liquids.pdf,,high,matched_local_reference,protic_ion_structure_2014,[PA]+ [N]- / compound=zero / surface=mica / potential=0.0 / velocity=30.0,"Protic ionic-liquid ion-structure series on mica/silica, covering EA/PA/DMEA/EtA nitrate/formate systems.",no_film,no+film+dataset+0312.csv,86,True,[PA]+,[N]-,zero,mica,,2.642365161,-0.3617,60.12,1,30.0,0,0.0,62.004,5.245112498,2.192174955,1,1.77,-0.16,66.2,0.0569,27.64,1.974744871,-0.2391,0.0,0,298,100.0,0,26.26466251,2.803039488,1.113924051,7.0,60.12,7_60.12,85.0,1.113924029273631,2.1726368926167083e-08,,1.0
control_gold_2012,Control of Nanoscale Friction on Gold in an Ionic Liquid by a Potential-Dependent Ionic Lubricant Layer,reference/Lubrication/3.10/2012-Rutland-Control of Nanoscale Friction on Gold in an Ionic Liquid by a Potential-Dependent Ionic Lubricant Layer.pdf,/Users/julyanffzz/项目/Ioniclink/reference/Lubrication/3.10/2012-Rutland-Control of Nanoscale Friction on Gold in an Ionic Liquid by a Potential-Dependent Ionic Lubricant Layer.pdf,,high,matched_local_reference,py14_fap_au,"[Py1,4]+ [FAP]- / compound=zero / surface=Au(111) / potential=-1.0 / velocity=6.0","Exact [Py1,4][FAP] on Au(111) potential-dependent lubricant layer system.",no_film,no+film+dataset+0312.csv,87,True,"[Py1,4]+",[FAP]-,zero,Au(111),,3.423597497,2.0269,142.266,3,6.0,0,-1.0,445.004,92.90138861,3.775688868,1,0.7,-0.02,0.0,1.0,0.0,2.21874475,7.1942,60.0,0,298,100.0,0,468.4882895,7.871070033,0.2,3.0,142.266,3_142.266,86.0,0.2000000027692756,2.7692755866226552e-09,,0.0
protic_2014,Effect of ion structure on nanoscale friction in protic ionic liquids,reference/Lubrication/Extracted/2014-Rutland-Effect of ion structure on nanoscale friction in protic ionic liquids.pdf,/Users/julyanffzz/项目/Ioniclink/reference/Lubrication/Extracted/2014-Rutland-Effect of ion structure on nanoscale friction in protic ionic liquids.pdf,,high,matched_local_reference,protic_ion_structure_2014,[PA]+ [F]- / compound=zero / surface=mica / potential=0.0 / velocity=40.0,"Protic ionic-liquid ion-structure series on mica/silica, covering EA/PA/DMEA/EtA nitrate/formate systems.",no_film,no+film+dataset+0312.csv,88,True,[PA]+,[F]-,zero,mica,,2.642365161,-0.3617,60.12,1,40.0,0,0.0,45.017,5.245112498,2.091441062,1,1.77,-0.16,40.13,0.0569,27.64,1.974744871,-1.6339,0.0,0,298,100.0,0,10.26466251,2.187496097,1.1,7.0,60.12,7_60.12,87.0,1.100000024342218,2.4342217797013177e-08,,1.0
bmb_pc_2020,Electroresponsive structuring and friction of a non-halogenated ionic liquid in a polar solvent: effect of concentration,reference/Lubrication/3.10/2020-Rutland-Electroresponsive structuring and friction of a non-halogenated ionic liquid in a polar solvent effect of concentration.pdf,/Users/julyanffzz/项目/Ioniclink/reference/Lubrication/3.10/2020-Rutland-Electroresponsive structuring and friction of a non-halogenated ionic liquid in a polar solvent effect of concentration.pdf,10.1039/D0CP02736G,high,matched_local_reference,p66614_bmb_pc_au,"[P6,6,6,14]+ [BMB]- / compound=PC / surface=Au(111) / potential=-1.0 / velocity=6.0","Exact P6,6,6,14 BMB in propylene carbonate on Au(111), matching the 2020 electroresponsive PC/gold paper.",no_film,no+film+dataset+0312.csv,89,True,"[P6,6,6,14]+",[BMB]-,PC,Au(111),,5.174799948,12.446,483.87,28,6.0,0,-1.0,311.078,319.1282666,3.97427778,0,0.7,-0.02,71.06,0.835,0.0,4.337445108,2.0514,60.0,0,298,0.67,0,682.1804819,1.591434542,0.0725,2.0,483.87,2_483.87,88.0,0.0724999953869764,4.613023504851377e-09,,0.0
solvate_2017,Boundary layer friction of solvate ionic liquids as a function of potential,reference/Lubrication/2017-Rutland-Boundary layer friction of solvate ionic liquids as a function of potential.pdf,/Users/julyanffzz/项目/Ioniclink/reference/Lubrication/2017-Rutland-Boundary layer friction of solvate ionic liquids as a function of potential.pdf,,high,matched_local_reference,solvate_li_g4_potential,[Li(G4)]+ [N]- / compound=zero / surface=Au(111) / potential=1.0 / velocity=6.0,Li(G4) solvate ionic liquid potential-dependent boundary-layer friction on Au(111)/HOPG.,no_film,no+film+dataset+0312.csv,90,True,[Li(G4)]+,[N]-,zero,Au(111),,3.859895249,-2.667,229.222,12,6.0,0,1.0,62.004,103.3825112,2.192174955,0,0.7,-0.02,66.2,1.0,46.15,0.0,-0.2391,60.0,0,298,100.0,5,26.26466251,2.803039488,1.3,7.0,229.222,7_229.222,89.0,1.2999999531008513,4.6899148786749853e-08,,0.0
solvate_2017,Boundary layer friction of solvate ionic liquids as a function of potential,reference/Lubrication/2017-Rutland-Boundary layer friction of solvate ionic liquids as a function of potential.pdf,/Users/julyanffzz/项目/Ioniclink/reference/Lubrication/2017-Rutland-Boundary layer friction of solvate ionic liquids as a function of potential.pdf,,high,matched_local_reference,solvate_li_g4_potential,[Li(G4)]+ [N]- / compound=zero / surface=Au(111) / potential=-1.0 / velocity=6.0,Li(G4) solvate ionic liquid potential-dependent boundary-layer friction on Au(111)/HOPG.,no_film,no+film+dataset+0312.csv,91,True,[Li(G4)]+,[N]-,zero,Au(111),,3.859895249,-2.667,229.222,12,6.0,0,-1.0,62.004,103.3825112,2.192174955,0,0.7,-0.02,66.2,1.0,46.15,0.0,-0.2391,60.0,0,298,100.0,5,26.26466251,2.803039488,0.048,1.0,229.222,1_229.222,90.0,0.0480000013265669,1.326566953507857e-09,,0.0
titanium_2022,Probing the nanofriction of non-halogenated phosphonium-based ionic liquid additives in glycol ether oil on titanium surface,reference/Lubrication/2022-an-Probing the nanofriction of non-halogenated phosphonium-based ionic liquid additives in glycol ether oil on titanium surface.pdf,/Users/julyanffzz/项目/Ioniclink/reference/Lubrication/2022-an-Probing the nanofriction of non-halogenated phosphonium-based ionic liquid additives in glycol ether oil on titanium surface.pdf,10.1007/s40544-021-0486-4,high,matched_local_reference,titanium_degdbe_phosphonium,"[P6,6,6,14]+ [BOB]- / compound=DEGDBE / surface=titanium / potential=0.0 / velocity=20.0","Titanium/DEGDBE phosphonium ionic-liquid additive table including BScB, DCA, BOB, and BMB; includes bare/neat controls in the same source.",no_film,no+film+dataset+0312.csv,92,True,"[P6,6,6,14]+",[BOB]-,DEGDBE,titanium,,5.174799948,12.446,483.87,28,20.0,0,0.0,186.848,319.1282666,3.117880277,0,0.5,0.005,105.2,61.15,0.0,4.337445108,-2.378,60.0,0,298,0.0143,0,274.5434145,2.267123915,0.14,3.0,483.87,3_483.87,91.0,0.1399999996885423,3.114576374585454e-10,,0.0
titanium_2022,Probing the nanofriction of non-halogenated phosphonium-based ionic liquid additives in glycol ether oil on titanium surface,reference/Lubrication/2022-an-Probing the nanofriction of non-halogenated phosphonium-based ionic liquid additives in glycol ether oil on titanium surface.pdf,/Users/julyanffzz/项目/Ioniclink/reference/Lubrication/2022-an-Probing the nanofriction of non-halogenated phosphonium-based ionic liquid additives in glycol ether oil on titanium surface.pdf,10.1007/s40544-021-0486-4,high,matched_local_reference,titanium_degdbe_phosphonium,"[P6,6,6,14]+ [BScB]- / compound=DEGDBE / surface=titanium / potential=0.0 / velocity=20.0","Titanium/DEGDBE phosphonium ionic-liquid additive table including BScB, DCA, BOB, and BMB; includes bare/neat controls in the same source.",no_film,no+film+dataset+0312.csv,93,True,"[P6,6,6,14]+",[BScB]-,DEGDBE,titanium,,5.174799948,12.446,483.87,28,20.0,0,0.0,283.024,319.1282666,3.79978343,0,0.5,0.005,71.06,61.15,0.0,4.337445108,1.9208,60.0,0,298,0.0143,0,706.0644789,1.781315888,0.11,2.0,483.87,2_483.87,92.0,0.1050000003981984,0.0049999996018015,,0.0
graphite_2021,Potential-Dependent Superlubricity of Ionic Liquids on a Graphite Surface,reference/Lubrication/2021-atkin-potential-dependent-superlubricity-of-ionic-liquids-on-a-graphite-surface.pdf,/Users/julyanffzz/项目/Ioniclink/reference/Lubrication/2021-atkin-potential-dependent-superlubricity-of-ionic-liquids-on-a-graphite-surface.pdf,10.1021/acs.jpcc.0c10804,high,matched_local_reference,phosphonium_hopg_graphite,"[P6,6,6,14]+ [(iC8)2PO2]- / compound=zero / surface=HOPG / potential=-1.0 / velocity=6.0",HOPG phosphonium ionic-liquid comparison series from the graphite potential-dependent superlubricity paper.,no_film,no+film+dataset+0312.csv,94,True,"[P6,6,6,14]+",[(iC8)2PO2]-,zero,HOPG,,5.174799948,12.446,483.87,28,6.0,0,-1.0,289.42,319.1282666,4.246635376,0,0.05,-0.0002,40.13,0.89,0.0,4.337445108,4.7694,85.0,0,298,100.0,0,281.6910727,4.359263597,0.002,0.0,483.87,0_483.87,93.0,0.0019999998034697,1.9653023479448967e-10,,0.0
bmim_aot_water_2025,Potential-dependent superlubricity of stainless steel and Au(111) using a water-in-surface-active ionic liquid mixture,reference/Lubrication/Extracted/2025-Potential-dependent superlubricity of stainless steel and Au(111) using a.pdf,/Users/julyanffzz/项目/Ioniclink/reference/Lubrication/Extracted/2025-Potential-dependent superlubricity of stainless steel and Au(111) using a.pdf,,high,matched_local_reference,bmim_aot_h2o_au_stainless,[BMIm]+ [AOT]- / compound=H2O / surface=Au(111) / potential=1.0 / velocity=6.0,1.6 M [BMIm][AOT] water-in-surface-active ionic liquid mixture on Au(111)/stainless steel.,no_film,no+film+dataset+0312.csv,95,True,[BMIm]+,[AOT]-,H2O,Au(111),,3.310978931,1.1127,139.222,3,6.0,0,1.0,421.576,190.8925906,4.637037402,0,0.7,-0.02,109.8,0.2,8.81,2.422977778,3.8095,60.0,1,298,16.5,1,544.7574562,4.726289834,0.431,5.0,139.222,5_139.222,94.0,0.4309999936699502,6.33004976213769e-09,,0.0
ion_structure_2013,"Ionic liquid lubrication: influence of ion structure, surface potential and sliding velocity","reference/Lubrication/Extracted/2013-rutland-Ionic liquid lubrication influence of ion structure, surface potential and sliding velocity.pdf","/Users/julyanffzz/项目/Ioniclink/reference/Lubrication/Extracted/2013-rutland-Ionic liquid lubrication influence of ion structure, surface potential and sliding velocity.pdf",10.1039/C3CP52638K,high,matched_local_reference,imidazolium_fap_i_au,[BMIm]+ [FAP]- / compound=zero / surface=Au(111) / potential=0.5 / velocity=2.0,"Au(111) FAP/I ion-structure, surface-potential, and sliding-velocity series.",no_film,no+film+dataset+0312.csv,96,True,[BMIm]+,[FAP]-,zero,Au(111),,3.310978931,1.1127,139.222,3,2.0,0,0.5,445.004,190.8925906,3.775688868,0,0.7,-0.02,0.0,0.2,8.81,2.422977778,7.1942,60.0,0,293,100.0,1,468.4882895,7.871070033,0.3,4.0,139.222,4_139.222,95.0,0.3000000153621686,1.536216859276962e-08,,0.0
ion_structure_2013,"Ionic liquid lubrication: influence of ion structure, surface potential and sliding velocity","reference/Lubrication/Extracted/2013-rutland-Ionic liquid lubrication influence of ion structure, surface potential and sliding velocity.pdf","/Users/julyanffzz/项目/Ioniclink/reference/Lubrication/Extracted/2013-rutland-Ionic liquid lubrication influence of ion structure, surface potential and sliding velocity.pdf",10.1039/C3CP52638K,high,matched_local_reference,imidazolium_fap_i_au,[EMIM] + [FAP]- / compound=zero / surface=Au(111) / potential=0.0 / velocity=2.0,"Au(111) FAP/I ion-structure, surface-potential, and sliding-velocity series.",no_film,no+film+dataset+0312.csv,97,True,[EMIM] +,[FAP]-,zero,Au(111),,3.045073482,0.3325,111.168,1,2.0,0,0.0,445.004,166.7913934,3.775688868,0,0.7,-0.02,0.0,0.2,8.81,2.837541431,7.1942,60.0,0,293,100.0,1,468.4882895,7.871070033,0.23,4.0,111.168,4_111.168,96.0,0.2300000087464963,8.746496332756593e-09,,0.0
roughness_2020,Effects of Nanoscale Roughness on the Lubricious Behavior of an Ionic Liquid,reference/Lubrication/Extracted/Adv Materials Inter - 2020 - Nalam - Effects of Nanoscale Roughness on the Lubricious Behavior of an Ionic Liquid.pdf,/Users/julyanffzz/项目/Ioniclink/reference/Lubrication/Extracted/Adv Materials Inter - 2020 - Nalam - Effects of Nanoscale Roughness on the Lubricious Behavior of an Ionic Liquid.pdf,,high,matched_local_reference,hmim_tfsi_silica_roughness,[HMIM]+ [TFSI]- / compound=zero / surface=silica / potential=0.0 / velocity=5.0,[HMIM][TFSI] on silica surfaces with nanoscale roughness series.,no_film,no+film+dataset+0312.csv,98,True,[HMIM]+,[TFSI]-,zero,silica,,3.540263249,1.8929,167.276,5,5.0,0,0.0,280.147,215.3680851,3.359227186,0,0.2,-0.07,82.38,0.2,8.81,2.153242802,1.0593,20.7,0,298,100.0,1,384.7328028,5.284512596,0.058,1.0,167.276,1_167.276,97.0,0.0579999973759215,2.6240784614661727e-09,,0.0
surface_active_2024,Surface-active ionic liquids as lubricant additives to hexadecane and diethyl succinate,reference/Lubrication/Extracted/Surface-active ionic liquids as lubricant additives to hexadecane and diethyl succinate.pdf,/Users/julyanffzz/项目/Ioniclink/reference/Lubrication/Extracted/Surface-active ionic liquids as lubricant additives to hexadecane and diethyl succinate.pdf,,high,matched_local_reference,p66614_aot_ds_stainless_additives,"[P6,6,6,14]+ [AOT]- / compound=zero / surface=stainless steel / potential=-0.76 / velocity=6.0",Surface-active phosphonium AOT/DS additives in hexadecane or diethyl succinate on stainless steel.,no_film,no+film+dataset+0312.csv,99,True,"[P6,6,6,14]+",[AOT]-,zero,stainless steel,,5.174799948,12.446,483.87,28,6.0,1,-0.76,421.576,319.1282666,4.637037402,0,0.07,0.01,109.8,0.9,0.0,4.337445108,3.8095,72.0,0,298,100.0,0,544.7574562,4.726289834,0.37,5.0,483.87,5_483.87,98.0,0.3700000047767688,4.776768869341197e-09,,0.0
protic_2014,Effect of ion structure on nanoscale friction in protic ionic liquids,reference/Lubrication/Extracted/2014-Rutland-Effect of ion structure on nanoscale friction in protic ionic liquids.pdf,/Users/julyanffzz/项目/Ioniclink/reference/Lubrication/Extracted/2014-Rutland-Effect of ion structure on nanoscale friction in protic ionic liquids.pdf,,high,matched_local_reference,protic_ion_structure_2014,[DMEA]+ [F]- / compound=zero / surface=mica / potential=0.0 / velocity=20.0,"Protic ionic-liquid ion-structure series on mica/silica, covering EA/PA/DMEA/EtA nitrate/formate systems.",no_film,no+film+dataset+0312.csv,100,True,[DMEA]+,[F]-,zero,mica,,2.824148313,-0.8492,74.147,1,20.0,0,0.0,45.017,17.60964047,2.091441062,1,1.77,-0.16,40.13,0.0569,4.44,2.539538861,-1.6339,0.0,0,298,100.0,0,10.26466251,2.187496097,0.569620253,6.0,74.147,6_74.147,99.0,0.5696202513772582,1.6227417187764102e-09,,1.0
superlubricity_hopg_2014,An ionic liquid lubricant enables superlubricity to be switched on in situ using an electrical potential,reference/Lubrication/3.10/2014-atkin-An ionic liquid lubricant enables superlubricity to be “switched on” in situ usin.pdf,/Users/julyanffzz/项目/Ioniclink/reference/Lubrication/3.10/2014-atkin-An ionic liquid lubricant enables superlubricity to be “switched on” in situ usin.pdf,10.1039/C4CC00979G,high,matched_local_reference,hmim_fap_hopg,[HMIM]+ [FAP]- / compound=zero / surface=HOPG / potential=1.5 / velocity=6.0,[HMIM][FAP] on HOPG potential-dependent superlubricity system.,no_film,no+film+dataset+0312.csv,101,True,[HMIM]+,[FAP]-,zero,HOPG,,3.540263249,1.8929,167.276,5,6.0,0,1.5,445.004,215.3680851,3.775688868,0,0.05,-0.0002,0.0,0.89,8.81,2.153242802,7.1942,85.0,0,298,100.0,1,468.4882895,7.871070033,0.001,0.0,167.276,0_167.276,100.0,0.0010000004029829,4.029829256749218e-10,,0.0
bmb_pc_2020,Electroresponsive structuring and friction of a non-halogenated ionic liquid in a polar solvent: effect of concentration,reference/Lubrication/3.10/2020-Rutland-Electroresponsive structuring and friction of a non-halogenated ionic liquid in a polar solvent effect of concentration.pdf,/Users/julyanffzz/项目/Ioniclink/reference/Lubrication/3.10/2020-Rutland-Electroresponsive structuring and friction of a non-halogenated ionic liquid in a polar solvent effect of concentration.pdf,10.1039/D0CP02736G,high,matched_local_reference,p66614_bmb_pc_au,"[P6,6,6,14]+ [BMB]- / compound=PC / surface=Au(111) / potential=0.25 / velocity=1.0","Exact P6,6,6,14 BMB in propylene carbonate on Au(111), matching the 2020 electroresponsive PC/gold paper.",no_film,no+film+dataset+0312.csv,102,True,"[P6,6,6,14]+",[BMB]-,PC,Au(111),,5.174799948,12.446,483.87,28,1.0,0,0.25,311.078,319.1282666,3.97427778,0,0.7,-0.02,71.06,0.835,0.0,4.337445108,2.0514,60.0,0,298,3.1,0,682.1804819,1.591434542,0.1338,3.0,483.87,3_483.87,101.0,0.1337999992419247,7.580752969804646e-10,,0.0
dicationic_2019,Interfacial Structure and Boundary Lubrication of a Dicationic Ionic Liquid,reference/Lubrication/Extracted/2019-Interfacial structure and boundary lubrication of a dicationic ionic liquid.pdf,/Users/julyanffzz/项目/Ioniclink/reference/Lubrication/Extracted/2019-Interfacial structure and boundary lubrication of a dicationic ionic liquid.pdf,,high,matched_local_reference,dicationic_tfsi_mica,[C10(C1Im)2]2+ [TFSI]- / compound=zero / surface=mica / potential=0.0 / velocity=0.052,Dicationic [C10(C1Im)2][TFSI] boundary lubrication between mica surfaces.,no_film,no+film+dataset+0312.csv,103,True,[C10(C1Im)2]2+,[TFSI]-,zero,mica,,4.268585015,2.8978,304.482,11,0.052,0,0.0,280.147,478.4344778,3.359227186,0,1.77,-0.16,82.38,0.0596,39.34,1.38550141,1.0593,0.0,0,298,100.0,0,384.7328028,5.284512596,0.107,2.0,304.482,2_304.482,102.0,0.107000000426782,4.2678204026369565e-10,,2.0
ion_structure_2013,"Ionic liquid lubrication: influence of ion structure, surface potential and sliding velocity","reference/Lubrication/Extracted/2013-rutland-Ionic liquid lubrication influence of ion structure, surface potential and sliding velocity.pdf","/Users/julyanffzz/项目/Ioniclink/reference/Lubrication/Extracted/2013-rutland-Ionic liquid lubrication influence of ion structure, surface potential and sliding velocity.pdf",10.1039/C3CP52638K,high,matched_local_reference,imidazolium_fap_i_au,[HMIM]+ [FAP]- / compound=zero / surface=Au(111) / potential=-1.0 / velocity=2.0,"Au(111) FAP/I ion-structure, surface-potential, and sliding-velocity series.",no_film,no+film+dataset+0312.csv,104,True,[HMIM]+,[FAP]-,zero,Au(111),,3.540263249,1.8929,167.276,5,2.0,0,-1.0,445.004,215.3680851,3.775688868,0,0.7,-0.02,0.0,0.2,8.81,2.153242802,7.1942,60.0,0,293,100.0,1,468.4882895,7.871070033,0.15,3.0,167.276,3_167.276,103.0,0.1500000052663639,5.266363983791322e-09,,0.0
surface_active_2024,Surface-active ionic liquids as lubricant additives to hexadecane and diethyl succinate,reference/Lubrication/Extracted/Surface-active ionic liquids as lubricant additives to hexadecane and diethyl succinate.pdf,/Users/julyanffzz/项目/Ioniclink/reference/Lubrication/Extracted/Surface-active ionic liquids as lubricant additives to hexadecane and diethyl succinate.pdf,,high,matched_local_reference,p66614_aot_ds_stainless_additives,"[P6,6,6,14]+ [DS]- / compound=(CH2CO2Et)2 / surface=stainless steel / potential=0.0 / velocity=6.0",Surface-active phosphonium AOT/DS additives in hexadecane or diethyl succinate on stainless steel.,no_film,no+film+dataset+0312.csv,105,True,"[P6,6,6,14]+",[DS]-,(CH2CO2Et)2,stainless steel,,5.174799948,12.446,483.87,28,6.0,1,0.0,265.395,319.1282666,3.990255029,0,0.07,0.01,66.43,0.9,0.0,4.337445108,3.3841,72.0,0,298,0.493,0,249.2312434,3.038016531,0.74,6.0,483.87,6_483.87,104.0,0.7400000096719572,9.671957235113382e-09,,0.0
bmb_pc_2020,Electroresponsive structuring and friction of a non-halogenated ionic liquid in a polar solvent: effect of concentration,reference/Lubrication/3.10/2020-Rutland-Electroresponsive structuring and friction of a non-halogenated ionic liquid in a polar solvent effect of concentration.pdf,/Users/julyanffzz/项目/Ioniclink/reference/Lubrication/3.10/2020-Rutland-Electroresponsive structuring and friction of a non-halogenated ionic liquid in a polar solvent effect of concentration.pdf,10.1039/D0CP02736G,high,matched_local_reference,p66614_bmb_pc_au,"[P6,6,6,14]+ [BMB]- / compound=PC / surface=Au(111) / potential=-0.12 / velocity=6.0","Exact P6,6,6,14 BMB in propylene carbonate on Au(111), matching the 2020 electroresponsive PC/gold paper.",no_film,no+film+dataset+0312.csv,106,True,"[P6,6,6,14]+",[BMB]-,PC,Au(111),,5.174799948,12.446,483.87,28,6.0,0,-0.12,311.078,319.1282666,3.97427778,0,0.7,-0.02,71.06,0.835,0.0,4.337445108,2.0514,60.0,0,298,0.67,0,682.1804819,1.591434542,0.093,2.0,483.87,2_483.87,105.0,0.0930000066798094,6.679809400056412e-09,,0.0
ion_structure_2013,"Ionic liquid lubrication: influence of ion structure, surface potential and sliding velocity","reference/Lubrication/Extracted/2013-rutland-Ionic liquid lubrication influence of ion structure, surface potential and sliding velocity.pdf","/Users/julyanffzz/项目/Ioniclink/reference/Lubrication/Extracted/2013-rutland-Ionic liquid lubrication influence of ion structure, surface potential and sliding velocity.pdf",10.1039/C3CP52638K,high,matched_local_reference,imidazolium_fap_i_au,[EMIM] + [FAP]- / compound=zero / surface=Au(111) / potential=1.5 / velocity=20.0,"Au(111) FAP/I ion-structure, surface-potential, and sliding-velocity series.",no_film,no+film+dataset+0312.csv,107,True,[EMIM] +,[FAP]-,zero,Au(111),,3.045073482,0.3325,111.168,1,20.0,0,1.5,445.004,166.7913934,3.775688868,0,0.7,-0.02,0.0,0.2,8.81,2.837541431,7.1942,60.0,0,293,100.0,1,468.4882895,7.871070033,0.39,5.0,111.168,5_111.168,106.0,0.3899999849051803,1.5094819727501374e-08,,0.0
surface_active_2024,Surface-active ionic liquids as lubricant additives to hexadecane and diethyl succinate,reference/Lubrication/Extracted/Surface-active ionic liquids as lubricant additives to hexadecane and diethyl succinate.pdf,/Users/julyanffzz/项目/Ioniclink/reference/Lubrication/Extracted/Surface-active ionic liquids as lubricant additives to hexadecane and diethyl succinate.pdf,,high,matched_local_reference,p66614_aot_ds_stainless_additives,"[P6,6,6,14]+ [AOT]- / compound=(CH2CO2Et)2 / surface=stainless steel / potential=0.0 / velocity=6.0",Surface-active phosphonium AOT/DS additives in hexadecane or diethyl succinate on stainless steel.,no_film,no+film+dataset+0312.csv,108,True,"[P6,6,6,14]+",[AOT]-,(CH2CO2Et)2,stainless steel,,5.174799948,12.446,483.87,28,6.0,1,0.0,421.576,319.1282666,4.637037402,0,0.07,0.01,109.8,0.9,0.0,4.337445108,3.8095,72.0,0,298,0.0,0,544.7574562,4.726289834,0.98,7.0,483.87,7_483.87,107.0,0.9650000035540336,0.0149999964459663,,0.0
graphite_2021,Potential-Dependent Superlubricity of Ionic Liquids on a Graphite Surface,reference/Lubrication/2021-atkin-potential-dependent-superlubricity-of-ionic-liquids-on-a-graphite-surface.pdf,/Users/julyanffzz/项目/Ioniclink/reference/Lubrication/2021-atkin-potential-dependent-superlubricity-of-ionic-liquids-on-a-graphite-surface.pdf,10.1021/acs.jpcc.0c10804,high,matched_local_reference,phosphonium_hopg_graphite,"[P6,6,6,14]+ [BEHP]- / compound=zero / surface=HOPG / potential=0.0 / velocity=6.0",HOPG phosphonium ionic-liquid comparison series from the graphite potential-dependent superlubricity paper.,no_film,no+film+dataset+0312.csv,109,True,"[P6,6,6,14]+",[BEHP]-,zero,HOPG,,5.174799948,12.446,483.87,28,6.0,0,0.0,321.418,319.1282666,4.32349866,0,0.05,-0.0002,58.59,0.89,0.0,4.337445108,4.9208,85.0,0,298,100.0,0,259.4505415,4.075382025,0.012,0.0,483.87,0_483.87,108.0,0.0120000005794782,5.79478253576182e-10,,0.0
programmable_friction_2023,Investigation of Programmable Friction with Ionic Liquid Mixtures,reference/Lubrication/【无数据】2023-Investigation of Programmable Friction with Ionic Liquid.pdf,/Users/julyanffzz/项目/Ioniclink/reference/Lubrication/【无数据】2023-Investigation of Programmable Friction with Ionic Liquid.pdf,10.3390/lubricants11090376,medium,matched_local_reference,p66614_bta_doc_programmable,"[P6,6,6,14]+ [TFSI]- / compound=[P66614][Doc] / surface=stainless steel / potential=0.0 / velocity=13.0","BTA/Doc component strings and +/-4 V velocity-ramp stainless-steel program match the 2023 programmable-friction paper; dataset columns split mixture chemistry across anion/compound fields, so verify formulation before publication.",no_film,no+film+dataset+0312.csv,110,True,"[P6,6,6,14]+",[TFSI]-,[P66614][Doc],stainless steel,,5.174799948,12.446,483.87,28,13.0,1,0.0,280.147,319.1282666,3.359227186,0,0.07,0.01,82.38,320.0,0.0,4.337445108,1.0593,72.0,0,298,82.6,0,384.7328028,5.284512596,0.03868,1.0,483.87,1_483.87,109.0,0.0386799981843294,1.815670565286087e-09,,0.0
surface_active_2024,Surface-active ionic liquids as lubricant additives to hexadecane and diethyl succinate,reference/Lubrication/Extracted/Surface-active ionic liquids as lubricant additives to hexadecane and diethyl succinate.pdf,/Users/julyanffzz/项目/Ioniclink/reference/Lubrication/Extracted/Surface-active ionic liquids as lubricant additives to hexadecane and diethyl succinate.pdf,,high,matched_local_reference,p66614_aot_ds_stainless_additives,"[P6,6,6,14]+ [AOT]- / compound=(CH2CO2Et)2 / surface=stainless steel / potential=0.0 / velocity=6.0",Surface-active phosphonium AOT/DS additives in hexadecane or diethyl succinate on stainless steel.,no_film,no+film+dataset+0312.csv,111,True,"[P6,6,6,14]+",[AOT]-,(CH2CO2Et)2,stainless steel,,5.174799948,12.446,483.87,28,6.0,1,0.0,421.576,319.1282666,4.637037402,0,0.07,0.01,109.8,0.9,0.0,4.337445108,3.8095,72.0,0,298,1.002,0,544.7574562,4.726289834,0.28,4.0,483.87,4_483.87,110.0,0.2800000029596911,2.95969104779914e-09,,0.0
titanium_2022,Probing the nanofriction of non-halogenated phosphonium-based ionic liquid additives in glycol ether oil on titanium surface,reference/Lubrication/2022-an-Probing the nanofriction of non-halogenated phosphonium-based ionic liquid additives in glycol ether oil on titanium surface.pdf,/Users/julyanffzz/项目/Ioniclink/reference/Lubrication/2022-an-Probing the nanofriction of non-halogenated phosphonium-based ionic liquid additives in glycol ether oil on titanium surface.pdf,10.1007/s40544-021-0486-4,high,matched_local_reference,titanium_degdbe_phosphonium,"[P6,6,6,14]+ [BScB]- / compound=DEGDBE / surface=titanium / potential=0.0 / velocity=20.0","Titanium/DEGDBE phosphonium ionic-liquid additive table including BScB, DCA, BOB, and BMB; includes bare/neat controls in the same source.",no_film,no+film+dataset+0312.csv,112,True,"[P6,6,6,14]+",[BScB]-,DEGDBE,titanium,,5.174799948,12.446,483.87,28,20.0,0,0.0,283.024,319.1282666,3.79978343,0,0.5,0.005,71.06,61.15,0.0,4.337445108,1.9208,60.0,0,298,0.1,0,706.0644789,1.781315888,0.058,1.0,483.87,1_483.87,111.0,0.0569999998398134,0.0010000001601865,,0.0
solvate_2017,Boundary layer friction of solvate ionic liquids as a function of potential,reference/Lubrication/2017-Rutland-Boundary layer friction of solvate ionic liquids as a function of potential.pdf,/Users/julyanffzz/项目/Ioniclink/reference/Lubrication/2017-Rutland-Boundary layer friction of solvate ionic liquids as a function of potential.pdf,,high,matched_local_reference,solvate_li_g4_potential,[Li(G4)]+ [TFSI]- / compound=zero / surface=HOPG / potential=0.5 / velocity=6.0,Li(G4) solvate ionic liquid potential-dependent boundary-layer friction on Au(111)/HOPG.,no_film,no+film+dataset+0312.csv,113,True,[Li(G4)]+,[TFSI]-,zero,HOPG,,3.859895249,-2.667,229.222,12,6.0,0,0.5,280.147,103.3825112,3.359227186,0,0.05,-0.0002,82.38,0.89,46.15,0.0,1.0593,85.0,0,298,100.0,5,384.7328028,5.284512596,0.02,0.0,229.222,0_229.222,112.0,0.0199999989440378,1.0559621337058456e-09,,0.0
graphite_2021,Potential-Dependent Superlubricity of Ionic Liquids on a Graphite Surface,reference/Lubrication/2021-atkin-potential-dependent-superlubricity-of-ionic-liquids-on-a-graphite-surface.pdf,/Users/julyanffzz/项目/Ioniclink/reference/Lubrication/2021-atkin-potential-dependent-superlubricity-of-ionic-liquids-on-a-graphite-surface.pdf,10.1021/acs.jpcc.0c10804,high,matched_local_reference,phosphonium_hopg_graphite,"[P4,4,4,1 ]+ [TFSI]- / compound=zero / surface=HOPG / potential=-1.0 / velocity=6.0",HOPG phosphonium ionic-liquid comparison series from the graphite potential-dependent superlubricity paper.,no_film,no+film+dataset+0312.csv,114,True,"[P4,4,4,1 ]+",[TFSI]-,zero,HOPG,,3.951373459,5.0341,217.357,9,6.0,0,-1.0,280.147,98.62953293,3.359227186,0,0.05,-0.0002,82.38,0.89,0.0,3.889782595,1.0593,85.0,0,298,100.0,0,384.7328028,5.284512596,0.018,0.0,217.357,0_217.357,113.0,0.0179999995199807,4.80019229226469e-10,,0.0
protic_2014,Effect of ion structure on nanoscale friction in protic ionic liquids,reference/Lubrication/Extracted/2014-Rutland-Effect of ion structure on nanoscale friction in protic ionic liquids.pdf,/Users/julyanffzz/项目/Ioniclink/reference/Lubrication/Extracted/2014-Rutland-Effect of ion structure on nanoscale friction in protic ionic liquids.pdf,,high,matched_local_reference,protic_ion_structure_2014,[EA]+ [F]- / compound=zero / surface=mica / potential=0.0 / velocity=40.0,"Protic ionic-liquid ion-structure series on mica/silica, covering EA/PA/DMEA/EtA nitrate/formate systems.",no_film,no+film+dataset+0312.csv,115,True,[EA]+,[F]-,zero,mica,,2.431285504,-0.7518,46.093,0,40.0,0,0.0,45.017,2.754887502,2.091441062,1,1.77,-0.16,40.13,0.0569,27.64,1.632993162,-1.6339,0.0,0,298,100.0,0,10.26466251,2.187496097,1.1,7.0,46.093,7_46.093,114.0,1.1000000241584091,2.415840905101163e-08,,1.0
ean_stiction_2012,Ionic Liquid Nanotribology: Stiction Suppression and Surface-Induced Shear Thinning,reference/Lubrication/Extracted/2012-atkin-Ionic Liquid Nanotribology Stiction Suppression and SurfaceInduced Shear Thinning.pdf,/Users/julyanffzz/项目/Ioniclink/reference/Lubrication/Extracted/2012-atkin-Ionic Liquid Nanotribology Stiction Suppression and SurfaceInduced Shear Thinning.pdf,,high,matched_local_reference,ean_stiction_silica_ptfe_2012,[EA]+ [N]- / compound=zero / surface=polytetrafluoroethylene PTFE / potential=0.0 / velocity=20.0,EAN silica-silica / silica-PTFE stiction-suppression and shear-thinning figure series.,no_film,no+film+dataset+0312.csv,116,True,[EA]+,[N]-,zero,polytetrafluoroethylene PTFE,,2.431285504,-0.7518,46.093,0,20.0,0,0.0,62.004,2.754887502,2.192174955,1,0.019,-5e-05,66.2,7.0,27.64,1.632993162,-0.2391,110.0,0,298,0.0,0,26.26466251,2.803039488,0.200806452,3.0,46.093,3_46.093,115.0,0.200806453902945,1.9029449960239475e-09,,1.0
protic_2014,Effect of ion structure on nanoscale friction in protic ionic liquids,reference/Lubrication/Extracted/2014-Rutland-Effect of ion structure on nanoscale friction in protic ionic liquids.pdf,/Users/julyanffzz/项目/Ioniclink/reference/Lubrication/Extracted/2014-Rutland-Effect of ion structure on nanoscale friction in protic ionic liquids.pdf,,high,matched_local_reference,protic_ion_structure_2014,[EA]+ [F]- / compound=zero / surface=mica / potential=0.0 / velocity=20.0,"Protic ionic-liquid ion-structure series on mica/silica, covering EA/PA/DMEA/EtA nitrate/formate systems.",no_film,no+film+dataset+0312.csv,117,True,[EA]+,[F]-,zero,mica,,2.431285504,-0.7518,46.093,0,20.0,0,0.0,45.017,2.754887502,2.091441062,1,1.77,-0.16,40.13,0.0569,27.64,1.632993162,-1.6339,0.0,0,298,100.0,0,10.26466251,2.187496097,1.040506329,7.0,46.093,7_46.093,116.0,1.0405063619955597,3.299555961788769e-08,,1.0
graphite_2021,Potential-Dependent Superlubricity of Ionic Liquids on a Graphite Surface,reference/Lubrication/2021-atkin-potential-dependent-superlubricity-of-ionic-liquids-on-a-graphite-surface.pdf,/Users/julyanffzz/项目/Ioniclink/reference/Lubrication/2021-atkin-potential-dependent-superlubricity-of-ionic-liquids-on-a-graphite-surface.pdf,10.1021/acs.jpcc.0c10804,high,matched_local_reference,phosphonium_hopg_graphite,"[P6,6,6,14]+ [TFSI]- / compound=zero / surface=HOPG / potential=-1.0 / velocity=6.0",HOPG phosphonium ionic-liquid comparison series from the graphite potential-dependent superlubricity paper.,no_film,no+film+dataset+0312.csv,118,True,"[P6,6,6,14]+",[TFSI]-,zero,HOPG,,5.174799948,12.446,483.87,28,6.0,0,-1.0,280.147,319.1282666,3.359227186,0,0.05,-0.0002,82.38,0.89,0.0,4.337445108,1.0593,85.0,0,298,100.0,0,384.7328028,5.284512596,0.006,0.0,483.87,0_483.87,117.0,0.0060000002087878,2.087878810813626e-10,,0.0
ean_mica_2012,Ionic liquid nanotribology: mica-silica interactions in ethylammonium nitrate,reference/Lubrication/Extracted/2012-rutland-Ionic liquid nanotribology mica–silica interactions in ethylammonium nitrate.pdf,/Users/julyanffzz/项目/Ioniclink/reference/Lubrication/Extracted/2012-rutland-Ionic liquid nanotribology mica–silica interactions in ethylammonium nitrate.pdf,10.1039/C2SM25620K,high,matched_local_reference,ean_mica_silica_2012,[EA]+ [N]- / compound=zero / surface=mica / potential=0.0 / velocity=30.0,"EAN on mica/silica nanotribology system. Some EAN rows overlap ion-structure comparisons, but this is the EAN-specific primary paper in the local Lubrication corpus.",no_film,no+film+dataset+0312.csv,119,True,[EA]+,[N]-,zero,mica,,2.431285504,-0.7518,46.093,0,30.0,0,0.0,62.004,2.754887502,2.192174955,1,1.77,-0.16,66.2,0.0569,27.64,1.632993162,-0.2391,0.0,0,298,100.0,0,26.26466251,2.803039488,0.304,4.0,46.093,4_46.093,118.0,0.2093909379706216,0.0946090620293783,high error,1.0
ion_structure_2013,"Ionic liquid lubrication: influence of ion structure, surface potential and sliding velocity","reference/Lubrication/Extracted/2013-rutland-Ionic liquid lubrication influence of ion structure, surface potential and sliding velocity.pdf","/Users/julyanffzz/项目/Ioniclink/reference/Lubrication/Extracted/2013-rutland-Ionic liquid lubrication influence of ion structure, surface potential and sliding velocity.pdf",10.1039/C3CP52638K,high,matched_local_reference,imidazolium_fap_i_au,[EMIM] + [FAP]- / compound=zero / surface=Au(111) / potential=-2.0 / velocity=20.0,"Au(111) FAP/I ion-structure, surface-potential, and sliding-velocity series.",no_film,no+film+dataset+0312.csv,120,True,[EMIM] +,[FAP]-,zero,Au(111),,3.045073482,0.3325,111.168,1,20.0,0,-2.0,445.004,166.7913934,3.775688868,0,0.7,-0.02,0.0,0.2,8.81,2.837541431,7.1942,60.0,0,293,100.0,1,468.4882895,7.871070033,0.15,3.0,111.168,3_111.168,119.0,0.1500000050047652,5.004765241123366e-09,,0.0
superlubricity_hopg_2014,An ionic liquid lubricant enables superlubricity to be switched on in situ using an electrical potential,reference/Lubrication/3.10/2014-atkin-An ionic liquid lubricant enables superlubricity to be “switched on” in situ usin.pdf,/Users/julyanffzz/项目/Ioniclink/reference/Lubrication/3.10/2014-atkin-An ionic liquid lubricant enables superlubricity to be “switched on” in situ usin.pdf,10.1039/C4CC00979G,high,matched_local_reference,hmim_fap_hopg,[HMIM]+ [FAP]- / compound=zero / surface=HOPG / potential=1.0 / velocity=6.0,[HMIM][FAP] on HOPG potential-dependent superlubricity system.,no_film,no+film+dataset+0312.csv,121,True,[HMIM]+,[FAP]-,zero,HOPG,,3.540263249,1.8929,167.276,5,6.0,0,1.0,445.004,215.3680851,3.775688868,0,0.05,-0.0002,0.0,0.89,8.81,2.153242802,7.1942,85.0,0,298,100.0,1,468.4882895,7.871070033,0.012,0.0,167.276,0_167.276,120.0,0.0119999996439762,3.5602375561549755e-10,,0.0
ean_mica_2012,Ionic liquid nanotribology: mica-silica interactions in ethylammonium nitrate,reference/Lubrication/Extracted/2012-rutland-Ionic liquid nanotribology mica–silica interactions in ethylammonium nitrate.pdf,/Users/julyanffzz/项目/Ioniclink/reference/Lubrication/Extracted/2012-rutland-Ionic liquid nanotribology mica–silica interactions in ethylammonium nitrate.pdf,10.1039/C2SM25620K,high,matched_local_reference,ean_mica_silica_2012,[EA]+ [N]- / compound=zero / surface=mica / potential=0.0 / velocity=10.0,"EAN on mica/silica nanotribology system. Some EAN rows overlap ion-structure comparisons, but this is the EAN-specific primary paper in the local Lubrication corpus.",no_film,no+film+dataset+0312.csv,122,True,[EA]+,[N]-,zero,mica,,2.431285504,-0.7518,46.093,0,10.0,0,0.0,62.004,2.754887502,2.192174955,1,1.77,-0.16,66.2,0.0569,27.64,1.632993162,-0.2391,0.0,0,369,100.0,0,26.26466251,2.803039488,0.258,4.0,46.093,4_46.093,121.0,0.2579999872197325,1.27802674554367e-08,,1.0
programmable_friction_2023,Investigation of Programmable Friction with Ionic Liquid Mixtures,reference/Lubrication/【无数据】2023-Investigation of Programmable Friction with Ionic Liquid.pdf,/Users/julyanffzz/项目/Ioniclink/reference/Lubrication/【无数据】2023-Investigation of Programmable Friction with Ionic Liquid.pdf,10.3390/lubricants11090376,medium,matched_local_reference,p66614_bta_doc_programmable,"[P6,6,6,14]+ [AOT]- / compound=[P66614][BTA] / surface=stainless steel / potential=-4.0 / velocity=1.0","BTA/Doc component strings and +/-4 V velocity-ramp stainless-steel program match the 2023 programmable-friction paper; dataset columns split mixture chemistry across anion/compound fields, so verify formulation before publication.",no_film,no+film+dataset+0312.csv,123,True,"[P6,6,6,14]+",[AOT]-,[P66614][BTA],stainless steel,,5.174799948,12.446,483.87,28,1.0,1,-4.0,421.576,319.1282666,4.637037402,0,0.07,0.01,109.8,320.0,0.0,4.337445108,3.8095,72.0,0,298,17.4,0,544.7574562,4.726289834,0.01295,0.0,483.87,0_483.87,122.0,0.0129500006449396,6.449396745822341e-10,,0.0
protic_2014,Effect of ion structure on nanoscale friction in protic ionic liquids,reference/Lubrication/Extracted/2014-Rutland-Effect of ion structure on nanoscale friction in protic ionic liquids.pdf,/Users/julyanffzz/项目/Ioniclink/reference/Lubrication/Extracted/2014-Rutland-Effect of ion structure on nanoscale friction in protic ionic liquids.pdf,,high,matched_local_reference,protic_ion_structure_2014,[EtA]+ [N]- / compound=zero / surface=mica / potential=0.0 / velocity=5.0,"Protic ionic-liquid ion-structure series on mica/silica, covering EA/PA/DMEA/EtA nitrate/formate systems.",no_film,no+film+dataset+0312.csv,124,True,[EtA]+,[N]-,zero,mica,,2.543129445,-1.7794,62.092,1,5.0,0,0.0,62.004,8.0,2.192174955,1,1.77,-0.16,66.2,0.0569,47.87,1.974744871,-0.2391,0.0,0,298,100.0,1,26.26466251,2.803039488,0.643037975,6.0,62.092,6_62.092,123.0,0.6430379741299839,8.700161702179795e-10,,2.0
ion_structure_2013,"Ionic liquid lubrication: influence of ion structure, surface potential and sliding velocity","reference/Lubrication/Extracted/2013-rutland-Ionic liquid lubrication influence of ion structure, surface potential and sliding velocity.pdf","/Users/julyanffzz/项目/Ioniclink/reference/Lubrication/Extracted/2013-rutland-Ionic liquid lubrication influence of ion structure, surface potential and sliding velocity.pdf",10.1039/C3CP52638K,high,matched_local_reference,imidazolium_fap_i_au,[EMIM] + [FAP]- / compound=zero / surface=Au(111) / potential=1.5 / velocity=2.0,"Au(111) FAP/I ion-structure, surface-potential, and sliding-velocity series.",no_film,no+film+dataset+0312.csv,125,True,[EMIM] +,[FAP]-,zero,Au(111),,3.045073482,0.3325,111.168,1,2.0,0,1.5,445.004,166.7913934,3.775688868,0,0.7,-0.02,0.0,0.2,8.81,2.837541431,7.1942,60.0,0,293,100.0,1,468.4882895,7.871070033,0.38,5.0,111.168,5_111.168,124.0,0.3799999962997882,3.7002118036255638e-09,,0.0
programmable_friction_2023,Investigation of Programmable Friction with Ionic Liquid Mixtures,reference/Lubrication/【无数据】2023-Investigation of Programmable Friction with Ionic Liquid.pdf,/Users/julyanffzz/项目/Ioniclink/reference/Lubrication/【无数据】2023-Investigation of Programmable Friction with Ionic Liquid.pdf,10.3390/lubricants11090376,medium,matched_local_reference,p66614_bta_doc_programmable,"[P6,6,6,14]+ [AOT]- / compound=[P66614][BTA] / surface=stainless steel / potential=0.0 / velocity=1.0","BTA/Doc component strings and +/-4 V velocity-ramp stainless-steel program match the 2023 programmable-friction paper; dataset columns split mixture chemistry across anion/compound fields, so verify formulation before publication.",no_film,no+film+dataset+0312.csv,126,True,"[P6,6,6,14]+",[AOT]-,[P66614][BTA],stainless steel,,5.174799948,12.446,483.87,28,1.0,1,0.0,421.576,319.1282666,4.637037402,0,0.07,0.01,109.8,320.0,0.0,4.337445108,3.8095,72.0,0,298,17.4,0,544.7574562,4.726289834,0.03526,1.0,483.87,1_483.87,125.0,0.0352599986821694,1.3178305530159307e-09,,0.0
surface_active_2024,Surface-active ionic liquids as lubricant additives to hexadecane and diethyl succinate,reference/Lubrication/Extracted/Surface-active ionic liquids as lubricant additives to hexadecane and diethyl succinate.pdf,/Users/julyanffzz/项目/Ioniclink/reference/Lubrication/Extracted/Surface-active ionic liquids as lubricant additives to hexadecane and diethyl succinate.pdf,,high,matched_local_reference,p66614_aot_ds_stainless_additives,"[P6,6,6,14]+ [AOT]- / compound=(CH2CO2Et)2 / surface=stainless steel / potential=0.0 / velocity=6.0",Surface-active phosphonium AOT/DS additives in hexadecane or diethyl succinate on stainless steel.,no_film,no+film+dataset+0312.csv,127,True,"[P6,6,6,14]+",[AOT]-,(CH2CO2Et)2,stainless steel,,5.174799948,12.446,483.87,28,6.0,1,0.0,421.576,319.1282666,4.637037402,0,0.07,0.01,109.8,0.9,0.0,4.337445108,3.8095,72.0,0,298,0.391,0,544.7574562,4.726289834,0.36,5.0,483.87,5_483.87,126.0,0.3600000147137425,1.471374250217039e-08,,0.0
ion_structure_2013,"Ionic liquid lubrication: influence of ion structure, surface potential and sliding velocity","reference/Lubrication/Extracted/2013-rutland-Ionic liquid lubrication influence of ion structure, surface potential and sliding velocity.pdf","/Users/julyanffzz/项目/Ioniclink/reference/Lubrication/Extracted/2013-rutland-Ionic liquid lubrication influence of ion structure, surface potential and sliding velocity.pdf",10.1039/C3CP52638K,high,matched_local_reference,imidazolium_fap_i_au,[BMIm]+ [I]- / compound=zero / surface=Au(111) / potential=0.5 / velocity=2.0,"Au(111) FAP/I ion-structure, surface-potential, and sliding-velocity series.",no_film,no+film+dataset+0312.csv,128,True,[BMIm]+,[I]-,zero,Au(111),,3.310978931,1.1127,139.222,3,2.0,0,0.5,126.904,190.8925906,2.113761051,0,0.7,-0.02,0.0,0.2,8.81,2.422977778,-2.996,60.0,0,293,100.0,1,0.0,0.0,0.12,2.0,139.222,2_139.222,127.0,0.1199999971081843,2.891815675809539e-09,,0.0
solvate_2017,Boundary layer friction of solvate ionic liquids as a function of potential,reference/Lubrication/2017-Rutland-Boundary layer friction of solvate ionic liquids as a function of potential.pdf,/Users/julyanffzz/项目/Ioniclink/reference/Lubrication/2017-Rutland-Boundary layer friction of solvate ionic liquids as a function of potential.pdf,,high,matched_local_reference,solvate_li_g4_potential,[Li(G4)]+ [N]- / compound=zero / surface=Au(111) / potential=0.5 / velocity=6.0,Li(G4) solvate ionic liquid potential-dependent boundary-layer friction on Au(111)/HOPG.,no_film,no+film+dataset+0312.csv,129,True,[Li(G4)]+,[N]-,zero,Au(111),,3.859895249,-2.667,229.222,12,6.0,0,0.5,62.004,103.3825112,2.192174955,0,0.7,-0.02,66.2,1.0,46.15,0.0,-0.2391,60.0,0,298,100.0,5,26.26466251,2.803039488,1.0,7.0,229.222,7_229.222,128.0,0.9999999986872306,1.312769448702511e-09,,0.0
tribotronic_2016,Tribotronic control of friction in oil-based lubricants with ionic liquid additives,reference/Lubrication/3.10/2016-atkin-Tribotronic control of friction in oil-based lubricants with ionic liquid additives.pdf,/Users/julyanffzz/项目/Ioniclink/reference/Lubrication/3.10/2016-atkin-Tribotronic control of friction in oil-based lubricants with ionic liquid additives.pdf,10.1039/C6CP04405K,high,matched_local_reference,p66614_ic8_hexadecane_au,"[P6,6,6,14]+ [(iC8)2PO2]- / compound=hexadecane / surface=Au(111) / potential=-0.15 / velocity=6.5","Exact phosphonium phosphate ionic liquid additive in hexadecane on Au(111), matching the 2016 tribotronic gold study.",no_film,no+film+dataset+0312.csv,130,True,"[P6,6,6,14]+",[(iC8)2PO2]-,hexadecane,Au(111),,5.174799948,12.446,483.87,28,6.5,0,-0.15,289.42,319.1282666,4.246635376,0,0.7,-0.02,40.13,1.0,0.0,4.337445108,4.7694,60.0,0,298,5.0,0,281.6910727,4.359263597,0.424,5.0,483.87,5_483.87,129.0,0.4239999916149475,8.385052485682111e-09,,0.0
low_concentration_2016,Addition of low concentrations of an ionic liquid to a base oil reduces friction over multiple length scales: a combined nano- and macrotribology investigation,reference/Lubrication/3.10/Addition of low concentrations of an ionic liquid.pdf,/Users/julyanffzz/项目/Ioniclink/reference/Lubrication/3.10/Addition of low concentrations of an ionic liquid.pdf,10.1039/C5CP07061A,high,matched_local_reference,p66614_ic8_hexadecane_silica,"[P6,6,6,14]+ [(iC8)2PO2]- / compound=hexadecane / surface=silica / potential=0.0 / velocity=6.0","Silica + phosphonium phosphate ionic liquid additive in hexadecane, matching the combined nano/macro low-concentration study.",no_film,no+film+dataset+0312.csv,131,True,"[P6,6,6,14]+",[(iC8)2PO2]-,hexadecane,silica,,5.174799948,12.446,483.87,28,6.0,0,0.0,289.42,319.1282666,4.246635376,0,0.2,-0.07,40.13,0.5,0.0,4.337445108,4.7694,20.7,0,298,0.01,0,281.6910727,4.359263597,0.4,5.0,483.87,5_483.87,130.0,0.4000000057003499,5.700349914317115e-09,,0.0
ion_structure_2013,"Ionic liquid lubrication: influence of ion structure, surface potential and sliding velocity","reference/Lubrication/Extracted/2013-rutland-Ionic liquid lubrication influence of ion structure, surface potential and sliding velocity.pdf","/Users/julyanffzz/项目/Ioniclink/reference/Lubrication/Extracted/2013-rutland-Ionic liquid lubrication influence of ion structure, surface potential and sliding velocity.pdf",10.1039/C3CP52638K,high,matched_local_reference,imidazolium_fap_i_au,[EMIM] + [FAP]- / compound=zero / surface=Au(111) / potential=0.5 / velocity=6.0,"Au(111) FAP/I ion-structure, surface-potential, and sliding-velocity series.",no_film,no+film+dataset+0312.csv,132,True,[EMIM] +,[FAP]-,zero,Au(111),,3.045073482,0.3325,111.168,1,6.0,0,0.5,445.004,166.7913934,3.775688868,0,0.7,-0.02,0.0,0.2,8.81,2.837541431,7.1942,60.0,0,293,100.0,1,468.4882895,7.871070033,0.3,4.0,111.168,4_111.168,131.0,0.3000000075191942,7.519194211713653e-09,,0.0
protic_2014,Effect of ion structure on nanoscale friction in protic ionic liquids,reference/Lubrication/Extracted/2014-Rutland-Effect of ion structure on nanoscale friction in protic ionic liquids.pdf,/Users/julyanffzz/项目/Ioniclink/reference/Lubrication/Extracted/2014-Rutland-Effect of ion structure on nanoscale friction in protic ionic liquids.pdf,,high,matched_local_reference,protic_ion_structure_2014,[EtA]+ [N]- / compound=zero / surface=mica / potential=0.0 / velocity=10.0,"Protic ionic-liquid ion-structure series on mica/silica, covering EA/PA/DMEA/EtA nitrate/formate systems.",no_film,no+film+dataset+0312.csv,133,True,[EtA]+,[N]-,zero,mica,,2.543129445,-1.7794,62.092,1,10.0,0,0.0,62.004,8.0,2.192174955,1,1.77,-0.16,66.2,0.0569,47.87,1.974744871,-0.2391,0.0,0,298,100.0,1,26.26466251,2.803039488,0.678481013,6.0,62.092,6_62.092,132.0,0.678481042327896,2.9327896000630463e-08,,2.0
ean_mica_2012,Ionic liquid nanotribology: mica-silica interactions in ethylammonium nitrate,reference/Lubrication/Extracted/2012-rutland-Ionic liquid nanotribology mica–silica interactions in ethylammonium nitrate.pdf,/Users/julyanffzz/项目/Ioniclink/reference/Lubrication/Extracted/2012-rutland-Ionic liquid nanotribology mica–silica interactions in ethylammonium nitrate.pdf,10.1039/C2SM25620K,high,matched_local_reference,ean_mica_silica_2012,[EA]+ [N]- / compound=zero / surface=mica / potential=0.0 / velocity=20.0,"EAN on mica/silica nanotribology system. Some EAN rows overlap ion-structure comparisons, but this is the EAN-specific primary paper in the local Lubrication corpus.",no_film,no+film+dataset+0312.csv,134,True,[EA]+,[N]-,zero,mica,,2.431285504,-0.7518,46.093,0,20.0,0,0.0,62.004,2.754887502,2.192174955,1,1.77,-0.16,66.2,0.0569,27.64,1.632993162,-0.2391,0.0,0,369,100.0,0,26.26466251,2.803039488,0.309,4.0,46.093,4_46.093,133.0,0.3089999846408985,1.535910149064179e-08,,1.0
ion_structure_2013,"Ionic liquid lubrication: influence of ion structure, surface potential and sliding velocity","reference/Lubrication/Extracted/2013-rutland-Ionic liquid lubrication influence of ion structure, surface potential and sliding velocity.pdf","/Users/julyanffzz/项目/Ioniclink/reference/Lubrication/Extracted/2013-rutland-Ionic liquid lubrication influence of ion structure, surface potential and sliding velocity.pdf",10.1039/C3CP52638K,high,matched_local_reference,imidazolium_fap_i_au,[EMIM] + [FAP]- / compound=zero / surface=Au(111) / potential=-1.0 / velocity=12.0,"Au(111) FAP/I ion-structure, surface-potential, and sliding-velocity series.",no_film,no+film+dataset+0312.csv,135,True,[EMIM] +,[FAP]-,zero,Au(111),,3.045073482,0.3325,111.168,1,12.0,0,-1.0,445.004,166.7913934,3.775688868,0,0.7,-0.02,0.0,0.2,8.81,2.837541431,7.1942,60.0,0,293,100.0,1,468.4882895,7.871070033,0.19,3.0,111.168,3_111.168,134.0,0.189999994125124,5.874875946831892e-09,,0.0
titanium_2022,Probing the nanofriction of non-halogenated phosphonium-based ionic liquid additives in glycol ether oil on titanium surface,reference/Lubrication/2022-an-Probing the nanofriction of non-halogenated phosphonium-based ionic liquid additives in glycol ether oil on titanium surface.pdf,/Users/julyanffzz/项目/Ioniclink/reference/Lubrication/2022-an-Probing the nanofriction of non-halogenated phosphonium-based ionic liquid additives in glycol ether oil on titanium surface.pdf,10.1007/s40544-021-0486-4,high,matched_local_reference,titanium_degdbe_phosphonium,"[P6,6,6,14]+ [DCA]- / compound=DEGDBE / surface=titanium / potential=0.0 / velocity=20.0","Titanium/DEGDBE phosphonium ionic-liquid additive table including BScB, DCA, BOB, and BMB; includes bare/neat controls in the same source.",no_film,no+film+dataset+0312.csv,136,True,"[P6,6,6,14]+",[DCA]-,DEGDBE,titanium,,5.174799948,12.446,483.87,28,20.0,0,0.0,66.043,319.1282666,2.409661825,0,0.5,0.005,61.68,61.15,0.0,4.337445108,0.32226,60.0,0,298,0.0143,0,70.04663564,2.857271683,0.1,2.0,483.87,2_483.87,135.0,0.1000000015763811,1.5763811089808401e-09,,0.0
protic_2014,Effect of ion structure on nanoscale friction in protic ionic liquids,reference/Lubrication/Extracted/2014-Rutland-Effect of ion structure on nanoscale friction in protic ionic liquids.pdf,/Users/julyanffzz/项目/Ioniclink/reference/Lubrication/Extracted/2014-Rutland-Effect of ion structure on nanoscale friction in protic ionic liquids.pdf,,high,matched_local_reference,protic_ion_structure_2014,[PA]+ [N]- / compound=zero / surface=mica / potential=0.0 / velocity=20.0,"Protic ionic-liquid ion-structure series on mica/silica, covering EA/PA/DMEA/EtA nitrate/formate systems.",no_film,no+film+dataset+0312.csv,137,True,[PA]+,[N]-,zero,mica,,2.642365161,-0.3617,60.12,1,20.0,0,0.0,62.004,5.245112498,2.192174955,1,1.77,-0.16,66.2,0.0569,27.64,1.974744871,-0.2391,0.0,0,298,100.0,0,26.26466251,2.803039488,1.113924051,7.0,60.12,7_60.12,136.0,1.113924022362555,2.86374448599247e-08,,1.0
titanium_2022,Probing the nanofriction of non-halogenated phosphonium-based ionic liquid additives in glycol ether oil on titanium surface,reference/Lubrication/2022-an-Probing the nanofriction of non-halogenated phosphonium-based ionic liquid additives in glycol ether oil on titanium surface.pdf,/Users/julyanffzz/项目/Ioniclink/reference/Lubrication/2022-an-Probing the nanofriction of non-halogenated phosphonium-based ionic liquid additives in glycol ether oil on titanium surface.pdf,10.1007/s40544-021-0486-4,high,matched_local_reference,titanium_degdbe_phosphonium,"[P6,6,6,14]+ [BMB]- / compound=DEGDBE / surface=titanium / potential=0.0 / velocity=20.0","Titanium/DEGDBE phosphonium ionic-liquid additive table including BScB, DCA, BOB, and BMB; includes bare/neat controls in the same source.",no_film,no+film+dataset+0312.csv,138,True,"[P6,6,6,14]+",[BMB]-,DEGDBE,titanium,,5.174799948,12.446,483.87,28,20.0,0,0.0,311.078,319.1282666,3.97427778,0,0.5,0.005,71.06,61.15,0.0,4.337445108,2.0514,60.0,0,298,0.0143,0,682.1804819,1.591434542,0.12,2.0,483.87,2_483.87,137.0,0.1199999978772413,2.122758691047721e-09,,0.0
ean_mica_2012,Ionic liquid nanotribology: mica-silica interactions in ethylammonium nitrate,reference/Lubrication/Extracted/2012-rutland-Ionic liquid nanotribology mica–silica interactions in ethylammonium nitrate.pdf,/Users/julyanffzz/项目/Ioniclink/reference/Lubrication/Extracted/2012-rutland-Ionic liquid nanotribology mica–silica interactions in ethylammonium nitrate.pdf,10.1039/C2SM25620K,high,matched_local_reference,ean_mica_silica_2012,[EA]+ [N]- / compound=zero / surface=mica / potential=0.0 / velocity=30.0,"EAN on mica/silica nanotribology system. Some EAN rows overlap ion-structure comparisons, but this is the EAN-specific primary paper in the local Lubrication corpus.",no_film,no+film+dataset+0312.csv,139,True,[EA]+,[N]-,zero,mica,,2.431285504,-0.7518,46.093,0,30.0,0,0.0,62.004,2.754887502,2.192174955,1,1.77,-0.16,66.2,0.0569,27.64,1.632993162,-0.2391,0.0,0,298,100.0,0,26.26466251,2.803039488,0.114781888,2.0,46.093,2_46.093,138.0,0.2093909379706216,0.0946090499706216,,1.0
programmable_friction_2023,Investigation of Programmable Friction with Ionic Liquid Mixtures,reference/Lubrication/【无数据】2023-Investigation of Programmable Friction with Ionic Liquid.pdf,/Users/julyanffzz/项目/Ioniclink/reference/Lubrication/【无数据】2023-Investigation of Programmable Friction with Ionic Liquid.pdf,10.3390/lubricants11090376,medium,matched_local_reference,p66614_bta_doc_programmable,"[P6,6,6,14]+ [TFSI]- / compound=[P66614][Doc] / surface=stainless steel / potential=0.0 / velocity=1.0","BTA/Doc component strings and +/-4 V velocity-ramp stainless-steel program match the 2023 programmable-friction paper; dataset columns split mixture chemistry across anion/compound fields, so verify formulation before publication.",no_film,no+film+dataset+0312.csv,140,True,"[P6,6,6,14]+",[TFSI]-,[P66614][Doc],stainless steel,,5.174799948,12.446,483.87,28,1.0,1,0.0,280.147,319.1282666,3.359227186,0,0.07,0.01,82.38,320.0,0.0,4.337445108,1.0593,72.0,0,298,82.6,0,384.7328028,5.284512596,0.03526,1.0,483.87,1_483.87,139.0,0.0352599999857577,1.4242204637859857e-11,,0.0
bmb_pc_2020,Electroresponsive structuring and friction of a non-halogenated ionic liquid in a polar solvent: effect of concentration,reference/Lubrication/3.10/2020-Rutland-Electroresponsive structuring and friction of a non-halogenated ionic liquid in a polar solvent effect of concentration.pdf,/Users/julyanffzz/项目/Ioniclink/reference/Lubrication/3.10/2020-Rutland-Electroresponsive structuring and friction of a non-halogenated ionic liquid in a polar solvent effect of concentration.pdf,10.1039/D0CP02736G,high,matched_local_reference,p66614_bmb_pc_au,"[P6,6,6,14]+ [BMB]- / compound=PC / surface=Au(111) / potential=-1.0 / velocity=1.0","Exact P6,6,6,14 BMB in propylene carbonate on Au(111), matching the 2020 electroresponsive PC/gold paper.",no_film,no+film+dataset+0312.csv,141,True,"[P6,6,6,14]+",[BMB]-,PC,Au(111),,5.174799948,12.446,483.87,28,1.0,0,-1.0,311.078,319.1282666,3.97427778,0,0.7,-0.02,71.06,0.835,0.0,4.337445108,2.0514,60.0,0,298,0.67,0,682.1804819,1.591434542,0.0618,2.0,483.87,2_483.87,140.0,0.0618000005547622,5.547622569657127e-10,,0.0
protic_2014,Effect of ion structure on nanoscale friction in protic ionic liquids,reference/Lubrication/Extracted/2014-Rutland-Effect of ion structure on nanoscale friction in protic ionic liquids.pdf,/Users/julyanffzz/项目/Ioniclink/reference/Lubrication/Extracted/2014-Rutland-Effect of ion structure on nanoscale friction in protic ionic liquids.pdf,,high,matched_local_reference,protic_ion_structure_2014,[DMEA]+ [F]- / compound=zero / surface=mica / potential=0.0 / velocity=40.0,"Protic ionic-liquid ion-structure series on mica/silica, covering EA/PA/DMEA/EtA nitrate/formate systems.",no_film,no+film+dataset+0312.csv,142,True,[DMEA]+,[F]-,zero,mica,,2.824148313,-0.8492,74.147,1,40.0,0,0.0,45.017,17.60964047,2.091441062,1,1.77,-0.16,40.13,0.0569,4.44,2.539538861,-1.6339,0.0,0,298,100.0,0,10.26466251,2.187496097,0.6,6.0,74.147,6_74.147,141.0,0.6000000233460276,2.3346027666626412e-08,,1.0
ean_mica_2012,Ionic liquid nanotribology: mica-silica interactions in ethylammonium nitrate,reference/Lubrication/Extracted/2012-rutland-Ionic liquid nanotribology mica–silica interactions in ethylammonium nitrate.pdf,/Users/julyanffzz/项目/Ioniclink/reference/Lubrication/Extracted/2012-rutland-Ionic liquid nanotribology mica–silica interactions in ethylammonium nitrate.pdf,10.1039/C2SM25620K,high,matched_local_reference,ean_mica_silica_2012,[EA]+ [N]- / compound=zero / surface=mica / potential=0.0 / velocity=20.0,"EAN on mica/silica nanotribology system. Some EAN rows overlap ion-structure comparisons, but this is the EAN-specific primary paper in the local Lubrication corpus.",no_film,no+film+dataset+0312.csv,143,True,[EA]+,[N]-,zero,mica,,2.431285504,-0.7518,46.093,0,20.0,0,0.0,62.004,2.754887502,2.192174955,1,1.77,-0.16,66.2,0.0569,27.64,1.632993162,-0.2391,0.0,0,339,100.0,0,26.26466251,2.803039488,0.32,5.0,46.093,5_46.093,142.0,0.3199999928834457,7.116554290309551e-09,,1.0
ean_mica_2012,Ionic liquid nanotribology: mica-silica interactions in ethylammonium nitrate,reference/Lubrication/Extracted/2012-rutland-Ionic liquid nanotribology mica–silica interactions in ethylammonium nitrate.pdf,/Users/julyanffzz/项目/Ioniclink/reference/Lubrication/Extracted/2012-rutland-Ionic liquid nanotribology mica–silica interactions in ethylammonium nitrate.pdf,10.1039/C2SM25620K,high,matched_local_reference,ean_mica_silica_2012,[EA]+ [N]- / compound=zero / surface=mica / potential=0.0 / velocity=5.0,"EAN on mica/silica nanotribology system. Some EAN rows overlap ion-structure comparisons, but this is the EAN-specific primary paper in the local Lubrication corpus.",no_film,no+film+dataset+0312.csv,144,True,[EA]+,[N]-,zero,mica,,2.431285504,-0.7518,46.093,0,5.0,0,0.0,62.004,2.754887502,2.192174955,1,1.77,-0.16,66.2,0.0569,27.64,1.632993162,-0.2391,0.0,0,298,100.0,0,26.26466251,2.803039488,0.04905363,1.0,46.093,1_46.093,143.0,0.0490536345101315,4.510131504376069e-09,,1.0
solvate_2017,Boundary layer friction of solvate ionic liquids as a function of potential,reference/Lubrication/2017-Rutland-Boundary layer friction of solvate ionic liquids as a function of potential.pdf,/Users/julyanffzz/项目/Ioniclink/reference/Lubrication/2017-Rutland-Boundary layer friction of solvate ionic liquids as a function of potential.pdf,,high,matched_local_reference,solvate_li_g4_potential,[Li(G4)]+ [N]- / compound=zero / surface=Au(111) / potential=0.0 / velocity=6.0,Li(G4) solvate ionic liquid potential-dependent boundary-layer friction on Au(111)/HOPG.,no_film,no+film+dataset+0312.csv,145,True,[Li(G4)]+,[N]-,zero,Au(111),,3.859895249,-2.667,229.222,12,6.0,0,0.0,62.004,103.3825112,2.192174955,0,0.7,-0.02,66.2,1.0,46.15,0.0,-0.2391,60.0,0,298,100.0,5,26.26466251,2.803039488,0.24,4.0,229.222,4_229.222,144.0,0.2399999965208819,3.4791180492099723e-09,,0.0
titanium_2022,Probing the nanofriction of non-halogenated phosphonium-based ionic liquid additives in glycol ether oil on titanium surface,reference/Lubrication/2022-an-Probing the nanofriction of non-halogenated phosphonium-based ionic liquid additives in glycol ether oil on titanium surface.pdf,/Users/julyanffzz/项目/Ioniclink/reference/Lubrication/2022-an-Probing the nanofriction of non-halogenated phosphonium-based ionic liquid additives in glycol ether oil on titanium surface.pdf,10.1007/s40544-021-0486-4,high,matched_local_reference,titanium_degdbe_phosphonium,"[P6,6,6,14]+ [BScB]- / compound=DEGDBE / surface=titanium / potential=0.0 / velocity=20.0","Titanium/DEGDBE phosphonium ionic-liquid additive table including BScB, DCA, BOB, and BMB; includes bare/neat controls in the same source.",no_film,no+film+dataset+0312.csv,146,True,"[P6,6,6,14]+",[BScB]-,DEGDBE,titanium,,5.174799948,12.446,483.87,28,20.0,0,0.0,283.024,319.1282666,3.79978343,0,0.5,0.005,71.06,61.15,0.0,4.337445108,1.9208,60.0,0,298,0.0,0,706.0644789,1.781315888,0.14,3.0,483.87,3_483.87,145.0,0.1400000006986219,6.986219380777923e-10,,0.0
surface_active_2024,Surface-active ionic liquids as lubricant additives to hexadecane and diethyl succinate,reference/Lubrication/Extracted/Surface-active ionic liquids as lubricant additives to hexadecane and diethyl succinate.pdf,/Users/julyanffzz/项目/Ioniclink/reference/Lubrication/Extracted/Surface-active ionic liquids as lubricant additives to hexadecane and diethyl succinate.pdf,,high,matched_local_reference,p66614_aot_ds_stainless_additives,"[P6,6,6,14]+ [AOT]- / compound=hexadecane / surface=stainless steel / potential=0.0 / velocity=6.0",Surface-active phosphonium AOT/DS additives in hexadecane or diethyl succinate on stainless steel.,no_film,no+film+dataset+0312.csv,147,True,"[P6,6,6,14]+",[AOT]-,hexadecane,stainless steel,,5.174799948,12.446,483.87,28,6.0,1,0.0,421.576,319.1282666,4.637037402,0,0.07,0.01,109.8,0.9,0.0,4.337445108,3.8095,72.0,0,298,1.299,0,544.7574562,4.726289834,0.54,6.0,483.87,6_483.87,146.0,0.5400000200502857,2.0050285653994138e-08,,0.0
superlubricity_hopg_2014,An ionic liquid lubricant enables superlubricity to be switched on in situ using an electrical potential,reference/Lubrication/3.10/2014-atkin-An ionic liquid lubricant enables superlubricity to be “switched on” in situ usin.pdf,/Users/julyanffzz/项目/Ioniclink/reference/Lubrication/3.10/2014-atkin-An ionic liquid lubricant enables superlubricity to be “switched on” in situ usin.pdf,10.1039/C4CC00979G,high,matched_local_reference,hmim_fap_hopg,[HMIM]+ [FAP]- / compound=zero / surface=HOPG / potential=0.0 / velocity=6.0,[HMIM][FAP] on HOPG potential-dependent superlubricity system.,no_film,no+film+dataset+0312.csv,148,True,[HMIM]+,[FAP]-,zero,HOPG,,3.540263249,1.8929,167.276,5,6.0,0,0.0,445.004,215.3680851,3.775688868,0,0.05,-0.0002,0.0,0.89,8.81,2.153242802,7.1942,85.0,0,298,0.0,1,468.4882895,7.871070033,0.013,0.0,167.276,0_167.276,147.0,0.0130000001850673,1.8506736247647648e-10,,0.0
programmable_friction_2023,Investigation of Programmable Friction with Ionic Liquid Mixtures,reference/Lubrication/【无数据】2023-Investigation of Programmable Friction with Ionic Liquid.pdf,/Users/julyanffzz/项目/Ioniclink/reference/Lubrication/【无数据】2023-Investigation of Programmable Friction with Ionic Liquid.pdf,10.3390/lubricants11090376,medium,matched_local_reference,p66614_bta_doc_programmable,"[P6,6,6,14]+ [AOT]- / compound=[P66614][BTA] / surface=stainless steel / potential=4.0 / velocity=1.0","BTA/Doc component strings and +/-4 V velocity-ramp stainless-steel program match the 2023 programmable-friction paper; dataset columns split mixture chemistry across anion/compound fields, so verify formulation before publication.",no_film,no+film+dataset+0312.csv,149,True,"[P6,6,6,14]+",[AOT]-,[P66614][BTA],stainless steel,,5.174799948,12.446,483.87,28,1.0,1,4.0,421.576,319.1282666,4.637037402,0,0.07,0.01,109.8,320.0,0.0,4.337445108,3.8095,72.0,0,298,17.4,0,544.7574562,4.726289834,0.0248,1.0,483.87,1_483.87,148.0,0.0248000012038867,1.203886757644712e-09,,0.0
bmb_pc_2020,Electroresponsive structuring and friction of a non-halogenated ionic liquid in a polar solvent: effect of concentration,reference/Lubrication/3.10/2020-Rutland-Electroresponsive structuring and friction of a non-halogenated ionic liquid in a polar solvent effect of concentration.pdf,/Users/julyanffzz/项目/Ioniclink/reference/Lubrication/3.10/2020-Rutland-Electroresponsive structuring and friction of a non-halogenated ionic liquid in a polar solvent effect of concentration.pdf,10.1039/D0CP02736G,high,matched_local_reference,p66614_bmb_pc_au,"[P6,6,6,14]+ [BMB]- / compound=PC / surface=Au(111) / potential=-0.12 / velocity=6.0","Exact P6,6,6,14 BMB in propylene carbonate on Au(111), matching the 2020 electroresponsive PC/gold paper.",no_film,no+film+dataset+0312.csv,150,True,"[P6,6,6,14]+",[BMB]-,PC,Au(111),,5.174799948,12.446,483.87,28,6.0,0,-0.12,311.078,319.1282666,3.97427778,0,0.7,-0.02,71.06,0.835,0.0,4.337445108,2.0514,60.0,0,298,3.1,0,682.1804819,1.591434542,0.1229,3.0,483.87,3_483.87,149.0,0.1228999972944479,2.705552101800457e-09,,0.0
protic_2014,Effect of ion structure on nanoscale friction in protic ionic liquids,reference/Lubrication/Extracted/2014-Rutland-Effect of ion structure on nanoscale friction in protic ionic liquids.pdf,/Users/julyanffzz/项目/Ioniclink/reference/Lubrication/Extracted/2014-Rutland-Effect of ion structure on nanoscale friction in protic ionic liquids.pdf,,high,matched_local_reference,protic_ion_structure_2014,[EA]+ [F]- / compound=zero / surface=mica / potential=0.0 / velocity=30.0,"Protic ionic-liquid ion-structure series on mica/silica, covering EA/PA/DMEA/EtA nitrate/formate systems.",no_film,no+film+dataset+0312.csv,151,True,[EA]+,[F]-,zero,mica,,2.431285504,-0.7518,46.093,0,30.0,0,0.0,45.017,2.754887502,2.091441062,1,1.77,-0.16,40.13,0.0569,27.64,1.632993162,-1.6339,0.0,0,298,100.0,0,10.26466251,2.187496097,1.149367089,7.0,46.093,7_46.093,150.0,1.1493670940733585,5.073358400053962e-09,,1.0
programmable_friction_2023,Investigation of Programmable Friction with Ionic Liquid Mixtures,reference/Lubrication/【无数据】2023-Investigation of Programmable Friction with Ionic Liquid.pdf,/Users/julyanffzz/项目/Ioniclink/reference/Lubrication/【无数据】2023-Investigation of Programmable Friction with Ionic Liquid.pdf,10.3390/lubricants11090376,medium,matched_local_reference,p66614_bta_doc_programmable,"[P6,6,6,14]+ [TFSI]- / compound=[P66614][Doc] / surface=stainless steel / potential=4.0 / velocity=130.0","BTA/Doc component strings and +/-4 V velocity-ramp stainless-steel program match the 2023 programmable-friction paper; dataset columns split mixture chemistry across anion/compound fields, so verify formulation before publication.",no_film,no+film+dataset+0312.csv,152,True,"[P6,6,6,14]+",[TFSI]-,[P66614][Doc],stainless steel,,5.174799948,12.446,483.87,28,130.0,1,4.0,280.147,319.1282666,3.359227186,0,0.07,0.01,82.38,320.0,0.0,4.337445108,1.0593,72.0,0,298,82.6,0,384.7328028,5.284512596,0.0339,1.0,483.87,1_483.87,151.0,0.0338999997448188,2.5518116786305e-10,,0.0
peo_silica_2016,Poly(ethylene oxide) Mushrooms Adsorbed at Silica-Ionic Liquid Interfaces Reduce Friction,reference/Lubrication/2016-Langmuir-Polyethylene_oxide_Mushrooms_Adsorbed_at_Silica-Ionic_Liquid_Interfaces_Reduce_Friction.source.html,/Users/julyanffzz/项目/Ioniclink/reference/Lubrication/2016-Langmuir-Polyethylene_oxide_Mushrooms_Adsorbed_at_Silica-Ionic_Liquid_Interfaces_Reduce_Friction.source.html,10.1021/acs.langmuir.5b04503,medium,matched_local_reference,bmim_bf4_silica_peo,[BMIm]+ [BF4]- / compound=zero / surface=silica / potential=0.0 / velocity=10.0,BMIM BF4 at silica/IL interfaces appears in the PEO-mushroom silica-IL friction paper; row-level extraction should be checked against the figure/table because the dataset row stores only the pure IL system.,no_film,no+film+dataset+0312.csv,153,True,[BMIm]+,[BF4]-,zero,silica,,3.310978931,1.1127,139.222,3,10.0,0,0.0,86.804,190.8925906,2.328453731,0,0.2,-0.07,0.0,0.5,8.81,2.422977778,1.3,20.7,0,298,100.0,1,19.11941548,3.023715784,1.57,7.0,139.222,7_139.222,152.0,1.5700000524849709,5.248497059184842e-08,,0.0
tribotronic_2016,Tribotronic control of friction in oil-based lubricants with ionic liquid additives,reference/Lubrication/3.10/2016-atkin-Tribotronic control of friction in oil-based lubricants with ionic liquid additives.pdf,/Users/julyanffzz/项目/Ioniclink/reference/Lubrication/3.10/2016-atkin-Tribotronic control of friction in oil-based lubricants with ionic liquid additives.pdf,10.1039/C6CP04405K,high,matched_local_reference,p66614_ic8_hexadecane_au,"[P6,6,6,14]+ [(iC8)2PO2]- / compound=hexadecane / surface=Au(111) / potential=0.0 / velocity=6.5","Exact phosphonium phosphate ionic liquid additive in hexadecane on Au(111), matching the 2016 tribotronic gold study.",no_film,no+film+dataset+0312.csv,154,True,"[P6,6,6,14]+",[(iC8)2PO2]-,hexadecane,Au(111),,5.174799948,12.446,483.87,28,6.5,0,0.0,289.42,319.1282666,4.246635376,0,0.7,-0.02,40.13,1.0,0.0,4.337445108,4.7694,60.0,0,298,5.0,0,281.6910727,4.359263597,0.46,5.0,483.87,5_483.87,153.0,0.460000010556292,1.0556292007191104e-08,,0.0
bmb_pc_2020,Electroresponsive structuring and friction of a non-halogenated ionic liquid in a polar solvent: effect of concentration,reference/Lubrication/3.10/2020-Rutland-Electroresponsive structuring and friction of a non-halogenated ionic liquid in a polar solvent effect of concentration.pdf,/Users/julyanffzz/项目/Ioniclink/reference/Lubrication/3.10/2020-Rutland-Electroresponsive structuring and friction of a non-halogenated ionic liquid in a polar solvent effect of concentration.pdf,10.1039/D0CP02736G,high,matched_local_reference,p66614_bmb_pc_au,"[P6,6,6,14]+ [BMB]- / compound=PC / surface=Au(111) / potential=-1.0 / velocity=12.0","Exact P6,6,6,14 BMB in propylene carbonate on Au(111), matching the 2020 electroresponsive PC/gold paper.",no_film,no+film+dataset+0312.csv,155,True,"[P6,6,6,14]+",[BMB]-,PC,Au(111),,5.174799948,12.446,483.87,28,12.0,0,-1.0,311.078,319.1282666,3.97427778,0,0.7,-0.02,71.06,0.835,0.0,4.337445108,2.0514,60.0,0,298,0.67,0,682.1804819,1.591434542,0.0736,2.0,483.87,2_483.87,154.0,0.0736000027600129,2.760012940417056e-09,,0.0
ion_structure_2013,"Ionic liquid lubrication: influence of ion structure, surface potential and sliding velocity","reference/Lubrication/Extracted/2013-rutland-Ionic liquid lubrication influence of ion structure, surface potential and sliding velocity.pdf","/Users/julyanffzz/项目/Ioniclink/reference/Lubrication/Extracted/2013-rutland-Ionic liquid lubrication influence of ion structure, surface potential and sliding velocity.pdf",10.1039/C3CP52638K,high,matched_local_reference,imidazolium_fap_i_au,[HMIM]+ [FAP]- / compound=zero / surface=Au(111) / potential=0.5 / velocity=2.0,"Au(111) FAP/I ion-structure, surface-potential, and sliding-velocity series.",no_film,no+film+dataset+0312.csv,156,True,[HMIM]+,[FAP]-,zero,Au(111),,3.540263249,1.8929,167.276,5,2.0,0,0.5,445.004,215.3680851,3.775688868,0,0.7,-0.02,0.0,0.2,8.81,2.153242802,7.1942,60.0,0,293,100.0,1,468.4882895,7.871070033,0.3,4.0,167.276,4_167.276,155.0,0.3000000098459743,9.845974313638097e-09,,0.0
graphite_2021,Potential-Dependent Superlubricity of Ionic Liquids on a Graphite Surface,reference/Lubrication/2021-atkin-potential-dependent-superlubricity-of-ionic-liquids-on-a-graphite-surface.pdf,/Users/julyanffzz/项目/Ioniclink/reference/Lubrication/2021-atkin-potential-dependent-superlubricity-of-ionic-liquids-on-a-graphite-surface.pdf,10.1021/acs.jpcc.0c10804,high,matched_local_reference,phosphonium_hopg_graphite,"[P6,6,6,14]+ [BEHP]- / compound=zero / surface=HOPG / potential=-1.0 / velocity=6.0",HOPG phosphonium ionic-liquid comparison series from the graphite potential-dependent superlubricity paper.,no_film,no+film+dataset+0312.csv,157,True,"[P6,6,6,14]+",[BEHP]-,zero,HOPG,,5.174799948,12.446,483.87,28,6.0,0,-1.0,321.418,319.1282666,4.32349866,0,0.05,-0.0002,58.59,0.89,0.0,4.337445108,4.9208,85.0,0,298,100.0,0,259.4505415,4.075382025,0.002,0.0,483.87,0_483.87,156.0,0.0019999997578951,2.421048899553524e-10,,0.0
tribotronic_2016,Tribotronic control of friction in oil-based lubricants with ionic liquid additives,reference/Lubrication/3.10/2016-atkin-Tribotronic control of friction in oil-based lubricants with ionic liquid additives.pdf,/Users/julyanffzz/项目/Ioniclink/reference/Lubrication/3.10/2016-atkin-Tribotronic control of friction in oil-based lubricants with ionic liquid additives.pdf,10.1039/C6CP04405K,high,matched_local_reference,p66614_ic8_hexadecane_au,"[P6,6,6,14]+ [(iC8)2PO2]- / compound=hexadecane / surface=Au(111) / potential=0.0 / velocity=6.5","Exact phosphonium phosphate ionic liquid additive in hexadecane on Au(111), matching the 2016 tribotronic gold study.",no_film,no+film+dataset+0312.csv,158,True,"[P6,6,6,14]+",[(iC8)2PO2]-,hexadecane,Au(111),,5.174799948,12.446,483.87,28,6.5,0,0.0,289.42,319.1282666,4.246635376,0,0.7,-0.02,40.13,1.0,0.0,4.337445108,4.7694,60.0,0,298,1.0,0,281.6910727,4.359263597,0.46,5.0,483.87,5_483.87,157.0,0.4600000064700927,6.470092683841244e-09,,0.0
roughness_2020,Effects of Nanoscale Roughness on the Lubricious Behavior of an Ionic Liquid,reference/Lubrication/Extracted/Adv Materials Inter - 2020 - Nalam - Effects of Nanoscale Roughness on the Lubricious Behavior of an Ionic Liquid.pdf,/Users/julyanffzz/项目/Ioniclink/reference/Lubrication/Extracted/Adv Materials Inter - 2020 - Nalam - Effects of Nanoscale Roughness on the Lubricious Behavior of an Ionic Liquid.pdf,,high,matched_local_reference,hmim_tfsi_silica_roughness,[HMIM]+ [TFSI]- / compound=zero / surface=silica / potential=0.0 / velocity=1.0,[HMIM][TFSI] on silica surfaces with nanoscale roughness series.,no_film,no+film+dataset+0312.csv,159,True,[HMIM]+,[TFSI]-,zero,silica,,3.540263249,1.8929,167.276,5,1.0,0,0.0,280.147,215.3680851,3.359227186,0,0.2,-0.07,82.38,6.03,8.81,2.153242802,1.0593,20.7,0,298,100.0,1,384.7328028,5.284512596,0.075,2.0,167.276,2_167.276,158.0,0.0750000019064807,1.906480709412683e-09,,0.0
ion_structure_2013,"Ionic liquid lubrication: influence of ion structure, surface potential and sliding velocity","reference/Lubrication/Extracted/2013-rutland-Ionic liquid lubrication influence of ion structure, surface potential and sliding velocity.pdf","/Users/julyanffzz/项目/Ioniclink/reference/Lubrication/Extracted/2013-rutland-Ionic liquid lubrication influence of ion structure, surface potential and sliding velocity.pdf",10.1039/C3CP52638K,high,matched_local_reference,imidazolium_fap_i_au,[EMIM] + [FAP]- / compound=zero / surface=Au(111) / potential=-2.0 / velocity=12.0,"Au(111) FAP/I ion-structure, surface-potential, and sliding-velocity series.",no_film,no+film+dataset+0312.csv,160,True,[EMIM] +,[FAP]-,zero,Au(111),,3.045073482,0.3325,111.168,1,12.0,0,-2.0,445.004,166.7913934,3.775688868,0,0.7,-0.02,0.0,0.2,8.81,2.837541431,7.1942,60.0,0,293,100.0,1,468.4882895,7.871070033,0.14,3.0,111.168,3_111.168,159.0,0.1400000021674949,2.1674949335359628e-09,,0.0
programmable_friction_2023,Investigation of Programmable Friction with Ionic Liquid Mixtures,reference/Lubrication/【无数据】2023-Investigation of Programmable Friction with Ionic Liquid.pdf,/Users/julyanffzz/项目/Ioniclink/reference/Lubrication/【无数据】2023-Investigation of Programmable Friction with Ionic Liquid.pdf,10.3390/lubricants11090376,medium,matched_local_reference,p66614_bta_doc_programmable,"[P6,6,6,14]+ [AOT]- / compound=[P66614][BTA] / surface=stainless steel / potential=4.0 / velocity=65.0","BTA/Doc component strings and +/-4 V velocity-ramp stainless-steel program match the 2023 programmable-friction paper; dataset columns split mixture chemistry across anion/compound fields, so verify formulation before publication.",no_film,no+film+dataset+0312.csv,161,True,"[P6,6,6,14]+",[AOT]-,[P66614][BTA],stainless steel,,5.174799948,12.446,483.87,28,65.0,1,4.0,421.576,319.1282666,4.637037402,0,0.07,0.01,109.8,320.0,0.0,4.337445108,3.8095,72.0,0,298,17.4,0,544.7574562,4.726289834,0.01277,0.0,483.87,0_483.87,160.0,0.0127699993657737,6.342262236225247e-10,,0.0
bmb_pc_2020,Electroresponsive structuring and friction of a non-halogenated ionic liquid in a polar solvent: effect of concentration,reference/Lubrication/3.10/2020-Rutland-Electroresponsive structuring and friction of a non-halogenated ionic liquid in a polar solvent effect of concentration.pdf,/Users/julyanffzz/项目/Ioniclink/reference/Lubrication/3.10/2020-Rutland-Electroresponsive structuring and friction of a non-halogenated ionic liquid in a polar solvent effect of concentration.pdf,10.1039/D0CP02736G,high,matched_local_reference,p66614_bmb_pc_au,"[P6,6,6,14]+ [BMB]- / compound=PC / surface=Au(111) / potential=-0.12 / velocity=12.0","Exact P6,6,6,14 BMB in propylene carbonate on Au(111), matching the 2020 electroresponsive PC/gold paper.",no_film,no+film+dataset+0312.csv,162,True,"[P6,6,6,14]+",[BMB]-,PC,Au(111),,5.174799948,12.446,483.87,28,12.0,0,-0.12,311.078,319.1282666,3.97427778,0,0.7,-0.02,71.06,0.835,0.0,4.337445108,2.0514,60.0,0,298,0.67,0,682.1804819,1.591434542,0.1149,2.0,483.87,2_483.87,161.0,0.1148999977378194,2.2621805539913e-09,,0.0
ion_structure_2013,"Ionic liquid lubrication: influence of ion structure, surface potential and sliding velocity","reference/Lubrication/Extracted/2013-rutland-Ionic liquid lubrication influence of ion structure, surface potential and sliding velocity.pdf","/Users/julyanffzz/项目/Ioniclink/reference/Lubrication/Extracted/2013-rutland-Ionic liquid lubrication influence of ion structure, surface potential and sliding velocity.pdf",10.1039/C3CP52638K,high,matched_local_reference,imidazolium_fap_i_au,[EMIM] + [FAP]- / compound=zero / surface=Au(111) / potential=1.0 / velocity=2.0,"Au(111) FAP/I ion-structure, surface-potential, and sliding-velocity series.",no_film,no+film+dataset+0312.csv,163,True,[EMIM] +,[FAP]-,zero,Au(111),,3.045073482,0.3325,111.168,1,2.0,0,1.0,445.004,166.7913934,3.775688868,0,0.7,-0.02,0.0,0.2,8.81,2.837541431,7.1942,60.0,0,293,100.0,1,468.4882895,7.871070033,0.35,5.0,111.168,5_111.168,162.0,0.3499999911643832,8.835616793767542e-09,,0.0
ion_structure_2013,"Ionic liquid lubrication: influence of ion structure, surface potential and sliding velocity","reference/Lubrication/Extracted/2013-rutland-Ionic liquid lubrication influence of ion structure, surface potential and sliding velocity.pdf","/Users/julyanffzz/项目/Ioniclink/reference/Lubrication/Extracted/2013-rutland-Ionic liquid lubrication influence of ion structure, surface potential and sliding velocity.pdf",10.1039/C3CP52638K,high,matched_local_reference,imidazolium_fap_i_au,[EMIM] + [FAP]- / compound=zero / surface=Au(111) / potential=-0.5 / velocity=12.0,"Au(111) FAP/I ion-structure, surface-potential, and sliding-velocity series.",no_film,no+film+dataset+0312.csv,164,True,[EMIM] +,[FAP]-,zero,Au(111),,3.045073482,0.3325,111.168,1,12.0,0,-0.5,445.004,166.7913934,3.775688868,0,0.7,-0.02,0.0,0.2,8.81,2.837541431,7.1942,60.0,0,293,100.0,1,468.4882895,7.871070033,0.22,3.0,111.168,3_111.168,163.0,0.2200000000627056,6.2705673986585e-11,,0.0
polymeric_2022,Interfacial nanostructure and friction of a polymeric ionic liquid-ionic liquid mixture as a function of potential at Au(111) electrode interface,reference/Lubrication/Extracted/Interfacial nanostructure and friction of a polymeric ionic liquid-ionic.pdf,/Users/julyanffzz/项目/Ioniclink/reference/Lubrication/Extracted/Interfacial nanostructure and friction of a polymeric ionic liquid-ionic.pdf,10.1016/j.jcis.2021.08.067,high,matched_local_reference,bmim_tfsi_polymeric_au,[BMIm]+ [TFSI]- / compound=zero / surface=Au(111) / potential=1.0 / velocity=6.0,"BMIM TFSI and PIL/BMIM TFSI mixture on Au(111), matching the 2022 polymeric ionic-liquid mixture study.",no_film,no+film+dataset+0312.csv,165,True,[BMIm]+,[TFSI]-,zero,Au(111),,3.310978931,1.1127,139.222,3,6.0,0,1.0,280.147,190.8925906,3.359227186,0,0.7,-0.02,82.38,1.0,8.81,2.422977778,1.0593,60.0,0,298,100.0,1,384.7328028,5.284512596,0.119,2.0,139.222,2_139.222,164.0,0.119000000149662,1.4966200501120852e-10,,0.0
tribotronic_2016,Tribotronic control of friction in oil-based lubricants with ionic liquid additives,reference/Lubrication/3.10/2016-atkin-Tribotronic control of friction in oil-based lubricants with ionic liquid additives.pdf,/Users/julyanffzz/项目/Ioniclink/reference/Lubrication/3.10/2016-atkin-Tribotronic control of friction in oil-based lubricants with ionic liquid additives.pdf,10.1039/C6CP04405K,high,matched_local_reference,p66614_ic8_hexadecane_au,"[P6,6,6,14]+ [(iC8)2PO2]- / compound=hexadecane / surface=Au(111) / potential=1.0 / velocity=6.5","Exact phosphonium phosphate ionic liquid additive in hexadecane on Au(111), matching the 2016 tribotronic gold study.",no_film,no+film+dataset+0312.csv,166,True,"[P6,6,6,14]+",[(iC8)2PO2]-,hexadecane,Au(111),,5.174799948,12.446,483.87,28,6.5,0,1.0,289.42,319.1282666,4.246635376,0,0.7,-0.02,40.13,1.0,0.0,4.337445108,4.7694,60.0,0,298,100.0,0,281.6910727,4.359263597,0.84,7.0,483.87,7_483.87,165.0,0.8399999745446781,2.545532185038724e-08,,0.0
low_concentration_2016,Addition of low concentrations of an ionic liquid to a base oil reduces friction over multiple length scales: a combined nano- and macrotribology investigation,reference/Lubrication/3.10/Addition of low concentrations of an ionic liquid.pdf,/Users/julyanffzz/项目/Ioniclink/reference/Lubrication/3.10/Addition of low concentrations of an ionic liquid.pdf,10.1039/C5CP07061A,high,matched_local_reference,p66614_ic8_hexadecane_silica,"[P6,6,6,14]+ [(iC8)2PO2]- / compound=hexadecane / surface=silica / potential=0.0 / velocity=6.0","Silica + phosphonium phosphate ionic liquid additive in hexadecane, matching the combined nano/macro low-concentration study.",no_film,no+film+dataset+0312.csv,167,True,"[P6,6,6,14]+",[(iC8)2PO2]-,hexadecane,silica,,5.174799948,12.446,483.87,28,6.0,0,0.0,289.42,319.1282666,4.246635376,0,0.2,-0.07,40.13,0.5,0.0,4.337445108,4.7694,20.7,0,298,0.0,0,281.6910727,4.359263597,0.57,6.0,483.87,6_483.87,166.0,0.5699999931709917,6.829008247777324e-09,,0.0
programmable_friction_2023,Investigation of Programmable Friction with Ionic Liquid Mixtures,reference/Lubrication/【无数据】2023-Investigation of Programmable Friction with Ionic Liquid.pdf,/Users/julyanffzz/项目/Ioniclink/reference/Lubrication/【无数据】2023-Investigation of Programmable Friction with Ionic Liquid.pdf,10.3390/lubricants11090376,medium,matched_local_reference,p66614_bta_doc_programmable,"[P6,6,6,14]+ [TFSI]- / compound=[P66614][Doc] / surface=stainless steel / potential=-4.0 / velocity=65.0","BTA/Doc component strings and +/-4 V velocity-ramp stainless-steel program match the 2023 programmable-friction paper; dataset columns split mixture chemistry across anion/compound fields, so verify formulation before publication.",no_film,no+film+dataset+0312.csv,168,True,"[P6,6,6,14]+",[TFSI]-,[P66614][Doc],stainless steel,,5.174799948,12.446,483.87,28,65.0,1,-4.0,280.147,319.1282666,3.359227186,0,0.07,0.01,82.38,320.0,0.0,4.337445108,1.0593,72.0,0,298,82.6,0,384.7328028,5.284512596,0.00093,0.0,483.87,0_483.87,167.0,0.0009299986255277,1.374472216380748e-09,,0.0
bmb_pc_2020,Electroresponsive structuring and friction of a non-halogenated ionic liquid in a polar solvent: effect of concentration,reference/Lubrication/3.10/2020-Rutland-Electroresponsive structuring and friction of a non-halogenated ionic liquid in a polar solvent effect of concentration.pdf,/Users/julyanffzz/项目/Ioniclink/reference/Lubrication/3.10/2020-Rutland-Electroresponsive structuring and friction of a non-halogenated ionic liquid in a polar solvent effect of concentration.pdf,10.1039/D0CP02736G,high,matched_local_reference,p66614_bmb_pc_au,"[P6,6,6,14]+ [BMB]- / compound=PC / surface=Au(111) / potential=-0.12 / velocity=1.0","Exact P6,6,6,14 BMB in propylene carbonate on Au(111), matching the 2020 electroresponsive PC/gold paper.",no_film,no+film+dataset+0312.csv,169,True,"[P6,6,6,14]+",[BMB]-,PC,Au(111),,5.174799948,12.446,483.87,28,1.0,0,-0.12,311.078,319.1282666,3.97427778,0,0.7,-0.02,71.06,0.835,0.0,4.337445108,2.0514,60.0,0,298,3.1,0,682.1804819,1.591434542,0.1296,3.0,483.87,3_483.87,168.0,0.1296000055983001,5.598300156783864e-09,,0.0
programmable_friction_2023,Investigation of Programmable Friction with Ionic Liquid Mixtures,reference/Lubrication/【无数据】2023-Investigation of Programmable Friction with Ionic Liquid.pdf,/Users/julyanffzz/项目/Ioniclink/reference/Lubrication/【无数据】2023-Investigation of Programmable Friction with Ionic Liquid.pdf,10.3390/lubricants11090376,medium,matched_local_reference,p66614_bta_doc_programmable,"[P6,6,6,14]+ [TFSI]- / compound=[P66614][Doc] / surface=stainless steel / potential=4.0 / velocity=65.0","BTA/Doc component strings and +/-4 V velocity-ramp stainless-steel program match the 2023 programmable-friction paper; dataset columns split mixture chemistry across anion/compound fields, so verify formulation before publication.",no_film,no+film+dataset+0312.csv,170,True,"[P6,6,6,14]+",[TFSI]-,[P66614][Doc],stainless steel,,5.174799948,12.446,483.87,28,65.0,1,4.0,280.147,319.1282666,3.359227186,0,0.07,0.01,82.38,320.0,0.0,4.337445108,1.0593,72.0,0,298,82.6,0,384.7328028,5.284512596,0.01277,0.0,483.87,0_483.87,169.0,0.0127700003989522,3.989522080749541e-10,,0.0
surface_active_2024,Surface-active ionic liquids as lubricant additives to hexadecane and diethyl succinate,reference/Lubrication/Extracted/Surface-active ionic liquids as lubricant additives to hexadecane and diethyl succinate.pdf,/Users/julyanffzz/项目/Ioniclink/reference/Lubrication/Extracted/Surface-active ionic liquids as lubricant additives to hexadecane and diethyl succinate.pdf,,high,matched_local_reference,p66614_aot_ds_stainless_additives,"[P6,6,6,14]+ [AOT]- / compound=zero / surface=stainless steel / potential=1.24 / velocity=6.0",Surface-active phosphonium AOT/DS additives in hexadecane or diethyl succinate on stainless steel.,no_film,no+film+dataset+0312.csv,171,True,"[P6,6,6,14]+",[AOT]-,zero,stainless steel,,5.174799948,12.446,483.87,28,6.0,1,1.24,421.576,319.1282666,4.637037402,0,0.07,0.01,109.8,0.9,0.0,4.337445108,3.8095,72.0,0,298,100.0,0,544.7574562,4.726289834,0.26,4.0,483.87,4_483.87,170.0,0.2599999908810649,9.118935051510846e-09,,0.0
solvate_2017,Boundary layer friction of solvate ionic liquids as a function of potential,reference/Lubrication/2017-Rutland-Boundary layer friction of solvate ionic liquids as a function of potential.pdf,/Users/julyanffzz/项目/Ioniclink/reference/Lubrication/2017-Rutland-Boundary layer friction of solvate ionic liquids as a function of potential.pdf,,high,matched_local_reference,solvate_li_g4_potential,[Li(G4)]+ [TFSI]- / compound=zero / surface=Au(111) / potential=0.5 / velocity=6.0,Li(G4) solvate ionic liquid potential-dependent boundary-layer friction on Au(111)/HOPG.,no_film,no+film+dataset+0312.csv,172,True,[Li(G4)]+,[TFSI]-,zero,Au(111),,3.859895249,-2.667,229.222,12,6.0,0,0.5,280.147,103.3825112,3.359227186,0,0.7,-0.02,82.38,1.0,46.15,0.0,1.0593,60.0,0,298,100.0,5,384.7328028,5.284512596,0.25,4.0,229.222,4_229.222,171.0,0.2500000024845241,2.4845241419768627e-09,,0.0
tribotronic_2016,Tribotronic control of friction in oil-based lubricants with ionic liquid additives,reference/Lubrication/3.10/2016-atkin-Tribotronic control of friction in oil-based lubricants with ionic liquid additives.pdf,/Users/julyanffzz/项目/Ioniclink/reference/Lubrication/3.10/2016-atkin-Tribotronic control of friction in oil-based lubricants with ionic liquid additives.pdf,10.1039/C6CP04405K,high,matched_local_reference,p66614_ic8_hexadecane_au,"[P6,6,6,14]+ [(iC8)2PO2]- / compound=hexadecane / surface=Au(111) / potential=0.0 / velocity=6.5","Exact phosphonium phosphate ionic liquid additive in hexadecane on Au(111), matching the 2016 tribotronic gold study.",no_film,no+film+dataset+0312.csv,173,True,"[P6,6,6,14]+",[(iC8)2PO2]-,hexadecane,Au(111),,5.174799948,12.446,483.87,28,6.5,0,0.0,289.42,319.1282666,4.246635376,0,0.7,-0.02,40.13,1.0,0.0,4.337445108,4.7694,60.0,0,298,0.001,0,281.6910727,4.359263597,0.5,6.0,483.87,6_483.87,172.0,0.5000000006216687,6.216687165050413e-10,,0.0
tribotronic_2016,Tribotronic control of friction in oil-based lubricants with ionic liquid additives,reference/Lubrication/3.10/2016-atkin-Tribotronic control of friction in oil-based lubricants with ionic liquid additives.pdf,/Users/julyanffzz/项目/Ioniclink/reference/Lubrication/3.10/2016-atkin-Tribotronic control of friction in oil-based lubricants with ionic liquid additives.pdf,10.1039/C6CP04405K,high,matched_local_reference,p66614_ic8_hexadecane_au,"[P6,6,6,14]+ [(iC8)2PO2]- / compound=hexadecane / surface=Au(111) / potential=1.0 / velocity=6.5","Exact phosphonium phosphate ionic liquid additive in hexadecane on Au(111), matching the 2016 tribotronic gold study.",no_film,no+film+dataset+0312.csv,174,True,"[P6,6,6,14]+",[(iC8)2PO2]-,hexadecane,Au(111),,5.174799948,12.446,483.87,28,6.5,0,1.0,289.42,319.1282666,4.246635376,0,0.7,-0.02,40.13,1.0,0.0,4.337445108,4.7694,60.0,0,298,1.0,0,281.6910727,4.359263597,0.588,6.0,483.87,6_483.87,173.0,0.5880000003532779,3.532779624393355e-10,,0.0
surface_active_2024,Surface-active ionic liquids as lubricant additives to hexadecane and diethyl succinate,reference/Lubrication/Extracted/Surface-active ionic liquids as lubricant additives to hexadecane and diethyl succinate.pdf,/Users/julyanffzz/项目/Ioniclink/reference/Lubrication/Extracted/Surface-active ionic liquids as lubricant additives to hexadecane and diethyl succinate.pdf,,high,matched_local_reference,p66614_aot_ds_stainless_additives,"[P6,6,6,14]+ [AOT]- / compound=hexadecane / surface=stainless steel / potential=0.0 / velocity=6.0",Surface-active phosphonium AOT/DS additives in hexadecane or diethyl succinate on stainless steel.,no_film,no+film+dataset+0312.csv,175,True,"[P6,6,6,14]+",[AOT]-,hexadecane,stainless steel,,5.174799948,12.446,483.87,28,6.0,1,0.0,421.576,319.1282666,4.637037402,0,0.07,0.01,109.8,0.9,0.0,4.337445108,3.8095,72.0,0,298,0.508,0,544.7574562,4.726289834,0.56,6.0,483.87,6_483.87,174.0,0.5600000016362716,1.6362715626883071e-09,,0.0
programmable_friction_2023,Investigation of Programmable Friction with Ionic Liquid Mixtures,reference/Lubrication/【无数据】2023-Investigation of Programmable Friction with Ionic Liquid.pdf,/Users/julyanffzz/项目/Ioniclink/reference/Lubrication/【无数据】2023-Investigation of Programmable Friction with Ionic Liquid.pdf,10.3390/lubricants11090376,medium,matched_local_reference,p66614_bta_doc_programmable,"[P6,6,6,14]+ [AOT]- / compound=[P66614][BTA] / surface=stainless steel / potential=4.0 / velocity=130.0","BTA/Doc component strings and +/-4 V velocity-ramp stainless-steel program match the 2023 programmable-friction paper; dataset columns split mixture chemistry across anion/compound fields, so verify formulation before publication.",no_film,no+film+dataset+0312.csv,176,True,"[P6,6,6,14]+",[AOT]-,[P66614][BTA],stainless steel,,5.174799948,12.446,483.87,28,130.0,1,4.0,421.576,319.1282666,4.637037402,0,0.07,0.01,109.8,320.0,0.0,4.337445108,3.8095,72.0,0,298,17.4,0,544.7574562,4.726289834,0.0339,1.0,483.87,1_483.87,175.0,0.0339000005950184,5.950184650549414e-10,,0.0
programmable_friction_2023,Investigation of Programmable Friction with Ionic Liquid Mixtures,reference/Lubrication/【无数据】2023-Investigation of Programmable Friction with Ionic Liquid.pdf,/Users/julyanffzz/项目/Ioniclink/reference/Lubrication/【无数据】2023-Investigation of Programmable Friction with Ionic Liquid.pdf,10.3390/lubricants11090376,medium,matched_local_reference,p66614_bta_doc_programmable,"[P6,6,6,14]+ [AOT]- / compound=[P66614][BTA] / surface=stainless steel / potential=-4.0 / velocity=65.0","BTA/Doc component strings and +/-4 V velocity-ramp stainless-steel program match the 2023 programmable-friction paper; dataset columns split mixture chemistry across anion/compound fields, so verify formulation before publication.",no_film,no+film+dataset+0312.csv,177,True,"[P6,6,6,14]+",[AOT]-,[P66614][BTA],stainless steel,,5.174799948,12.446,483.87,28,65.0,1,-4.0,421.576,319.1282666,4.637037402,0,0.07,0.01,109.8,320.0,0.0,4.337445108,3.8095,72.0,0,298,17.4,0,544.7574562,4.726289834,0.00093,0.0,483.87,0_483.87,176.0,0.0009300013008754,1.3008754492453e-09,,0.0
ean_mica_2012,Ionic liquid nanotribology: mica-silica interactions in ethylammonium nitrate,reference/Lubrication/Extracted/2012-rutland-Ionic liquid nanotribology mica–silica interactions in ethylammonium nitrate.pdf,/Users/julyanffzz/项目/Ioniclink/reference/Lubrication/Extracted/2012-rutland-Ionic liquid nanotribology mica–silica interactions in ethylammonium nitrate.pdf,10.1039/C2SM25620K,high,matched_local_reference,ean_mica_silica_2012,[EA]+ [N]- / compound=zero / surface=mica / potential=0.0 / velocity=0.5,"EAN on mica/silica nanotribology system. Some EAN rows overlap ion-structure comparisons, but this is the EAN-specific primary paper in the local Lubrication corpus.",no_film,no+film+dataset+0312.csv,178,True,[EA]+,[N]-,zero,mica,,2.431285504,-0.7518,46.093,0,0.5,0,0.0,62.004,2.754887502,2.192174955,1,1.77,-0.16,66.2,0.0569,27.64,1.632993162,-0.2391,0.0,0,298,100.0,0,26.26466251,2.803039488,0.022795699,1.0,46.093,1_46.093,177.0,0.0227956998584151,8.58415120236211e-10,,1.0
ion_structure_2013,"Ionic liquid lubrication: influence of ion structure, surface potential and sliding velocity","reference/Lubrication/Extracted/2013-rutland-Ionic liquid lubrication influence of ion structure, surface potential and sliding velocity.pdf","/Users/julyanffzz/项目/Ioniclink/reference/Lubrication/Extracted/2013-rutland-Ionic liquid lubrication influence of ion structure, surface potential and sliding velocity.pdf",10.1039/C3CP52638K,high,matched_local_reference,imidazolium_fap_i_au,[EMIM] + [FAP]- / compound=zero / surface=Au(111) / potential=0.0 / velocity=12.0,"Au(111) FAP/I ion-structure, surface-potential, and sliding-velocity series.",no_film,no+film+dataset+0312.csv,179,True,[EMIM] +,[FAP]-,zero,Au(111),,3.045073482,0.3325,111.168,1,12.0,0,0.0,445.004,166.7913934,3.775688868,0,0.7,-0.02,0.0,0.2,8.81,2.837541431,7.1942,60.0,0,293,100.0,1,468.4882895,7.871070033,0.29,4.0,111.168,4_111.168,178.0,0.2899999895752907,1.0424709262490952e-08,,0.0
surface_active_2024,Surface-active ionic liquids as lubricant additives to hexadecane and diethyl succinate,reference/Lubrication/Extracted/Surface-active ionic liquids as lubricant additives to hexadecane and diethyl succinate.pdf,/Users/julyanffzz/项目/Ioniclink/reference/Lubrication/Extracted/Surface-active ionic liquids as lubricant additives to hexadecane and diethyl succinate.pdf,,high,matched_local_reference,p66614_aot_ds_stainless_additives,"[P6,6,6,14]+ [DS]- / compound=hexadecane / surface=stainless steel / potential=0.0 / velocity=6.0",Surface-active phosphonium AOT/DS additives in hexadecane or diethyl succinate on stainless steel.,no_film,no+film+dataset+0312.csv,180,True,"[P6,6,6,14]+",[DS]-,hexadecane,stainless steel,,5.174799948,12.446,483.87,28,6.0,1,0.0,265.395,319.1282666,3.990255029,0,0.07,0.01,66.43,0.9,0.0,4.337445108,3.3841,72.0,0,298,0.613,0,249.2312434,3.038016531,0.77,6.0,483.87,6_483.87,179.0,0.7699999805965982,1.940340177419841e-08,,0.0
ean_mica_2012,Ionic liquid nanotribology: mica-silica interactions in ethylammonium nitrate,reference/Lubrication/Extracted/2012-rutland-Ionic liquid nanotribology mica–silica interactions in ethylammonium nitrate.pdf,/Users/julyanffzz/项目/Ioniclink/reference/Lubrication/Extracted/2012-rutland-Ionic liquid nanotribology mica–silica interactions in ethylammonium nitrate.pdf,10.1039/C2SM25620K,high,matched_local_reference,ean_mica_silica_2012,[EA]+ [N]- / compound=zero / surface=mica / potential=0.0 / velocity=10.0,"EAN on mica/silica nanotribology system. Some EAN rows overlap ion-structure comparisons, but this is the EAN-specific primary paper in the local Lubrication corpus.",no_film,no+film+dataset+0312.csv,181,True,[EA]+,[N]-,zero,mica,,2.431285504,-0.7518,46.093,0,10.0,0,0.0,62.004,2.754887502,2.192174955,1,1.77,-0.16,66.2,0.0569,27.64,1.632993162,-0.2391,0.0,0,298,100.0,0,26.26466251,2.803039488,0.31,4.0,46.093,4_46.093,180.0,0.3099999985149927,1.4850072838079598e-09,,1.0
solvate_2017,Boundary layer friction of solvate ionic liquids as a function of potential,reference/Lubrication/2017-Rutland-Boundary layer friction of solvate ionic liquids as a function of potential.pdf,/Users/julyanffzz/项目/Ioniclink/reference/Lubrication/2017-Rutland-Boundary layer friction of solvate ionic liquids as a function of potential.pdf,,high,matched_local_reference,solvate_li_g4_potential,[Li(G4)]+ [TFSI]- / compound=zero / surface=HOPG / potential=-0.5 / velocity=6.0,Li(G4) solvate ionic liquid potential-dependent boundary-layer friction on Au(111)/HOPG.,no_film,no+film+dataset+0312.csv,182,True,[Li(G4)]+,[TFSI]-,zero,HOPG,,3.859895249,-2.667,229.222,12,6.0,0,-0.5,280.147,103.3825112,3.359227186,0,0.05,-0.0002,82.38,0.89,46.15,0.0,1.0593,85.0,0,298,100.0,5,384.7328028,5.284512596,0.024,1.0,229.222,1_229.222,181.0,0.0239999993387695,6.61230493970155e-10,,0.0
ean_stiction_2012,Ionic Liquid Nanotribology: Stiction Suppression and Surface-Induced Shear Thinning,reference/Lubrication/Extracted/2012-atkin-Ionic Liquid Nanotribology Stiction Suppression and SurfaceInduced Shear Thinning.pdf,/Users/julyanffzz/项目/Ioniclink/reference/Lubrication/Extracted/2012-atkin-Ionic Liquid Nanotribology Stiction Suppression and SurfaceInduced Shear Thinning.pdf,,high,matched_local_reference,ean_stiction_silica_ptfe_2012,[EA]+ [N]- / compound=zero / surface=silica / potential=0.0 / velocity=20.0,EAN silica-silica / silica-PTFE stiction-suppression and shear-thinning figure series.,no_film,no+film+dataset+0312.csv,183,True,[EA]+,[N]-,zero,silica,,2.431285504,-0.7518,46.093,0,20.0,0,0.0,62.004,2.754887502,2.192174955,1,0.2,-0.07,66.2,0.6,27.64,1.632993162,-0.2391,20.7,0,298,100.0,0,26.26466251,2.803039488,0.152419355,3.0,46.093,3_46.093,182.0,0.152419358778911,3.778911017437991e-09,,1.0
titanium_2022,Probing the nanofriction of non-halogenated phosphonium-based ionic liquid additives in glycol ether oil on titanium surface,reference/Lubrication/2022-an-Probing the nanofriction of non-halogenated phosphonium-based ionic liquid additives in glycol ether oil on titanium surface.pdf,/Users/julyanffzz/项目/Ioniclink/reference/Lubrication/2022-an-Probing the nanofriction of non-halogenated phosphonium-based ionic liquid additives in glycol ether oil on titanium surface.pdf,10.1007/s40544-021-0486-4,high,matched_local_reference,titanium_degdbe_phosphonium,"[P6,6,6,14]+ [BOB]- / compound=DEGDBE / surface=titanium / potential=0.0 / velocity=20.0","Titanium/DEGDBE phosphonium ionic-liquid additive table including BScB, DCA, BOB, and BMB; includes bare/neat controls in the same source.",no_film,no+film+dataset+0312.csv,184,True,"[P6,6,6,14]+",[BOB]-,DEGDBE,titanium,,5.174799948,12.446,483.87,28,20.0,0,0.0,186.848,319.1282666,3.117880277,0,0.5,0.005,105.2,61.15,0.0,4.337445108,-2.378,60.0,0,298,0.1,0,274.5434145,2.267123915,0.06,1.0,483.87,1_483.87,183.0,0.0599999995316792,4.683207155409264e-10,,0.0
ion_structure_2013,"Ionic liquid lubrication: influence of ion structure, surface potential and sliding velocity","reference/Lubrication/Extracted/2013-rutland-Ionic liquid lubrication influence of ion structure, surface potential and sliding velocity.pdf","/Users/julyanffzz/项目/Ioniclink/reference/Lubrication/Extracted/2013-rutland-Ionic liquid lubrication influence of ion structure, surface potential and sliding velocity.pdf",10.1039/C3CP52638K,high,matched_local_reference,imidazolium_fap_i_au,[EMIM] + [FAP]- / compound=zero / surface=Au(111) / potential=0.5 / velocity=20.0,"Au(111) FAP/I ion-structure, surface-potential, and sliding-velocity series.",no_film,no+film+dataset+0312.csv,185,True,[EMIM] +,[FAP]-,zero,Au(111),,3.045073482,0.3325,111.168,1,20.0,0,0.5,445.004,166.7913934,3.775688868,0,0.7,-0.02,0.0,0.2,8.81,2.837541431,7.1942,60.0,0,293,100.0,1,468.4882895,7.871070033,0.31,4.0,111.168,4_111.168,184.0,0.3100000005016914,5.016914106370507e-10,,0.0
bmb_pc_2020,Electroresponsive structuring and friction of a non-halogenated ionic liquid in a polar solvent: effect of concentration,reference/Lubrication/3.10/2020-Rutland-Electroresponsive structuring and friction of a non-halogenated ionic liquid in a polar solvent effect of concentration.pdf,/Users/julyanffzz/项目/Ioniclink/reference/Lubrication/3.10/2020-Rutland-Electroresponsive structuring and friction of a non-halogenated ionic liquid in a polar solvent effect of concentration.pdf,10.1039/D0CP02736G,high,matched_local_reference,p66614_bmb_pc_au,"[P6,6,6,14]+ [BMB]- / compound=PC / surface=Au(111) / potential=-0.12 / velocity=1.0","Exact P6,6,6,14 BMB in propylene carbonate on Au(111), matching the 2020 electroresponsive PC/gold paper.",no_film,no+film+dataset+0312.csv,186,True,"[P6,6,6,14]+",[BMB]-,PC,Au(111),,5.174799948,12.446,483.87,28,1.0,0,-0.12,311.078,319.1282666,3.97427778,0,0.7,-0.02,71.06,0.835,0.0,4.337445108,2.0514,60.0,0,298,0.67,0,682.1804819,1.591434542,0.0948,2.0,483.87,2_483.87,185.0,0.0948000007943601,7.94360188738352e-10,,0.0
graphite_2021,Potential-Dependent Superlubricity of Ionic Liquids on a Graphite Surface,reference/Lubrication/2021-atkin-potential-dependent-superlubricity-of-ionic-liquids-on-a-graphite-surface.pdf,/Users/julyanffzz/项目/Ioniclink/reference/Lubrication/2021-atkin-potential-dependent-superlubricity-of-ionic-liquids-on-a-graphite-surface.pdf,10.1021/acs.jpcc.0c10804,high,matched_local_reference,phosphonium_hopg_graphite,"[P6,6,6,14]+ [BEHP]- / compound=zero / surface=HOPG / potential=1.0 / velocity=6.0",HOPG phosphonium ionic-liquid comparison series from the graphite potential-dependent superlubricity paper.,no_film,no+film+dataset+0312.csv,187,True,"[P6,6,6,14]+",[BEHP]-,zero,HOPG,,5.174799948,12.446,483.87,28,6.0,0,1.0,321.418,319.1282666,4.32349866,0,0.05,-0.0002,58.59,0.89,0.0,4.337445108,4.9208,85.0,0,298,100.0,0,259.4505415,4.075382025,0.012,0.0,483.87,0_483.87,186.0,0.0119999998467713,1.5322869709177844e-10,,0.0
tribotronic_2016,Tribotronic control of friction in oil-based lubricants with ionic liquid additives,reference/Lubrication/3.10/2016-atkin-Tribotronic control of friction in oil-based lubricants with ionic liquid additives.pdf,/Users/julyanffzz/项目/Ioniclink/reference/Lubrication/3.10/2016-atkin-Tribotronic control of friction in oil-based lubricants with ionic liquid additives.pdf,10.1039/C6CP04405K,high,matched_local_reference,p66614_ic8_hexadecane_au,"[P6,6,6,14]+ [(iC8)2PO2]- / compound=hexadecane / surface=Au(111) / potential=0.0 / velocity=6.5","Exact phosphonium phosphate ionic liquid additive in hexadecane on Au(111), matching the 2016 tribotronic gold study.",no_film,no+film+dataset+0312.csv,188,True,"[P6,6,6,14]+",[(iC8)2PO2]-,hexadecane,Au(111),,5.174799948,12.446,483.87,28,6.5,0,0.0,289.42,319.1282666,4.246635376,0,0.7,-0.02,40.13,1.0,0.0,4.337445108,4.7694,60.0,0,298,100.0,0,281.6910727,4.359263597,0.47,6.0,483.87,6_483.87,187.0,0.4699999964251086,3.574891327406959e-09,,0.0
programmable_friction_2023,Investigation of Programmable Friction with Ionic Liquid Mixtures,reference/Lubrication/【无数据】2023-Investigation of Programmable Friction with Ionic Liquid.pdf,/Users/julyanffzz/项目/Ioniclink/reference/Lubrication/【无数据】2023-Investigation of Programmable Friction with Ionic Liquid.pdf,10.3390/lubricants11090376,medium,matched_local_reference,p66614_bta_doc_programmable,"[P6,6,6,14]+ [TFSI]- / compound=[P66614][Doc] / surface=stainless steel / potential=4.0 / velocity=13.0","BTA/Doc component strings and +/-4 V velocity-ramp stainless-steel program match the 2023 programmable-friction paper; dataset columns split mixture chemistry across anion/compound fields, so verify formulation before publication.",no_film,no+film+dataset+0312.csv,189,True,"[P6,6,6,14]+",[TFSI]-,[P66614][Doc],stainless steel,,5.174799948,12.446,483.87,28,13.0,1,4.0,280.147,319.1282666,3.359227186,0,0.07,0.01,82.38,320.0,0.0,4.337445108,1.0593,72.0,0,298,82.6,0,384.7328028,5.284512596,0.03268,1.0,483.87,1_483.87,188.0,0.0326800011362728,1.1362728397079636e-09,,0.0
stainless_2017,Ionic Liquid Lubrication of Stainless Steel: Friction is Inversely Correlated with Interfacial Liquid Nanostructure,reference/Lubrication/2017-atkin-Ionic Liquid Lubrication of Stainless Steel  Friction is Inversely Correlated with Interfacial Liquid Nanostructure.pdf,/Users/julyanffzz/项目/Ioniclink/reference/Lubrication/2017-atkin-Ionic Liquid Lubrication of Stainless Steel  Friction is Inversely Correlated with Interfacial Liquid Nanostructure.pdf,10.1021/acsnano.7b01839,high,matched_local_reference,stainless_2017_table_series,"[P6,6,6,14]+ [TFSI]- / compound=zero / surface=stainless steel / potential=0.0 / velocity=6.0","Stainless steel Table/Figure series covering HMIM FAP, HMIM I, P4,4,4,1 TFSI, P6,6,6,14 i(C8)2PO2, and P6,6,6,14 TFSI.",no_film,no+film+dataset+0312.csv,190,True,"[P6,6,6,14]+",[TFSI]-,zero,stainless steel,,5.174799948,12.446,483.87,28,6.0,1,0.0,280.147,319.1282666,3.359227186,0,0.07,0.01,82.38,0.89,0.0,4.337445108,1.0593,72.0,0,298,100.0,0,384.7328028,5.284512596,0.39,5.0,483.87,5_483.87,189.0,0.3899999851232247,1.4876775256134069e-08,,0.0
titanium_2022,Probing the nanofriction of non-halogenated phosphonium-based ionic liquid additives in glycol ether oil on titanium surface,reference/Lubrication/2022-an-Probing the nanofriction of non-halogenated phosphonium-based ionic liquid additives in glycol ether oil on titanium surface.pdf,/Users/julyanffzz/项目/Ioniclink/reference/Lubrication/2022-an-Probing the nanofriction of non-halogenated phosphonium-based ionic liquid additives in glycol ether oil on titanium surface.pdf,10.1007/s40544-021-0486-4,high,matched_local_reference,titanium_degdbe_phosphonium,"[P6,6,6,14]+ [BScB]- / compound=DEGDBE / surface=titanium / potential=0.0 / velocity=20.0","Titanium/DEGDBE phosphonium ionic-liquid additive table including BScB, DCA, BOB, and BMB; includes bare/neat controls in the same source.",no_film,no+film+dataset+0312.csv,191,True,"[P6,6,6,14]+",[BScB]-,DEGDBE,titanium,,5.174799948,12.446,483.87,28,20.0,0,0.0,283.024,319.1282666,3.79978343,0,0.5,0.005,71.06,61.15,0.0,4.337445108,1.9208,60.0,0,298,0.1,0,706.0644789,1.781315888,0.056,1.0,483.87,1_483.87,190.0,0.0569999998398134,0.0009999998398134,,0.0
low_concentration_2016,Addition of low concentrations of an ionic liquid to a base oil reduces friction over multiple length scales: a combined nano- and macrotribology investigation,reference/Lubrication/3.10/Addition of low concentrations of an ionic liquid.pdf,/Users/julyanffzz/项目/Ioniclink/reference/Lubrication/3.10/Addition of low concentrations of an ionic liquid.pdf,10.1039/C5CP07061A,high,matched_local_reference,p66614_ic8_hexadecane_silica,"[P6,6,6,14]+ [(iC8)2PO2]- / compound=hexadecane / surface=silica / potential=0.0 / velocity=6.0","Silica + phosphonium phosphate ionic liquid additive in hexadecane, matching the combined nano/macro low-concentration study.",no_film,no+film+dataset+0312.csv,192,True,"[P6,6,6,14]+",[(iC8)2PO2]-,hexadecane,silica,,5.174799948,12.446,483.87,28,6.0,0,0.0,289.42,319.1282666,4.246635376,0,0.2,-0.07,40.13,0.5,0.0,4.337445108,4.7694,20.7,0,298,10.0,0,281.6910727,4.359263597,0.39,5.0,483.87,5_483.87,191.0,0.3899999862211144,1.3778885588067169e-08,,0.0
hydrogen_bond_2020,Effect of Hydrogen Bonding between Ions of Like Charge on the Boundary Layer Friction of Hydroxy-Functionalized Ionic Liquids,reference/Lubrication/Extracted/2020-atkin-Effect of Hydrogen Bonding between Ions of Like Charge on the.pdf,/Users/julyanffzz/项目/Ioniclink/reference/Lubrication/Extracted/2020-atkin-Effect of Hydrogen Bonding between Ions of Like Charge on the.pdf,,high,matched_local_reference,hydroxy_functionalized_mica,[HOC4Py] + [TFSI]- / compound=zero / surface=mica / potential=0.0 / velocity=6.0,Hydroxy-functionalized ionic liquids on mica; same-charge hydrogen-bonding boundary-layer friction paper.,no_film,no+film+dataset+0312.csv,193,True,[HOC4Py] +,[TFSI]-,zero,mica,,3.360073211,0.7466,152.217,4,6.0,0,0.0,280.147,186.0140383,3.359227186,0,1.77,-0.16,82.38,0.0569,24.11,2.275801287,1.0593,0.0,0,293,100.0,1,384.7328028,5.284512596,0.15,3.0,152.217,3_152.217,192.0,0.1500000057366416,5.736641633946604e-09,,1.0
hydrogen_bond_2020,Effect of Hydrogen Bonding between Ions of Like Charge on the Boundary Layer Friction of Hydroxy-Functionalized Ionic Liquids,reference/Lubrication/Extracted/2020-atkin-Effect of Hydrogen Bonding between Ions of Like Charge on the.pdf,/Users/julyanffzz/项目/Ioniclink/reference/Lubrication/Extracted/2020-atkin-Effect of Hydrogen Bonding between Ions of Like Charge on the.pdf,,high,matched_local_reference,hydroxy_functionalized_mica,[HOC3Py] + [TFSI]- / compound=zero / surface=mica / potential=0.0 / velocity=6.0,Hydroxy-functionalized ionic liquids on mica; same-charge hydrogen-bonding boundary-layer friction paper.,no_film,no+film+dataset+0312.csv,194,True,[HOC3Py] +,[TFSI]-,zero,mica,,3.236493461,0.3565,138.19,3,6.0,0,0.0,280.147,173.8722824,3.359227186,0,1.77,-0.16,82.38,0.0569,24.11,2.426522347,1.0593,0.0,0,293,100.0,1,384.7328028,5.284512596,0.18,3.0,138.19,3_138.19,193.0,0.1800000067360772,6.736077279301256e-09,,1.0
hydrogen_bond_2020,Effect of Hydrogen Bonding between Ions of Like Charge on the Boundary Layer Friction of Hydroxy-Functionalized Ionic Liquids,reference/Lubrication/Extracted/2020-atkin-Effect of Hydrogen Bonding between Ions of Like Charge on the.pdf,/Users/julyanffzz/项目/Ioniclink/reference/Lubrication/Extracted/2020-atkin-Effect of Hydrogen Bonding between Ions of Like Charge on the.pdf,,high,matched_local_reference,hydroxy_functionalized_mica,[HOC4MPip]+ [TFSI]- / compound=zero / surface=mica / potential=0.0 / velocity=6.0,Hydroxy-functionalized ionic liquids on mica; same-charge hydrogen-bonding boundary-layer friction paper.,no_film,no+film+dataset+0312.csv,195,True,[HOC4MPip]+,[TFSI]-,zero,mica,,3.589900502,1.3894,172.292,4,6.0,0,0.0,280.147,119.0069869,3.359227186,1,1.77,-0.16,82.38,0.0569,20.23,2.172199717,1.0593,0.0,0,293,100.0,1,384.7328028,5.284512596,0.17,3.0,172.292,3_172.292,194.0,0.1700000019885985,1.9885985358403246e-09,,1.0
dicationic_2019,Interfacial Structure and Boundary Lubrication of a Dicationic Ionic Liquid,reference/Lubrication/Extracted/2019-Interfacial structure and boundary lubrication of a dicationic ionic liquid.pdf,/Users/julyanffzz/项目/Ioniclink/reference/Lubrication/Extracted/2019-Interfacial structure and boundary lubrication of a dicationic ionic liquid.pdf,,high,matched_local_reference,dicationic_tfsi_mica,[C10(C1Im)2]2+ [TFSI]- / compound=zero / surface=mica / potential=0.0 / velocity=0.47,Dicationic [C10(C1Im)2][TFSI] boundary lubrication between mica surfaces.,no_film,no+film+dataset+0312.csv,196,True,[C10(C1Im)2]2+,[TFSI]-,zero,mica,,4.268585015,2.8978,304.482,11,0.47,0,0.0,280.147,478.4344778,3.359227186,0,1.77,-0.16,82.38,0.0596,39.34,1.38550141,1.0593,0.0,0,298,100.0,0,384.7328028,5.284512596,0.0594,1.0,304.482,1_304.482,195.0,0.0593999999607606,3.923932706539901e-11,,2.0
control_gold_2012,Control of Nanoscale Friction on Gold in an Ionic Liquid by a Potential-Dependent Ionic Lubricant Layer,reference/Lubrication/3.10/2012-Rutland-Control of Nanoscale Friction on Gold in an Ionic Liquid by a Potential-Dependent Ionic Lubricant Layer.pdf,/Users/julyanffzz/项目/Ioniclink/reference/Lubrication/3.10/2012-Rutland-Control of Nanoscale Friction on Gold in an Ionic Liquid by a Potential-Dependent Ionic Lubricant Layer.pdf,,high,matched_local_reference,py14_fap_au,"[Py1,4]+ [FAP]- / compound=zero / surface=Au(111) / potential=1.0 / velocity=6.0","Exact [Py1,4][FAP] on Au(111) potential-dependent lubricant layer system.",no_film,no+film+dataset+0312.csv,197,True,"[Py1,4]+",[FAP]-,zero,Au(111),,3.423597497,2.0269,142.266,3,6.0,0,1.0,445.004,92.90138861,3.775688868,1,0.7,-0.02,0.0,1.0,0.0,2.21874475,7.1942,60.0,0,298,100.0,0,468.4882895,7.871070033,0.45,5.0,142.266,5_142.266,196.0,0.4499999875999922,1.24000077428299e-08,,0.0
control_gold_2012,Control of Nanoscale Friction on Gold in an Ionic Liquid by a Potential-Dependent Ionic Lubricant Layer,reference/Lubrication/3.10/2012-Rutland-Control of Nanoscale Friction on Gold in an Ionic Liquid by a Potential-Dependent Ionic Lubricant Layer.pdf,/Users/julyanffzz/项目/Ioniclink/reference/Lubrication/3.10/2012-Rutland-Control of Nanoscale Friction on Gold in an Ionic Liquid by a Potential-Dependent Ionic Lubricant Layer.pdf,,high,matched_local_reference,py14_fap_au,"[Py1,4]+ [FAP]- / compound=zero / surface=Au(111) / potential=1.5 / velocity=6.0","Exact [Py1,4][FAP] on Au(111) potential-dependent lubricant layer system.",no_film,no+film+dataset+0312.csv,198,True,"[Py1,4]+",[FAP]-,zero,Au(111),,3.423597497,2.0269,142.266,3,6.0,0,1.5,445.004,92.90138861,3.775688868,1,0.7,-0.02,0.0,1.0,0.0,2.21874475,7.1942,60.0,0,298,100.0,0,468.4882895,7.871070033,0.59,6.0,142.266,6_142.266,197.0,0.5899999740637896,2.593621040158922e-08,,0.0
polymeric_2022,Interfacial nanostructure and friction of a polymeric ionic liquid-ionic liquid mixture as a function of potential at Au(111) electrode interface,reference/Lubrication/Extracted/Interfacial nanostructure and friction of a polymeric ionic liquid-ionic.pdf,/Users/julyanffzz/项目/Ioniclink/reference/Lubrication/Extracted/Interfacial nanostructure and friction of a polymeric ionic liquid-ionic.pdf,10.1016/j.jcis.2021.08.067,high,matched_local_reference,bmim_tfsi_polymeric_au,[BMIm]+ [TFSI]- / compound=zero / surface=Au(111) / potential=0.0 / velocity=6.0,"BMIM TFSI and PIL/BMIM TFSI mixture on Au(111), matching the 2022 polymeric ionic-liquid mixture study.",no_film,no+film+dataset+0312.csv,199,True,[BMIm]+,[TFSI]-,zero,Au(111),,3.310978931,1.1127,139.222,3,6.0,0,0.0,280.147,190.8925906,3.359227186,0,0.7,-0.02,82.38,1.0,8.81,2.422977778,1.0593,60.0,0,298,100.0,1,384.7328028,5.284512596,0.044,1.0,139.222,1_139.222,198.0,0.0440000060135713,6.013571349217095e-09,,0.0
polymeric_2022,Interfacial nanostructure and friction of a polymeric ionic liquid-ionic liquid mixture as a function of potential at Au(111) electrode interface,reference/Lubrication/Extracted/Interfacial nanostructure and friction of a polymeric ionic liquid-ionic.pdf,/Users/julyanffzz/项目/Ioniclink/reference/Lubrication/Extracted/Interfacial nanostructure and friction of a polymeric ionic liquid-ionic.pdf,10.1016/j.jcis.2021.08.067,high,matched_local_reference,bmim_tfsi_polymeric_au,Poly(3MAPIm)+ [TFSI]- / compound=BMIM TFSI / surface=Au(111) / potential=0.0 / velocity=6.0,"BMIM TFSI and PIL/BMIM TFSI mixture on Au(111), matching the 2022 polymeric ionic-liquid mixture study.",no_film,no+film+dataset+0312.csv,200,True,Poly(3MAPIm)+,[TFSI]-,BMIM TFSI,Au(111),,3.639451851,0.2289,196.274,5,6.0,0,0.0,280.147,293.312147,3.359227186,0,0.7,-0.02,82.38,1.0,37.91,2.128181097,1.0593,60.0,0,298,5.0,2,384.7328028,5.284512596,0.634,6.0,196.274,6_196.274,199.0,0.6340000037342027,3.734202724814395e-09,,1.0
polymeric_2022,Interfacial nanostructure and friction of a polymeric ionic liquid-ionic liquid mixture as a function of potential at Au(111) electrode interface,reference/Lubrication/Extracted/Interfacial nanostructure and friction of a polymeric ionic liquid-ionic.pdf,/Users/julyanffzz/项目/Ioniclink/reference/Lubrication/Extracted/Interfacial nanostructure and friction of a polymeric ionic liquid-ionic.pdf,10.1016/j.jcis.2021.08.067,high,matched_local_reference,bmim_tfsi_polymeric_au,Poly(3MAPIm)+ [TFSI]- / compound=BMIM TFSI / surface=Au(111) / potential=-1.0 / velocity=6.0,"BMIM TFSI and PIL/BMIM TFSI mixture on Au(111), matching the 2022 polymeric ionic-liquid mixture study.",no_film,no+film+dataset+0312.csv,201,True,Poly(3MAPIm)+,[TFSI]-,BMIM TFSI,Au(111),,3.639451851,0.2289,196.274,5,6.0,0,-1.0,280.147,293.312147,3.359227186,0,0.7,-0.02,82.38,1.0,37.91,2.128181097,1.0593,60.0,0,298,5.0,2,384.7328028,5.284512596,0.911,7.0,196.274,7_196.274,200.0,0.9110000132024668,1.3202466675465985e-08,,1.0
ean_mica_2012,Ionic liquid nanotribology: mica-silica interactions in ethylammonium nitrate,reference/Lubrication/Extracted/2012-rutland-Ionic liquid nanotribology mica–silica interactions in ethylammonium nitrate.pdf,/Users/julyanffzz/项目/Ioniclink/reference/Lubrication/Extracted/2012-rutland-Ionic liquid nanotribology mica–silica interactions in ethylammonium nitrate.pdf,10.1039/C2SM25620K,high,matched_local_reference,ean_mica_silica_2012,[EA]+ [N]- / compound=zero / surface=mica / potential=0.0 / velocity=1.0,"EAN on mica/silica nanotribology system. Some EAN rows overlap ion-structure comparisons, but this is the EAN-specific primary paper in the local Lubrication corpus.",no_film,no+film+dataset+0312.csv,202,True,[EA]+,[N]-,zero,mica,,2.431285504,-0.7518,46.093,0,1.0,0,0.0,62.004,2.754887502,2.192174955,1,1.77,-0.16,66.2,0.0569,27.64,1.632993162,-0.2391,0.0,0,298,100.0,0,26.26466251,2.803039488,0.019871158,0.0,46.093,0_46.093,201.0,0.0198711576440699,3.5593000768940897e-10,,1.0
ion_structure_2013,"Ionic liquid lubrication: influence of ion structure, surface potential and sliding velocity","reference/Lubrication/Extracted/2013-rutland-Ionic liquid lubrication influence of ion structure, surface potential and sliding velocity.pdf","/Users/julyanffzz/项目/Ioniclink/reference/Lubrication/Extracted/2013-rutland-Ionic liquid lubrication influence of ion structure, surface potential and sliding velocity.pdf",10.1039/C3CP52638K,high,matched_local_reference,imidazolium_fap_i_au,[EMIM] + [FAP]- / compound=zero / surface=Au(111) / potential=-2.0 / velocity=2.0,"Au(111) FAP/I ion-structure, surface-potential, and sliding-velocity series.",no_film,no+film+dataset+0312.csv,203,True,[EMIM] +,[FAP]-,zero,Au(111),,3.045073482,0.3325,111.168,1,2.0,0,-2.0,445.004,166.7913934,3.775688868,0,0.7,-0.02,0.0,0.2,8.81,2.837541431,7.1942,60.0,0,293,100.0,1,468.4882895,7.871070033,0.12,2.0,111.168,2_111.168,202.0,0.1199999958814603,4.118539620456829e-09,,0.0
solvate_2017,Boundary layer friction of solvate ionic liquids as a function of potential,reference/Lubrication/2017-Rutland-Boundary layer friction of solvate ionic liquids as a function of potential.pdf,/Users/julyanffzz/项目/Ioniclink/reference/Lubrication/2017-Rutland-Boundary layer friction of solvate ionic liquids as a function of potential.pdf,,high,matched_local_reference,solvate_li_g4_potential,[Li(G4)]+ [TFSI]- / compound=zero / surface=Au(111) / potential=0.0 / velocity=6.0,Li(G4) solvate ionic liquid potential-dependent boundary-layer friction on Au(111)/HOPG.,no_film,no+film+dataset+0312.csv,204,True,[Li(G4)]+,[TFSI]-,zero,Au(111),,3.859895249,-2.667,229.222,12,6.0,0,0.0,280.147,103.3825112,3.359227186,0,0.7,-0.02,82.38,1.0,46.15,0.0,1.0593,60.0,0,298,100.0,5,384.7328028,5.284512596,0.21,3.0,229.222,3_229.222,203.0,0.2099999897142385,1.0285761409267737e-08,,0.0
solvate_2017,Boundary layer friction of solvate ionic liquids as a function of potential,reference/Lubrication/2017-Rutland-Boundary layer friction of solvate ionic liquids as a function of potential.pdf,/Users/julyanffzz/项目/Ioniclink/reference/Lubrication/2017-Rutland-Boundary layer friction of solvate ionic liquids as a function of potential.pdf,,high,matched_local_reference,solvate_li_g4_potential,[Li(G4)]+ [TFSI]- / compound=zero / surface=Au(111) / potential=1.0 / velocity=6.0,Li(G4) solvate ionic liquid potential-dependent boundary-layer friction on Au(111)/HOPG.,no_film,no+film+dataset+0312.csv,205,True,[Li(G4)]+,[TFSI]-,zero,Au(111),,3.859895249,-2.667,229.222,12,6.0,0,1.0,280.147,103.3825112,3.359227186,0,0.7,-0.02,82.38,1.0,46.15,0.0,1.0593,60.0,0,298,100.0,5,384.7328028,5.284512596,0.74,6.0,229.222,6_229.222,204.0,0.7400000088140999,8.814099894394191e-09,,0.0
bmim_aot_water_2025,Potential-dependent superlubricity of stainless steel and Au(111) using a water-in-surface-active ionic liquid mixture,reference/Lubrication/Extracted/2025-Potential-dependent superlubricity of stainless steel and Au(111) using a.pdf,/Users/julyanffzz/项目/Ioniclink/reference/Lubrication/Extracted/2025-Potential-dependent superlubricity of stainless steel and Au(111) using a.pdf,,high,matched_local_reference,bmim_aot_h2o_au_stainless,[BMIm]+ [AOT]- / compound=H2O / surface=stainless steel / potential=0.0 / velocity=6.0,1.6 M [BMIm][AOT] water-in-surface-active ionic liquid mixture on Au(111)/stainless steel.,no_film,no+film+dataset+0312.csv,206,True,[BMIm]+,[AOT]-,H2O,stainless steel,,3.310978931,1.1127,139.222,3,6.0,1,0.0,421.576,190.8925906,4.637037402,0,0.07,0.01,109.8,0.8,8.81,2.422977778,3.8095,72.0,1,298,16.5,1,544.7574562,4.726289834,3.4,7.0,139.222,7_139.222,205.0,3.400000094899325,9.489932528694568e-08,,0.0
bmim_aot_water_2025,Potential-dependent superlubricity of stainless steel and Au(111) using a water-in-surface-active ionic liquid mixture,reference/Lubrication/Extracted/2025-Potential-dependent superlubricity of stainless steel and Au(111) using a.pdf,/Users/julyanffzz/项目/Ioniclink/reference/Lubrication/Extracted/2025-Potential-dependent superlubricity of stainless steel and Au(111) using a.pdf,,high,matched_local_reference,bmim_aot_h2o_au_stainless,[BMIm]+ [AOT]- / compound=H2O / surface=stainless steel / potential=-1.0 / velocity=6.0,1.6 M [BMIm][AOT] water-in-surface-active ionic liquid mixture on Au(111)/stainless steel.,no_film,no+film+dataset+0312.csv,207,True,[BMIm]+,[AOT]-,H2O,stainless steel,,3.310978931,1.1127,139.222,3,6.0,1,-1.0,421.576,190.8925906,4.637037402,0,0.07,0.01,109.8,0.8,8.81,2.422977778,3.8095,72.0,1,298,16.5,1,544.7574562,4.726289834,3.4,7.0,139.222,7_139.222,206.0,3.400000095751152,9.57511518961951e-08,,0.0
dop_2011,Tribological Properties of Self-Assembled Monolayers of Catecholic Imidazolium and the Spin-Coated Films of Ionic Liquids,reference/Lubrication/Extracted/Tribological Properties of Self-Assembled Monolayers of Catecholic.pdf,/Users/julyanffzz/项目/Ioniclink/reference/Lubrication/Extracted/Tribological Properties of Self-Assembled Monolayers of Catecholic.pdf,,high,matched_local_reference,dopil_silica_2011,[DOPIL]+ [Cl]- / compound=zero / surface=silica / potential=0.0 / velocity=2.0,DOP-functionalized imidazolium ionic-liquid film friction series on silicon/silica-type substrate.,no_film,no+film+dataset+0312.csv,208,True,[DOPIL]+,[Cl]-,zero,silica,,4.033447586,0.4728,290.343,6,2.0,0,0.0,35.453,622.3764453,1.783215615,0,0.2,-0.07,0.0,6.03,78.37,1.69932597,-2.996,20.7,0,298,100.0,4,0.0,0.0,3.38,7.0,290.343,7_290.343,207.0,3.380000114595101,1.1459510096401004e-07,,3.0
dop_2011,Tribological Properties of Self-Assembled Monolayers of Catecholic Imidazolium and the Spin-Coated Films of Ionic Liquids,reference/Lubrication/Extracted/Tribological Properties of Self-Assembled Monolayers of Catecholic.pdf,/Users/julyanffzz/项目/Ioniclink/reference/Lubrication/Extracted/Tribological Properties of Self-Assembled Monolayers of Catecholic.pdf,,high,matched_local_reference,dopil_silica_2011,[DOPIL]+ [BF4]- / compound=zero / surface=silica / potential=0.0 / velocity=2.0,DOP-functionalized imidazolium ionic-liquid film friction series on silicon/silica-type substrate.,no_film,no+film+dataset+0312.csv,209,True,[DOPIL]+,[BF4]-,zero,silica,,4.033447586,0.4728,290.343,6,2.0,0,0.0,86.804,622.3764453,2.328453731,0,0.2,-0.07,0.0,6.03,78.37,1.69932597,1.3,20.7,0,298,100.0,4,19.11941548,3.023715784,2.85,7.0,290.343,7_290.343,208.0,2.849999904459989,9.554001101363953e-08,,3.0
dop_2011,Tribological Properties of Self-Assembled Monolayers of Catecholic Imidazolium and the Spin-Coated Films of Ionic Liquids,reference/Lubrication/Extracted/Tribological Properties of Self-Assembled Monolayers of Catecholic.pdf,/Users/julyanffzz/项目/Ioniclink/reference/Lubrication/Extracted/Tribological Properties of Self-Assembled Monolayers of Catecholic.pdf,,high,matched_local_reference,dopil_silica_2011,[DOPIL]+ [TFSI]- / compound=zero / surface=silica / potential=0.0 / velocity=2.0,DOP-functionalized imidazolium ionic-liquid film friction series on silicon/silica-type substrate.,no_film,no+film+dataset+0312.csv,210,True,[DOPIL]+,[TFSI]-,zero,silica,,4.033447586,0.4728,290.343,6,2.0,0,0.0,280.147,622.3764453,3.359227186,0,0.2,-0.07,82.38,6.03,78.37,1.69932597,1.0593,20.7,0,298,0.0,4,384.7328028,5.284512596,3.77,7.0,290.343,7_290.343,209.0,3.769999981224861,1.8775139221105522e-08,,3.0
surface_active_2024,Surface-active ionic liquids as lubricant additives to hexadecane and diethyl succinate,reference/Lubrication/Extracted/Surface-active ionic liquids as lubricant additives to hexadecane and diethyl succinate.pdf,/Users/julyanffzz/项目/Ioniclink/reference/Lubrication/Extracted/Surface-active ionic liquids as lubricant additives to hexadecane and diethyl succinate.pdf,,high,matched_local_reference,p66614_aot_ds_stainless_additives,"[P6,6,6,14]+ [AOT]- / compound=(CH2CO2Et)2 / surface=stainless steel / potential=0.24 / velocity=6.0",Surface-active phosphonium AOT/DS additives in hexadecane or diethyl succinate on stainless steel.,no_film,no+film+dataset+0312.csv,211,True,"[P6,6,6,14]+",[AOT]-,(CH2CO2Et)2,stainless steel,,5.174799948,12.446,483.87,28,6.0,1,0.24,421.576,319.1282666,4.637037402,0,0.07,0.01,109.8,0.9,0.0,4.337445108,3.8095,72.0,0,298,1.002,0,544.7574562,4.726289834,0.54,6.0,483.87,6_483.87,0.0,0.2971077601880285,0.2428922398119715,,0.0
titanium_2022,Probing the nanofriction of non-halogenated phosphonium-based ionic liquid additives in glycol ether oil on titanium surface,reference/Lubrication/2022-an-Probing the nanofriction of non-halogenated phosphonium-based ionic liquid additives in glycol ether oil on titanium surface.pdf,/Users/julyanffzz/项目/Ioniclink/reference/Lubrication/2022-an-Probing the nanofriction of non-halogenated phosphonium-based ionic liquid additives in glycol ether oil on titanium surface.pdf,10.1007/s40544-021-0486-4,high,matched_local_reference,titanium_degdbe_phosphonium,"[P6,6,6,14]+ [BScB]- / compound=zero / surface=titanium / potential=0.0 / velocity=20.0","Titanium/DEGDBE phosphonium ionic-liquid additive table including BScB, DCA, BOB, and BMB; includes bare/neat controls in the same source.",no_film,no+film+dataset+0312.csv,212,True,"[P6,6,6,14]+",[BScB]-,zero,titanium,,5.174799948,12.446,483.87,28,20.0,0,0.0,283.024,319.1282666,3.79978343,0,0.5,0.005,71.06,61.15,0.0,4.337445108,1.9208,60.0,0,298,0.0,0,706.0644789,1.781315888,0.23,4.0,483.87,4_483.87,1.0,0.1400000006986219,0.089999999301378,,0.0
bmb_pc_2020,Electroresponsive structuring and friction of a non-halogenated ionic liquid in a polar solvent: effect of concentration,reference/Lubrication/3.10/2020-Rutland-Electroresponsive structuring and friction of a non-halogenated ionic liquid in a polar solvent effect of concentration.pdf,/Users/julyanffzz/项目/Ioniclink/reference/Lubrication/3.10/2020-Rutland-Electroresponsive structuring and friction of a non-halogenated ionic liquid in a polar solvent effect of concentration.pdf,10.1039/D0CP02736G,high,matched_local_reference,p66614_bmb_pc_au,"[P6,6,6,14]+ [BMB]- / compound=PC / surface=Au(111) / potential=0.25 / velocity=6.0","Exact P6,6,6,14 BMB in propylene carbonate on Au(111), matching the 2020 electroresponsive PC/gold paper.",no_film,no+film+dataset+0312.csv,213,True,"[P6,6,6,14]+",[BMB]-,PC,Au(111),,5.174799948,12.446,483.87,28,6.0,0,0.25,311.078,319.1282666,3.97427778,0,0.7,-0.02,71.06,0.835,0.0,4.337445108,2.0514,60.0,0,298,0.67,0,682.1804819,1.591434542,0.1097,2.0,483.87,2_483.87,2.0,0.0966232592100282,0.0130767407899717,,0.0
ion_structure_2013,"Ionic liquid lubrication: influence of ion structure, surface potential and sliding velocity","reference/Lubrication/Extracted/2013-rutland-Ionic liquid lubrication influence of ion structure, surface potential and sliding velocity.pdf","/Users/julyanffzz/项目/Ioniclink/reference/Lubrication/Extracted/2013-rutland-Ionic liquid lubrication influence of ion structure, surface potential and sliding velocity.pdf",10.1039/C3CP52638K,high,matched_local_reference,imidazolium_fap_i_au,[EMIM] + [FAP]- / compound=zero / surface=Au(111) / potential=1.5 / velocity=6.0,"Au(111) FAP/I ion-structure, surface-potential, and sliding-velocity series.",no_film,no+film+dataset+0312.csv,214,True,[EMIM] +,[FAP]-,zero,Au(111),,3.045073482,0.3325,111.168,1,6.0,0,1.5,445.004,166.7913934,3.775688868,0,0.7,-0.02,0.0,0.2,8.81,2.837541431,7.1942,60.0,0,293,100.0,1,468.4882895,7.871070033,0.39,5.0,111.168,5_111.168,3.0,0.3761000610826097,0.0138999389173902,,0.0
surface_active_2024,Surface-active ionic liquids as lubricant additives to hexadecane and diethyl succinate,reference/Lubrication/Extracted/Surface-active ionic liquids as lubricant additives to hexadecane and diethyl succinate.pdf,/Users/julyanffzz/项目/Ioniclink/reference/Lubrication/Extracted/Surface-active ionic liquids as lubricant additives to hexadecane and diethyl succinate.pdf,,high,matched_local_reference,p66614_aot_ds_stainless_additives,"[P6,6,6,14]+ [DS]- / compound=(CH2CO2Et)2 / surface=stainless steel / potential=0.0 / velocity=6.0",Surface-active phosphonium AOT/DS additives in hexadecane or diethyl succinate on stainless steel.,no_film,no+film+dataset+0312.csv,215,True,"[P6,6,6,14]+",[DS]-,(CH2CO2Et)2,stainless steel,,5.174799948,12.446,483.87,28,6.0,1,0.0,265.395,319.1282666,3.990255029,0,0.07,0.01,66.43,0.9,0.0,4.337445108,3.3841,72.0,0,298,1.263,0,249.2312434,3.038016531,0.69,6.0,483.87,6_483.87,4.0,0.6361626984111475,0.0538373015888524,,0.0
programmable_friction_2023,Investigation of Programmable Friction with Ionic Liquid Mixtures,reference/Lubrication/【无数据】2023-Investigation of Programmable Friction with Ionic Liquid.pdf,/Users/julyanffzz/项目/Ioniclink/reference/Lubrication/【无数据】2023-Investigation of Programmable Friction with Ionic Liquid.pdf,10.3390/lubricants11090376,medium,matched_local_reference,p66614_bta_doc_programmable,"[P6,6,6,14]+ [AOT]- / compound=[P66614][BTA] / surface=stainless steel / potential=4.0 / velocity=13.0","BTA/Doc component strings and +/-4 V velocity-ramp stainless-steel program match the 2023 programmable-friction paper; dataset columns split mixture chemistry across anion/compound fields, so verify formulation before publication.",no_film,no+film+dataset+0312.csv,216,True,"[P6,6,6,14]+",[AOT]-,[P66614][BTA],stainless steel,,5.174799948,12.446,483.87,28,13.0,1,4.0,421.576,319.1282666,4.637037402,0,0.07,0.01,109.8,320.0,0.0,4.337445108,3.8095,72.0,0,298,17.4,0,544.7574562,4.726289834,0.03268,1.0,483.87,1_483.87,5.0,0.0322941120610539,0.000385887938946,,0.0
roughness_2020,Effects of Nanoscale Roughness on the Lubricious Behavior of an Ionic Liquid,reference/Lubrication/Extracted/Adv Materials Inter - 2020 - Nalam - Effects of Nanoscale Roughness on the Lubricious Behavior of an Ionic Liquid.pdf,/Users/julyanffzz/项目/Ioniclink/reference/Lubrication/Extracted/Adv Materials Inter - 2020 - Nalam - Effects of Nanoscale Roughness on the Lubricious Behavior of an Ionic Liquid.pdf,,high,matched_local_reference,hmim_tfsi_silica_roughness,[HMIM]+ [TFSI]- / compound=zero / surface=silica / potential=0.0 / velocity=5.0,[HMIM][TFSI] on silica surfaces with nanoscale roughness series.,no_film,no+film+dataset+0312.csv,217,True,[HMIM]+,[TFSI]-,zero,silica,,3.540263249,1.8929,167.276,5,5.0,0,0.0,280.147,215.3680851,3.359227186,0,0.2,-0.07,82.38,4.85,8.81,2.153242802,1.0593,20.7,0,298,100.0,1,384.7328028,5.284512596,0.024,1.0,167.276,1_167.276,6.0,0.0478006245056644,0.0238006245056644,,0.0
bmb_pc_2020,Electroresponsive structuring and friction of a non-halogenated ionic liquid in a polar solvent: effect of concentration,reference/Lubrication/3.10/2020-Rutland-Electroresponsive structuring and friction of a non-halogenated ionic liquid in a polar solvent effect of concentration.pdf,/Users/julyanffzz/项目/Ioniclink/reference/Lubrication/3.10/2020-Rutland-Electroresponsive structuring and friction of a non-halogenated ionic liquid in a polar solvent effect of concentration.pdf,10.1039/D0CP02736G,high,matched_local_reference,p66614_bmb_pc_au,"[P6,6,6,14]+ [BMB]- / compound=PC / surface=Au(111) / potential=0.25 / velocity=1.0","Exact P6,6,6,14 BMB in propylene carbonate on Au(111), matching the 2020 electroresponsive PC/gold paper.",no_film,no+film+dataset+0312.csv,218,True,"[P6,6,6,14]+",[BMB]-,PC,Au(111),,5.174799948,12.446,483.87,28,1.0,0,0.25,311.078,319.1282666,3.97427778,0,0.7,-0.02,71.06,0.835,0.0,4.337445108,2.0514,60.0,0,298,0.67,0,682.1804819,1.591434542,0.114,2.0,483.87,2_483.87,7.0,0.1011954697599581,0.0128045302400418,,0.0
ion_structure_2013,"Ionic liquid lubrication: influence of ion structure, surface potential and sliding velocity","reference/Lubrication/Extracted/2013-rutland-Ionic liquid lubrication influence of ion structure, surface potential and sliding velocity.pdf","/Users/julyanffzz/项目/Ioniclink/reference/Lubrication/Extracted/2013-rutland-Ionic liquid lubrication influence of ion structure, surface potential and sliding velocity.pdf",10.1039/C3CP52638K,high,matched_local_reference,imidazolium_fap_i_au,[BMIm]+ [FAP]- / compound=zero / surface=Au(111) / potential=-0.5 / velocity=2.0,"Au(111) FAP/I ion-structure, surface-potential, and sliding-velocity series.",no_film,no+film+dataset+0312.csv,219,True,[BMIm]+,[FAP]-,zero,Au(111),,3.310978931,1.1127,139.222,3,2.0,0,-0.5,445.004,190.8925906,3.775688868,0,0.7,-0.02,0.0,0.2,8.81,2.422977778,7.1942,60.0,0,293,100.0,1,468.4882895,7.871070033,0.24,4.0,139.222,4_139.222,8.0,0.2263765843905444,0.0136234156094555,,0.0
ean_mica_2012,Ionic liquid nanotribology: mica-silica interactions in ethylammonium nitrate,reference/Lubrication/Extracted/2012-rutland-Ionic liquid nanotribology mica–silica interactions in ethylammonium nitrate.pdf,/Users/julyanffzz/项目/Ioniclink/reference/Lubrication/Extracted/2012-rutland-Ionic liquid nanotribology mica–silica interactions in ethylammonium nitrate.pdf,10.1039/C2SM25620K,high,matched_local_reference,ean_mica_silica_2012,[EA]+ [N]- / compound=zero / surface=mica / potential=0.0 / velocity=10.0,"EAN on mica/silica nanotribology system. Some EAN rows overlap ion-structure comparisons, but this is the EAN-specific primary paper in the local Lubrication corpus.",no_film,no+film+dataset+0312.csv,220,True,[EA]+,[N]-,zero,mica,,2.431285504,-0.7518,46.093,0,10.0,0,0.0,62.004,2.754887502,2.192174955,1,1.77,-0.16,66.2,0.0569,27.64,1.632993162,-0.2391,0.0,0,298,100.0,0,26.26466251,2.803039488,0.080214931,2.0,46.093,2_46.093,9.0,0.3099999985149927,0.2297850675149927,,1.0
ion_structure_2013,"Ionic liquid lubrication: influence of ion structure, surface potential and sliding velocity","reference/Lubrication/Extracted/2013-rutland-Ionic liquid lubrication influence of ion structure, surface potential and sliding velocity.pdf","/Users/julyanffzz/项目/Ioniclink/reference/Lubrication/Extracted/2013-rutland-Ionic liquid lubrication influence of ion structure, surface potential and sliding velocity.pdf",10.1039/C3CP52638K,high,matched_local_reference,imidazolium_fap_i_au,[HMIM]+ [FAP]- / compound=zero / surface=Au(111) / potential=-2.0 / velocity=2.0,"Au(111) FAP/I ion-structure, surface-potential, and sliding-velocity series.",no_film,no+film+dataset+0312.csv,221,True,[HMIM]+,[FAP]-,zero,Au(111),,3.540263249,1.8929,167.276,5,2.0,0,-2.0,445.004,215.3680851,3.775688868,0,0.7,-0.02,0.0,0.2,8.81,2.153242802,7.1942,60.0,0,293,100.0,1,468.4882895,7.871070033,0.1,2.0,167.276,2_167.276,10.0,0.1230240536828355,0.0230240536828355,,0.0
programmable_friction_2023,Investigation of Programmable Friction with Ionic Liquid Mixtures,reference/Lubrication/【无数据】2023-Investigation of Programmable Friction with Ionic Liquid.pdf,/Users/julyanffzz/项目/Ioniclink/reference/Lubrication/【无数据】2023-Investigation of Programmable Friction with Ionic Liquid.pdf,10.3390/lubricants11090376,medium,matched_local_reference,p66614_bta_doc_programmable,"[P6,6,6,14]+ [TFSI]- / compound=[P66614][Doc] / surface=stainless steel / potential=-4.0 / velocity=1.0","BTA/Doc component strings and +/-4 V velocity-ramp stainless-steel program match the 2023 programmable-friction paper; dataset columns split mixture chemistry across anion/compound fields, so verify formulation before publication.",no_film,no+film+dataset+0312.csv,222,True,"[P6,6,6,14]+",[TFSI]-,[P66614][Doc],stainless steel,,5.174799948,12.446,483.87,28,1.0,1,-4.0,280.147,319.1282666,3.359227186,0,0.07,0.01,82.38,320.0,0.0,4.337445108,1.0593,72.0,0,298,82.6,0,384.7328028,5.284512596,0.01295,0.0,483.87,0_483.87,11.0,0.0378229153385394,0.0248729153385394,,0.0
titanium_2022,Probing the nanofriction of non-halogenated phosphonium-based ionic liquid additives in glycol ether oil on titanium surface,reference/Lubrication/2022-an-Probing the nanofriction of non-halogenated phosphonium-based ionic liquid additives in glycol ether oil on titanium surface.pdf,/Users/julyanffzz/项目/Ioniclink/reference/Lubrication/2022-an-Probing the nanofriction of non-halogenated phosphonium-based ionic liquid additives in glycol ether oil on titanium surface.pdf,10.1007/s40544-021-0486-4,high,matched_local_reference,titanium_degdbe_phosphonium,"[P6,6,6,14]+ [DCA]- / compound=DEGDBE / surface=titanium / potential=0.0 / velocity=20.0","Titanium/DEGDBE phosphonium ionic-liquid additive table including BScB, DCA, BOB, and BMB; includes bare/neat controls in the same source.",no_film,no+film+dataset+0312.csv,223,True,"[P6,6,6,14]+",[DCA]-,DEGDBE,titanium,,5.174799948,12.446,483.87,28,20.0,0,0.0,66.043,319.1282666,2.409661825,0,0.5,0.005,61.68,61.15,0.0,4.337445108,0.32226,60.0,0,298,0.1,0,70.04663564,2.857271683,0.052,1.0,483.87,1_483.87,12.0,0.0985217166699711,0.0465217166699711,,0.0
tribotronic_2016,Tribotronic control of friction in oil-based lubricants with ionic liquid additives,reference/Lubrication/3.10/2016-atkin-Tribotronic control of friction in oil-based lubricants with ionic liquid additives.pdf,/Users/julyanffzz/项目/Ioniclink/reference/Lubrication/3.10/2016-atkin-Tribotronic control of friction in oil-based lubricants with ionic liquid additives.pdf,10.1039/C6CP04405K,high,matched_local_reference,p66614_ic8_hexadecane_au,"[P6,6,6,14]+ [(iC8)2PO2]- / compound=hexadecane / surface=Au(111) / potential=1.0 / velocity=6.5","Exact phosphonium phosphate ionic liquid additive in hexadecane on Au(111), matching the 2016 tribotronic gold study.",no_film,no+film+dataset+0312.csv,224,True,"[P6,6,6,14]+",[(iC8)2PO2]-,hexadecane,Au(111),,5.174799948,12.446,483.87,28,6.5,0,1.0,289.42,319.1282666,4.246635376,0,0.7,-0.02,40.13,1.0,0.0,4.337445108,4.7694,60.0,0,298,5.0,0,281.6910727,4.359263597,0.695,6.0,483.87,6_483.87,13.0,0.728401478599285,0.0334014785992849,,0.0
solvate_2017,Boundary layer friction of solvate ionic liquids as a function of potential,reference/Lubrication/2017-Rutland-Boundary layer friction of solvate ionic liquids as a function of potential.pdf,/Users/julyanffzz/项目/Ioniclink/reference/Lubrication/2017-Rutland-Boundary layer friction of solvate ionic liquids as a function of potential.pdf,,high,matched_local_reference,solvate_li_g4_potential,[Li(G4)]+ [TFSI]- / compound=zero / surface=HOPG / potential=-1.0 / velocity=6.0,Li(G4) solvate ionic liquid potential-dependent boundary-layer friction on Au(111)/HOPG.,no_film,no+film+dataset+0312.csv,225,True,[Li(G4)]+,[TFSI]-,zero,HOPG,,3.859895249,-2.667,229.222,12,6.0,0,-1.0,280.147,103.3825112,3.359227186,0,0.05,-0.0002,82.38,0.89,46.15,0.0,1.0593,85.0,0,298,100.0,5,384.7328028,5.284512596,0.033,1.0,229.222,1_229.222,14.0,-0.0030503346287563,0.0360503346287563,,0.0
protic_2014,Effect of ion structure on nanoscale friction in protic ionic liquids,reference/Lubrication/Extracted/2014-Rutland-Effect of ion structure on nanoscale friction in protic ionic liquids.pdf,/Users/julyanffzz/项目/Ioniclink/reference/Lubrication/Extracted/2014-Rutland-Effect of ion structure on nanoscale friction in protic ionic liquids.pdf,,high,matched_local_reference,protic_ion_structure_2014,[PA]+ [N]- / compound=zero / surface=mica / potential=0.0 / velocity=5.0,"Protic ionic-liquid ion-structure series on mica/silica, covering EA/PA/DMEA/EtA nitrate/formate systems.",no_film,no+film+dataset+0312.csv,226,True,[PA]+,[N]-,zero,mica,,2.642365161,-0.3617,60.12,1,5.0,0,0.0,62.004,5.245112498,2.192174955,1,1.77,-0.16,66.2,0.0569,27.64,1.974744871,-0.2391,0.0,0,298,100.0,0,26.26466251,2.803039488,0.936708861,7.0,60.12,7_60.12,15.0,0.7110664332990684,0.2256424277009315,,1.0
graphite_2021,Potential-Dependent Superlubricity of Ionic Liquids on a Graphite Surface,reference/Lubrication/2021-atkin-potential-dependent-superlubricity-of-ionic-liquids-on-a-graphite-surface.pdf,/Users/julyanffzz/项目/Ioniclink/reference/Lubrication/2021-atkin-potential-dependent-superlubricity-of-ionic-liquids-on-a-graphite-surface.pdf,10.1021/acs.jpcc.0c10804,high,matched_local_reference,phosphonium_hopg_graphite,"[P6,6,6,14]+ [(iC8)2PO2]- / compound=zero / surface=HOPG / potential=1.0 / velocity=6.0",HOPG phosphonium ionic-liquid comparison series from the graphite potential-dependent superlubricity paper.,no_film,no+film+dataset+0312.csv,227,True,"[P6,6,6,14]+",[(iC8)2PO2]-,zero,HOPG,,5.174799948,12.446,483.87,28,6.0,0,1.0,289.42,319.1282666,4.246635376,0,0.05,-0.0002,40.13,0.89,0.0,4.337445108,4.7694,85.0,0,298,100.0,0,281.6910727,4.359263597,0.013,0.0,483.87,0_483.87,16.0,0.0750349438451281,0.0620349438451281,,0.0
low_concentration_2016,Addition of low concentrations of an ionic liquid to a base oil reduces friction over multiple length scales: a combined nano- and macrotribology investigation,reference/Lubrication/3.10/Addition of low concentrations of an ionic liquid.pdf,/Users/julyanffzz/项目/Ioniclink/reference/Lubrication/3.10/Addition of low concentrations of an ionic liquid.pdf,10.1039/C5CP07061A,high,matched_local_reference,p66614_ic8_hexadecane_silica,"[P6,6,6,14]+ [(iC8)2PO2]- / compound=hexadecane / surface=silica / potential=0.0 / velocity=6.0","Silica + phosphonium phosphate ionic liquid additive in hexadecane, matching the combined nano/macro low-concentration study.",no_film,no+film+dataset+0312.csv,228,True,"[P6,6,6,14]+",[(iC8)2PO2]-,hexadecane,silica,,5.174799948,12.446,483.87,28,6.0,0,0.0,289.42,319.1282666,4.246635376,0,0.2,-0.07,40.13,0.5,0.0,4.337445108,4.7694,20.7,0,298,100.0,0,281.6910727,4.359263597,0.34,5.0,483.87,5_483.87,17.0,0.3113059369818451,0.0286940630181549,,0.0
stainless_2017,Ionic Liquid Lubrication of Stainless Steel: Friction is Inversely Correlated with Interfacial Liquid Nanostructure,reference/Lubrication/2017-atkin-Ionic Liquid Lubrication of Stainless Steel  Friction is Inversely Correlated with Interfacial Liquid Nanostructure.pdf,/Users/julyanffzz/项目/Ioniclink/reference/Lubrication/2017-atkin-Ionic Liquid Lubrication of Stainless Steel  Friction is Inversely Correlated with Interfacial Liquid Nanostructure.pdf,10.1021/acsnano.7b01839,high,matched_local_reference,stainless_2017_table_series,"[P6,6,6,14]+ [TFSI]- / compound=zero / surface=stainless steel / potential=0.0 / velocity=6.0","Stainless steel Table/Figure series covering HMIM FAP, HMIM I, P4,4,4,1 TFSI, P6,6,6,14 i(C8)2PO2, and P6,6,6,14 TFSI.",no_film,no+film+dataset+0312.csv,229,True,"[P6,6,6,14]+",[TFSI]-,zero,stainless steel,,5.174799948,12.446,483.87,28,6.0,1,0.0,280.147,319.1282666,3.359227186,0,0.07,0.01,82.38,0.89,0.0,4.337445108,1.0593,72.0,0,298,0.0,0,384.7328028,5.284512596,0.88,7.0,483.87,7_483.87,18.0,0.5108541601357296,0.3691458398642704,,0.0
ion_structure_2013,"Ionic liquid lubrication: influence of ion structure, surface potential and sliding velocity","reference/Lubrication/Extracted/2013-rutland-Ionic liquid lubrication influence of ion structure, surface potential and sliding velocity.pdf","/Users/julyanffzz/项目/Ioniclink/reference/Lubrication/Extracted/2013-rutland-Ionic liquid lubrication influence of ion structure, surface potential and sliding velocity.pdf",10.1039/C3CP52638K,high,matched_local_reference,imidazolium_fap_i_au,[BMIm]+ [I]- / compound=zero / surface=Au(111) / potential=0.0 / velocity=2.0,"Au(111) FAP/I ion-structure, surface-potential, and sliding-velocity series.",no_film,no+film+dataset+0312.csv,230,True,[BMIm]+,[I]-,zero,Au(111),,3.310978931,1.1127,139.222,3,2.0,0,0.0,126.904,190.8925906,2.113761051,0,0.7,-0.02,0.0,0.2,8.81,2.422977778,-2.996,60.0,0,293,100.0,1,0.0,0.0,0.17,3.0,139.222,3_139.222,19.0,0.3688344217385386,0.1988344217385386,,0.0
graphite_2021,Potential-Dependent Superlubricity of Ionic Liquids on a Graphite Surface,reference/Lubrication/2021-atkin-potential-dependent-superlubricity-of-ionic-liquids-on-a-graphite-surface.pdf,/Users/julyanffzz/项目/Ioniclink/reference/Lubrication/2021-atkin-potential-dependent-superlubricity-of-ionic-liquids-on-a-graphite-surface.pdf,10.1021/acs.jpcc.0c10804,high,matched_local_reference,phosphonium_hopg_graphite,"[P6,6,6,14]+ [TFSI]- / compound=zero / surface=HOPG / potential=0.0 / velocity=6.0",HOPG phosphonium ionic-liquid comparison series from the graphite potential-dependent superlubricity paper.,no_film,no+film+dataset+0312.csv,231,True,"[P6,6,6,14]+",[TFSI]-,zero,HOPG,,5.174799948,12.446,483.87,28,6.0,0,0.0,280.147,319.1282666,3.359227186,0,0.05,-0.0002,82.38,0.89,0.0,4.337445108,1.0593,85.0,0,298,100.0,0,384.7328028,5.284512596,0.014,0.0,483.87,0_483.87,20.0,0.0332148822972224,0.0192148822972224,,0.0
bmb_pc_2020,Electroresponsive structuring and friction of a non-halogenated ionic liquid in a polar solvent: effect of concentration,reference/Lubrication/3.10/2020-Rutland-Electroresponsive structuring and friction of a non-halogenated ionic liquid in a polar solvent effect of concentration.pdf,/Users/julyanffzz/项目/Ioniclink/reference/Lubrication/3.10/2020-Rutland-Electroresponsive structuring and friction of a non-halogenated ionic liquid in a polar solvent effect of concentration.pdf,10.1039/D0CP02736G,high,matched_local_reference,p66614_bmb_pc_au,"[P6,6,6,14]+ [BMB]- / compound=PC / surface=Au(111) / potential=0.25 / velocity=12.0","Exact P6,6,6,14 BMB in propylene carbonate on Au(111), matching the 2020 electroresponsive PC/gold paper.",no_film,no+film+dataset+0312.csv,232,True,"[P6,6,6,14]+",[BMB]-,PC,Au(111),,5.174799948,12.446,483.87,28,12.0,0,0.25,311.078,319.1282666,3.97427778,0,0.7,-0.02,71.06,0.835,0.0,4.337445108,2.0514,60.0,0,298,3.1,0,682.1804819,1.591434542,0.1288,3.0,483.87,3_483.87,21.0,0.124504502670194,0.0042954973298059,,0.0
graphite_2021,Potential-Dependent Superlubricity of Ionic Liquids on a Graphite Surface,reference/Lubrication/2021-atkin-potential-dependent-superlubricity-of-ionic-liquids-on-a-graphite-surface.pdf,/Users/julyanffzz/项目/Ioniclink/reference/Lubrication/2021-atkin-potential-dependent-superlubricity-of-ionic-liquids-on-a-graphite-surface.pdf,10.1021/acs.jpcc.0c10804,high,matched_local_reference,phosphonium_hopg_graphite,"[P6,6,6,14]+ [(iC8)2PO2]- / compound=zero / surface=HOPG / potential=0.0 / velocity=6.0",HOPG phosphonium ionic-liquid comparison series from the graphite potential-dependent superlubricity paper.,no_film,no+film+dataset+0312.csv,233,True,"[P6,6,6,14]+",[(iC8)2PO2]-,zero,HOPG,,5.174799948,12.446,483.87,28,6.0,0,0.0,289.42,319.1282666,4.246635376,0,0.05,-0.0002,40.13,0.89,0.0,4.337445108,4.7694,85.0,0,298,100.0,0,281.6910727,4.359263597,0.002,0.0,483.87,0_483.87,22.0,0.0521239264729241,0.0501239264729241,,0.0
ion_structure_2013,"Ionic liquid lubrication: influence of ion structure, surface potential and sliding velocity","reference/Lubrication/Extracted/2013-rutland-Ionic liquid lubrication influence of ion structure, surface potential and sliding velocity.pdf","/Users/julyanffzz/项目/Ioniclink/reference/Lubrication/Extracted/2013-rutland-Ionic liquid lubrication influence of ion structure, surface potential and sliding velocity.pdf",10.1039/C3CP52638K,high,matched_local_reference,imidazolium_fap_i_au,[BMIm]+ [FAP]- / compound=zero / surface=Au(111) / potential=-1.0 / velocity=2.0,"Au(111) FAP/I ion-structure, surface-potential, and sliding-velocity series.",no_film,no+film+dataset+0312.csv,234,True,[BMIm]+,[FAP]-,zero,Au(111),,3.310978931,1.1127,139.222,3,2.0,0,-1.0,445.004,190.8925906,3.775688868,0,0.7,-0.02,0.0,0.2,8.81,2.422977778,7.1942,60.0,0,293,100.0,1,468.4882895,7.871070033,0.23,4.0,139.222,4_139.222,23.0,0.1879972326216571,0.0420027673783429,,0.0
solvate_2017,Boundary layer friction of solvate ionic liquids as a function of potential,reference/Lubrication/2017-Rutland-Boundary layer friction of solvate ionic liquids as a function of potential.pdf,/Users/julyanffzz/项目/Ioniclink/reference/Lubrication/2017-Rutland-Boundary layer friction of solvate ionic liquids as a function of potential.pdf,,high,matched_local_reference,solvate_li_g4_potential,[Li(G4)]+ [TFSI]- / compound=zero / surface=HOPG / potential=1.0 / velocity=6.0,Li(G4) solvate ionic liquid potential-dependent boundary-layer friction on Au(111)/HOPG.,no_film,no+film+dataset+0312.csv,235,True,[Li(G4)]+,[TFSI]-,zero,HOPG,,3.859895249,-2.667,229.222,12,6.0,0,1.0,280.147,103.3825112,3.359227186,0,0.05,-0.0002,82.38,0.89,46.15,0.0,1.0593,85.0,0,298,100.0,5,384.7328028,5.284512596,0.01,0.0,229.222,0_229.222,24.0,0.3794390420722767,0.3694390420722767,,0.0
graphite_2021,Potential-Dependent Superlubricity of Ionic Liquids on a Graphite Surface,reference/Lubrication/2021-atkin-potential-dependent-superlubricity-of-ionic-liquids-on-a-graphite-surface.pdf,/Users/julyanffzz/项目/Ioniclink/reference/Lubrication/2021-atkin-potential-dependent-superlubricity-of-ionic-liquids-on-a-graphite-surface.pdf,10.1021/acs.jpcc.0c10804,high,matched_local_reference,phosphonium_hopg_graphite,"[P4,4,4,1 ]+ [TFSI]- / compound=zero / surface=HOPG / potential=1.0 / velocity=6.0",HOPG phosphonium ionic-liquid comparison series from the graphite potential-dependent superlubricity paper.,no_film,no+film+dataset+0312.csv,236,True,"[P4,4,4,1 ]+",[TFSI]-,zero,HOPG,,3.951373459,5.0341,217.357,9,6.0,0,1.0,280.147,98.62953293,3.359227186,0,0.05,-0.0002,82.38,0.89,0.0,3.889782595,1.0593,85.0,0,298,100.0,0,384.7328028,5.284512596,0.018,0.0,217.357,0_217.357,25.0,-0.0631423800434474,0.0811423800434474,,0.0
titanium_2022,Probing the nanofriction of non-halogenated phosphonium-based ionic liquid additives in glycol ether oil on titanium surface,reference/Lubrication/2022-an-Probing the nanofriction of non-halogenated phosphonium-based ionic liquid additives in glycol ether oil on titanium surface.pdf,/Users/julyanffzz/项目/Ioniclink/reference/Lubrication/2022-an-Probing the nanofriction of non-halogenated phosphonium-based ionic liquid additives in glycol ether oil on titanium surface.pdf,10.1007/s40544-021-0486-4,high,matched_local_reference,titanium_degdbe_phosphonium,"[P6,6,6,14]+ [BMB]- / compound=DEGDBE / surface=titanium / potential=0.0 / velocity=20.0","Titanium/DEGDBE phosphonium ionic-liquid additive table including BScB, DCA, BOB, and BMB; includes bare/neat controls in the same source.",no_film,no+film+dataset+0312.csv,237,True,"[P6,6,6,14]+",[BMB]-,DEGDBE,titanium,,5.174799948,12.446,483.87,28,20.0,0,0.0,311.078,319.1282666,3.97427778,0,0.5,0.005,71.06,61.15,0.0,4.337445108,2.0514,60.0,0,298,0.1,0,682.1804819,1.591434542,0.063,2.0,483.87,2_483.87,26.0,0.0713015815965549,0.0083015815965549,,0.0
programmable_friction_2023,Investigation of Programmable Friction with Ionic Liquid Mixtures,reference/Lubrication/【无数据】2023-Investigation of Programmable Friction with Ionic Liquid.pdf,/Users/julyanffzz/项目/Ioniclink/reference/Lubrication/【无数据】2023-Investigation of Programmable Friction with Ionic Liquid.pdf,10.3390/lubricants11090376,medium,matched_local_reference,p66614_bta_doc_programmable,"[P6,6,6,14]+ [TFSI]- / compound=[P66614][Doc] / surface=stainless steel / potential=0.0 / velocity=65.0","BTA/Doc component strings and +/-4 V velocity-ramp stainless-steel program match the 2023 programmable-friction paper; dataset columns split mixture chemistry across anion/compound fields, so verify formulation before publication.",no_film,no+film+dataset+0312.csv,238,True,"[P6,6,6,14]+",[TFSI]-,[P66614][Doc],stainless steel,,5.174799948,12.446,483.87,28,65.0,1,0.0,280.147,319.1282666,3.359227186,0,0.07,0.01,82.38,320.0,0.0,4.337445108,1.0593,72.0,0,298,82.6,0,384.7328028,5.284512596,0.02764,1.0,483.87,1_483.87,27.0,0.0278844799772123,0.0002444799772123,,0.0
low_concentration_2016,Addition of low concentrations of an ionic liquid to a base oil reduces friction over multiple length scales: a combined nano- and macrotribology investigation,reference/Lubrication/3.10/Addition of low concentrations of an ionic liquid.pdf,/Users/julyanffzz/项目/Ioniclink/reference/Lubrication/3.10/Addition of low concentrations of an ionic liquid.pdf,10.1039/C5CP07061A,high,matched_local_reference,p66614_ic8_hexadecane_silica,"[P6,6,6,14]+ [(iC8)2PO2]- / compound=hexadecane / surface=silica / potential=0.0 / velocity=6.0","Silica + phosphonium phosphate ionic liquid additive in hexadecane, matching the combined nano/macro low-concentration study.",no_film,no+film+dataset+0312.csv,239,True,"[P6,6,6,14]+",[(iC8)2PO2]-,hexadecane,silica,,5.174799948,12.446,483.87,28,6.0,0,0.0,289.42,319.1282666,4.246635376,0,0.2,-0.07,40.13,0.5,0.0,4.337445108,4.7694,20.7,0,298,1.0,0,281.6910727,4.359263597,0.4,5.0,483.87,5_483.87,28.0,0.3844441125014032,0.0155558874985968,,0.0
protic_2014,Effect of ion structure on nanoscale friction in protic ionic liquids,reference/Lubrication/Extracted/2014-Rutland-Effect of ion structure on nanoscale friction in protic ionic liquids.pdf,/Users/julyanffzz/项目/Ioniclink/reference/Lubrication/Extracted/2014-Rutland-Effect of ion structure on nanoscale friction in protic ionic liquids.pdf,,high,matched_local_reference,protic_ion_structure_2014,[PA]+ [F]- / compound=zero / surface=mica / potential=0.0 / velocity=5.0,"Protic ionic-liquid ion-structure series on mica/silica, covering EA/PA/DMEA/EtA nitrate/formate systems.",no_film,no+film+dataset+0312.csv,240,True,[PA]+,[F]-,zero,mica,,2.642365161,-0.3617,60.12,1,5.0,0,0.0,45.017,5.245112498,2.091441062,1,1.77,-0.16,40.13,0.0569,27.64,1.974744871,-1.6339,0.0,0,298,100.0,0,10.26466251,2.187496097,0.843037975,7.0,60.12,7_60.12,29.0,0.8086373821093604,0.0344005928906395,,1.0
ean_mica_2012,Ionic liquid nanotribology: mica-silica interactions in ethylammonium nitrate,reference/Lubrication/Extracted/2012-rutland-Ionic liquid nanotribology mica–silica interactions in ethylammonium nitrate.pdf,/Users/julyanffzz/项目/Ioniclink/reference/Lubrication/Extracted/2012-rutland-Ionic liquid nanotribology mica–silica interactions in ethylammonium nitrate.pdf,10.1039/C2SM25620K,high,matched_local_reference,ean_mica_silica_2012,[EA]+ [N]- / compound=zero / surface=mica / potential=0.0 / velocity=40.0,"EAN on mica/silica nanotribology system. Some EAN rows overlap ion-structure comparisons, but this is the EAN-specific primary paper in the local Lubrication corpus.",no_film,no+film+dataset+0312.csv,241,True,[EA]+,[N]-,zero,mica,,2.431285504,-0.7518,46.093,0,40.0,0,0.0,62.004,2.754887502,2.192174955,1,1.77,-0.16,66.2,0.0569,27.64,1.632993162,-0.2391,0.0,0,298,100.0,0,26.26466251,2.803039488,0.128900651,3.0,46.093,3_46.093,30.0,0.2440880131135096,0.1151873621135096,,1.0
stainless_2017,Ionic Liquid Lubrication of Stainless Steel: Friction is Inversely Correlated with Interfacial Liquid Nanostructure,reference/Lubrication/2017-atkin-Ionic Liquid Lubrication of Stainless Steel  Friction is Inversely Correlated with Interfacial Liquid Nanostructure.pdf,/Users/julyanffzz/项目/Ioniclink/reference/Lubrication/2017-atkin-Ionic Liquid Lubrication of Stainless Steel  Friction is Inversely Correlated with Interfacial Liquid Nanostructure.pdf,10.1021/acsnano.7b01839,high,matched_local_reference,stainless_2017_table_series,"[P6,6,6,14]+ [(iC8)2PO2]- / compound=zero / surface=stainless steel / potential=0.0 / velocity=6.0","Stainless steel Table/Figure series covering HMIM FAP, HMIM I, P4,4,4,1 TFSI, P6,6,6,14 i(C8)2PO2, and P6,6,6,14 TFSI.",no_film,no+film+dataset+0312.csv,242,True,"[P6,6,6,14]+",[(iC8)2PO2]-,zero,stainless steel,,5.174799948,12.446,483.87,28,6.0,1,0.0,289.42,319.1282666,4.246635376,0,0.07,0.01,40.13,0.89,0.0,4.337445108,4.7694,72.0,0,298,100.0,0,281.6910727,4.359263597,0.4,5.0,483.87,5_483.87,31.0,0.4778778797400119,0.0778778797400119,,0.0
protic_2014,Effect of ion structure on nanoscale friction in protic ionic liquids,reference/Lubrication/Extracted/2014-Rutland-Effect of ion structure on nanoscale friction in protic ionic liquids.pdf,/Users/julyanffzz/项目/Ioniclink/reference/Lubrication/Extracted/2014-Rutland-Effect of ion structure on nanoscale friction in protic ionic liquids.pdf,,high,matched_local_reference,protic_ion_structure_2014,[DMEA]+ [F]- / compound=zero / surface=mica / potential=0.0 / velocity=10.0,"Protic ionic-liquid ion-structure series on mica/silica, covering EA/PA/DMEA/EtA nitrate/formate systems.",no_film,no+film+dataset+0312.csv,243,True,[DMEA]+,[F]-,zero,mica,,2.824148313,-0.8492,74.147,1,10.0,0,0.0,45.017,17.60964047,2.091441062,1,1.77,-0.16,40.13,0.0569,4.44,2.539538861,-1.6339,0.0,0,298,100.0,0,10.26466251,2.187496097,0.463291139,6.0,74.147,6_74.147,32.0,0.5807813809286965,0.1174902419286964,,1.0
dicationic_2019,Interfacial Structure and Boundary Lubrication of a Dicationic Ionic Liquid,reference/Lubrication/Extracted/2019-Interfacial structure and boundary lubrication of a dicationic ionic liquid.pdf,/Users/julyanffzz/项目/Ioniclink/reference/Lubrication/Extracted/2019-Interfacial structure and boundary lubrication of a dicationic ionic liquid.pdf,,high,matched_local_reference,dicationic_tfsi_mica,[C10(C1Im)2]2+ [TFSI]- / compound=zero / surface=mica / potential=0.0 / velocity=0.105,Dicationic [C10(C1Im)2][TFSI] boundary lubrication between mica surfaces.,no_film,no+film+dataset+0312.csv,244,True,[C10(C1Im)2]2+,[TFSI]-,zero,mica,,4.268585015,2.8978,304.482,11,0.105,0,0.0,280.147,478.4344778,3.359227186,0,1.77,-0.16,82.38,0.0596,39.34,1.38550141,1.0593,0.0,0,298,100.0,0,384.7328028,5.284512596,0.08,2.0,304.482,2_304.482,33.0,0.107000000426782,0.027000000426782,,2.0
protic_2014,Effect of ion structure on nanoscale friction in protic ionic liquids,reference/Lubrication/Extracted/2014-Rutland-Effect of ion structure on nanoscale friction in protic ionic liquids.pdf,/Users/julyanffzz/项目/Ioniclink/reference/Lubrication/Extracted/2014-Rutland-Effect of ion structure on nanoscale friction in protic ionic liquids.pdf,,high,matched_local_reference,protic_ion_structure_2014,[EtA]+ [N]- / compound=zero / surface=mica / potential=0.0 / velocity=40.0,"Protic ionic-liquid ion-structure series on mica/silica, covering EA/PA/DMEA/EtA nitrate/formate systems.",no_film,no+film+dataset+0312.csv,245,True,[EtA]+,[N]-,zero,mica,,2.543129445,-1.7794,62.092,1,40.0,0,0.0,62.004,8.0,2.192174955,1,1.77,-0.16,66.2,0.0569,47.87,1.974744871,-0.2391,0.0,0,298,100.0,1,26.26466251,2.803039488,0.8,6.0,62.092,6_62.092,34.0,0.7866413700044758,0.0133586299955242,,2.0
ion_structure_2013,"Ionic liquid lubrication: influence of ion structure, surface potential and sliding velocity","reference/Lubrication/Extracted/2013-rutland-Ionic liquid lubrication influence of ion structure, surface potential and sliding velocity.pdf","/Users/julyanffzz/项目/Ioniclink/reference/Lubrication/Extracted/2013-rutland-Ionic liquid lubrication influence of ion structure, surface potential and sliding velocity.pdf",10.1039/C3CP52638K,high,matched_local_reference,imidazolium_fap_i_au,[EMIM] + [FAP]- / compound=zero / surface=Au(111) / potential=0.0 / velocity=6.0,"Au(111) FAP/I ion-structure, surface-potential, and sliding-velocity series.",no_film,no+film+dataset+0312.csv,246,True,[EMIM] +,[FAP]-,zero,Au(111),,3.045073482,0.3325,111.168,1,6.0,0,0.0,445.004,166.7913934,3.775688868,0,0.7,-0.02,0.0,0.2,8.81,2.837541431,7.1942,60.0,0,293,100.0,1,468.4882895,7.871070033,0.26,4.0,111.168,4_111.168,35.0,0.2699937775111182,0.0099937775111181,,0.0
ion_structure_2013,"Ionic liquid lubrication: influence of ion structure, surface potential and sliding velocity","reference/Lubrication/Extracted/2013-rutland-Ionic liquid lubrication influence of ion structure, surface potential and sliding velocity.pdf","/Users/julyanffzz/项目/Ioniclink/reference/Lubrication/Extracted/2013-rutland-Ionic liquid lubrication influence of ion structure, surface potential and sliding velocity.pdf",10.1039/C3CP52638K,high,matched_local_reference,imidazolium_fap_i_au,[EMIM] + [FAP]- / compound=zero / surface=Au(111) / potential=-2.0 / velocity=6.0,"Au(111) FAP/I ion-structure, surface-potential, and sliding-velocity series.",no_film,no+film+dataset+0312.csv,247,True,[EMIM] +,[FAP]-,zero,Au(111),,3.045073482,0.3325,111.168,1,6.0,0,-2.0,445.004,166.7913934,3.775688868,0,0.7,-0.02,0.0,0.2,8.81,2.837541431,7.1942,60.0,0,293,100.0,1,468.4882895,7.871070033,0.13,3.0,111.168,3_111.168,36.0,0.1428392793511914,0.0128392793511913,,0.0
surface_active_2024,Surface-active ionic liquids as lubricant additives to hexadecane and diethyl succinate,reference/Lubrication/Extracted/Surface-active ionic liquids as lubricant additives to hexadecane and diethyl succinate.pdf,/Users/julyanffzz/项目/Ioniclink/reference/Lubrication/Extracted/Surface-active ionic liquids as lubricant additives to hexadecane and diethyl succinate.pdf,,high,matched_local_reference,p66614_aot_ds_stainless_additives,"[P6,6,6,14]+ [AOT]- / compound=zero / surface=stainless steel / potential=0.0 / velocity=6.0",Surface-active phosphonium AOT/DS additives in hexadecane or diethyl succinate on stainless steel.,no_film,no+film+dataset+0312.csv,248,True,"[P6,6,6,14]+",[AOT]-,zero,stainless steel,,5.174799948,12.446,483.87,28,6.0,1,0.0,421.576,319.1282666,4.637037402,0,0.07,0.01,109.8,0.9,0.0,4.337445108,3.8095,72.0,0,298,100.0,0,544.7574562,4.726289834,0.22,3.0,483.87,3_483.87,37.0,0.3414237000757456,0.1214237000757456,,0.0
ean_mica_2012,Ionic liquid nanotribology: mica-silica interactions in ethylammonium nitrate,reference/Lubrication/Extracted/2012-rutland-Ionic liquid nanotribology mica–silica interactions in ethylammonium nitrate.pdf,/Users/julyanffzz/项目/Ioniclink/reference/Lubrication/Extracted/2012-rutland-Ionic liquid nanotribology mica–silica interactions in ethylammonium nitrate.pdf,10.1039/C2SM25620K,high,matched_local_reference,ean_mica_silica_2012,[EA]+ [N]- / compound=zero / surface=mica / potential=0.0 / velocity=10.0,"EAN on mica/silica nanotribology system. Some EAN rows overlap ion-structure comparisons, but this is the EAN-specific primary paper in the local Lubrication corpus.",no_film,no+film+dataset+0312.csv,249,True,[EA]+,[N]-,zero,mica,,2.431285504,-0.7518,46.093,0,10.0,0,0.0,62.004,2.754887502,2.192174955,1,1.77,-0.16,66.2,0.0569,27.64,1.632993162,-0.2391,0.0,0,339,100.0,0,26.26466251,2.803039488,0.303,4.0,46.093,4_46.093,39.0,0.3148265561757102,0.0118265561757102,,1.0
ean_stiction_2012,Ionic Liquid Nanotribology: Stiction Suppression and Surface-Induced Shear Thinning,reference/Lubrication/Extracted/2012-atkin-Ionic Liquid Nanotribology Stiction Suppression and SurfaceInduced Shear Thinning.pdf,/Users/julyanffzz/项目/Ioniclink/reference/Lubrication/Extracted/2012-atkin-Ionic Liquid Nanotribology Stiction Suppression and SurfaceInduced Shear Thinning.pdf,,high,matched_local_reference,ean_stiction_silica_ptfe_2012,[EA]+ [N]- / compound=zero / surface=silica / potential=0.0 / velocity=20.0,EAN silica-silica / silica-PTFE stiction-suppression and shear-thinning figure series.,no_film,no+film+dataset+0312.csv,250,True,[EA]+,[N]-,zero,silica,,2.431285504,-0.7518,46.093,0,20.0,0,0.0,62.004,2.754887502,2.192174955,1,0.2,-0.07,66.2,0.6,27.64,1.632993162,-0.2391,20.7,0,298,0.0,0,26.26466251,2.803039488,0.338709677,5.0,46.093,5_46.093,40.0,0.3929248461093707,0.0542151691093707,,1.0
programmable_friction_2023,Investigation of Programmable Friction with Ionic Liquid Mixtures,reference/Lubrication/【无数据】2023-Investigation of Programmable Friction with Ionic Liquid.pdf,/Users/julyanffzz/项目/Ioniclink/reference/Lubrication/【无数据】2023-Investigation of Programmable Friction with Ionic Liquid.pdf,10.3390/lubricants11090376,medium,matched_local_reference,p66614_bta_doc_programmable,"[P6,6,6,14]+ [AOT]- / compound=[P66614][BTA] / surface=stainless steel / potential=0.0 / velocity=65.0","BTA/Doc component strings and +/-4 V velocity-ramp stainless-steel program match the 2023 programmable-friction paper; dataset columns split mixture chemistry across anion/compound fields, so verify formulation before publication.",no_film,no+film+dataset+0312.csv,251,True,"[P6,6,6,14]+",[AOT]-,[P66614][BTA],stainless steel,,5.174799948,12.446,483.87,28,65.0,1,0.0,421.576,319.1282666,4.637037402,0,0.07,0.01,109.8,320.0,0.0,4.337445108,3.8095,72.0,0,298,17.4,0,544.7574562,4.726289834,0.02764,1.0,483.87,1_483.87,41.0,0.0280969469766658,0.0004569469766658,,0.0
superlubricity_hopg_2014,An ionic liquid lubricant enables superlubricity to be switched on in situ using an electrical potential,reference/Lubrication/3.10/2014-atkin-An ionic liquid lubricant enables superlubricity to be “switched on” in situ usin.pdf,/Users/julyanffzz/项目/Ioniclink/reference/Lubrication/3.10/2014-atkin-An ionic liquid lubricant enables superlubricity to be “switched on” in situ usin.pdf,10.1039/C4CC00979G,high,matched_local_reference,hmim_fap_hopg,[HMIM]+ [FAP]- / compound=zero / surface=HOPG / potential=0.0 / velocity=6.0,[HMIM][FAP] on HOPG potential-dependent superlubricity system.,no_film,no+film+dataset+0312.csv,252,True,[HMIM]+,[FAP]-,zero,HOPG,,3.540263249,1.8929,167.276,5,6.0,0,0.0,445.004,215.3680851,3.775688868,0,0.05,-0.0002,0.0,0.89,8.81,2.153242802,7.1942,85.0,0,298,100.0,1,468.4882895,7.871070033,0.019,0.0,167.276,0_167.276,42.0,0.0648918353258162,0.0458918353258162,,0.0
stainless_2017,Ionic Liquid Lubrication of Stainless Steel: Friction is Inversely Correlated with Interfacial Liquid Nanostructure,reference/Lubrication/2017-atkin-Ionic Liquid Lubrication of Stainless Steel  Friction is Inversely Correlated with Interfacial Liquid Nanostructure.pdf,/Users/julyanffzz/项目/Ioniclink/reference/Lubrication/2017-atkin-Ionic Liquid Lubrication of Stainless Steel  Friction is Inversely Correlated with Interfacial Liquid Nanostructure.pdf,10.1021/acsnano.7b01839,high,matched_local_reference,stainless_2017_table_series,[HMIM]+ [I]- / compound=zero / surface=stainless steel / potential=0.0 / velocity=6.0,"Stainless steel Table/Figure series covering HMIM FAP, HMIM I, P4,4,4,1 TFSI, P6,6,6,14 i(C8)2PO2, and P6,6,6,14 TFSI.",no_film,no+film+dataset+0312.csv,253,True,[HMIM]+,[I]-,zero,stainless steel,,3.540263249,1.8929,167.276,5,6.0,1,0.0,126.904,215.3680851,2.113761051,0,0.07,0.01,0.0,0.89,8.81,2.153242802,-2.996,72.0,0,298,100.0,1,0.0,0.0,0.46,5.0,167.276,5_167.276,43.0,0.7971002833439333,0.3371002833439333,,0.0
bmim_aot_water_2025,Potential-dependent superlubricity of stainless steel and Au(111) using a water-in-surface-active ionic liquid mixture,reference/Lubrication/Extracted/2025-Potential-dependent superlubricity of stainless steel and Au(111) using a.pdf,/Users/julyanffzz/项目/Ioniclink/reference/Lubrication/Extracted/2025-Potential-dependent superlubricity of stainless steel and Au(111) using a.pdf,,high,matched_local_reference,bmim_aot_h2o_au_stainless,[BMIm]+ [AOT]- / compound=H2O / surface=Au(111) / potential=0.5 / velocity=6.0,1.6 M [BMIm][AOT] water-in-surface-active ionic liquid mixture on Au(111)/stainless steel.,no_film,no+film+dataset+0312.csv,254,True,[BMIm]+,[AOT]-,H2O,Au(111),,3.310978931,1.1127,139.222,3,6.0,0,0.5,421.576,190.8925906,4.637037402,0,0.7,-0.02,109.8,0.2,8.81,2.422977778,3.8095,60.0,1,298,16.5,1,544.7574562,4.726289834,0.442,5.0,139.222,5_139.222,44.0,0.375088325893467,0.0669116741065329,,0.0
ion_structure_2013,"Ionic liquid lubrication: influence of ion structure, surface potential and sliding velocity","reference/Lubrication/Extracted/2013-rutland-Ionic liquid lubrication influence of ion structure, surface potential and sliding velocity.pdf","/Users/julyanffzz/项目/Ioniclink/reference/Lubrication/Extracted/2013-rutland-Ionic liquid lubrication influence of ion structure, surface potential and sliding velocity.pdf",10.1039/C3CP52638K,high,matched_local_reference,imidazolium_fap_i_au,[EMIM] + [FAP]- / compound=zero / surface=Au(111) / potential=-0.5 / velocity=20.0,"Au(111) FAP/I ion-structure, surface-potential, and sliding-velocity series.",no_film,no+film+dataset+0312.csv,255,True,[EMIM] +,[FAP]-,zero,Au(111),,3.045073482,0.3325,111.168,1,20.0,0,-0.5,445.004,166.7913934,3.775688868,0,0.7,-0.02,0.0,0.2,8.81,2.837541431,7.1942,60.0,0,293,100.0,1,468.4882895,7.871070033,0.24,4.0,111.168,4_111.168,45.0,0.2545992921630546,0.0145992921630546,,0.0
ion_structure_2013,"Ionic liquid lubrication: influence of ion structure, surface potential and sliding velocity","reference/Lubrication/Extracted/2013-rutland-Ionic liquid lubrication influence of ion structure, surface potential and sliding velocity.pdf","/Users/julyanffzz/项目/Ioniclink/reference/Lubrication/Extracted/2013-rutland-Ionic liquid lubrication influence of ion structure, surface potential and sliding velocity.pdf",10.1039/C3CP52638K,high,matched_local_reference,imidazolium_fap_i_au,[EMIM] + [FAP]- / compound=zero / surface=Au(111) / potential=-1.0 / velocity=6.0,"Au(111) FAP/I ion-structure, surface-potential, and sliding-velocity series.",no_film,no+film+dataset+0312.csv,256,True,[EMIM] +,[FAP]-,zero,Au(111),,3.045073482,0.3325,111.168,1,6.0,0,-1.0,445.004,166.7913934,3.775688868,0,0.7,-0.02,0.0,0.2,8.81,2.837541431,7.1942,60.0,0,293,100.0,1,468.4882895,7.871070033,0.17,3.0,111.168,3_111.168,46.0,0.1863038386963189,0.0163038386963189,,0.0
bmb_pc_2020,Electroresponsive structuring and friction of a non-halogenated ionic liquid in a polar solvent: effect of concentration,reference/Lubrication/3.10/2020-Rutland-Electroresponsive structuring and friction of a non-halogenated ionic liquid in a polar solvent effect of concentration.pdf,/Users/julyanffzz/项目/Ioniclink/reference/Lubrication/3.10/2020-Rutland-Electroresponsive structuring and friction of a non-halogenated ionic liquid in a polar solvent effect of concentration.pdf,10.1039/D0CP02736G,high,matched_local_reference,p66614_bmb_pc_au,"[P6,6,6,14]+ [BMB]- / compound=PC / surface=Au(111) / potential=-1.0 / velocity=12.0","Exact P6,6,6,14 BMB in propylene carbonate on Au(111), matching the 2020 electroresponsive PC/gold paper.",no_film,no+film+dataset+0312.csv,257,True,"[P6,6,6,14]+",[BMB]-,PC,Au(111),,5.174799948,12.446,483.87,28,12.0,0,-1.0,311.078,319.1282666,3.97427778,0,0.7,-0.02,71.06,0.835,0.0,4.337445108,2.0514,60.0,0,298,3.1,0,682.1804819,1.591434542,0.0987,2.0,483.87,2_483.87,47.0,0.0692014456202267,0.0294985543797732,,0.0
ion_structure_2013,"Ionic liquid lubrication: influence of ion structure, surface potential and sliding velocity","reference/Lubrication/Extracted/2013-rutland-Ionic liquid lubrication influence of ion structure, surface potential and sliding velocity.pdf","/Users/julyanffzz/项目/Ioniclink/reference/Lubrication/Extracted/2013-rutland-Ionic liquid lubrication influence of ion structure, surface potential and sliding velocity.pdf",10.1039/C3CP52638K,high,matched_local_reference,imidazolium_fap_i_au,[EMIM] + [FAP]- / compound=zero / surface=Au(111) / potential=1.5 / velocity=12.0,"Au(111) FAP/I ion-structure, surface-potential, and sliding-velocity series.",no_film,no+film+dataset+0312.csv,258,True,[EMIM] +,[FAP]-,zero,Au(111),,3.045073482,0.3325,111.168,1,12.0,0,1.5,445.004,166.7913934,3.775688868,0,0.7,-0.02,0.0,0.2,8.81,2.837541431,7.1942,60.0,0,293,100.0,1,468.4882895,7.871070033,0.39,5.0,111.168,5_111.168,48.0,0.3759685417858759,0.0140314582141241,,0.0
dop_2011,Tribological Properties of Self-Assembled Monolayers of Catecholic Imidazolium and the Spin-Coated Films of Ionic Liquids,reference/Lubrication/Extracted/Tribological Properties of Self-Assembled Monolayers of Catecholic.pdf,/Users/julyanffzz/项目/Ioniclink/reference/Lubrication/Extracted/Tribological Properties of Self-Assembled Monolayers of Catecholic.pdf,,high,matched_local_reference,dopil_silica_2011,[DOPIL]+ [TFSI]- / compound=zero / surface=silica / potential=0.0 / velocity=2.0,DOP-functionalized imidazolium ionic-liquid film friction series on silicon/silica-type substrate.,no_film,no+film+dataset+0312.csv,259,True,[DOPIL]+,[TFSI]-,zero,silica,,4.033447586,0.4728,290.343,6,2.0,0,0.0,280.147,622.3764453,3.359227186,0,0.2,-0.07,82.38,6.03,78.37,1.69932597,1.0593,20.7,0,298,100.0,4,384.7328028,5.284512596,2.69,7.0,290.343,7_290.343,49.0,2.71734194777441,0.0273419477744099,,3.0
hydrogen_bond_2020,Effect of Hydrogen Bonding between Ions of Like Charge on the Boundary Layer Friction of Hydroxy-Functionalized Ionic Liquids,reference/Lubrication/Extracted/2020-atkin-Effect of Hydrogen Bonding between Ions of Like Charge on the.pdf,/Users/julyanffzz/项目/Ioniclink/reference/Lubrication/Extracted/2020-atkin-Effect of Hydrogen Bonding between Ions of Like Charge on the.pdf,,high,matched_local_reference,hydroxy_functionalized_mica,[HOC3MPip]+ [TFSI]- / compound=zero / surface=mica / potential=0.0 / velocity=6.0,Hydroxy-functionalized ionic liquids on mica; same-charge hydrogen-bonding boundary-layer friction paper.,no_film,no+film+dataset+0312.csv,260,True,[HOC3MPip]+,[TFSI]-,zero,mica,,3.47886167,0.9993,158.265,3,6.0,0,0.0,280.147,108.1303606,3.359227186,1,1.77,-0.16,82.38,0.0569,20.23,2.25045382,1.0593,0.0,0,293,100.0,1,384.7328028,5.284512596,0.21,,,,,,,,1.0
hydrogen_bond_2020,Effect of Hydrogen Bonding between Ions of Like Charge on the Boundary Layer Friction of Hydroxy-Functionalized Ionic Liquids,reference/Lubrication/Extracted/2020-atkin-Effect of Hydrogen Bonding between Ions of Like Charge on the.pdf,/Users/julyanffzz/项目/Ioniclink/reference/Lubrication/Extracted/2020-atkin-Effect of Hydrogen Bonding between Ions of Like Charge on the.pdf,,high,matched_local_reference,hydroxy_functionalized_mica,[HOC4Py] + [OMs]- / compound=zero / surface=mica / potential=0.0 / velocity=6.0,Hydroxy-functionalized ionic liquids on mica; same-charge hydrogen-bonding boundary-layer friction paper.,no_film,no+film+dataset+0312.csv,261,True,[HOC4Py] +,[OMs]-,zero,mica,,3.360073211,0.7466,152.217,4,6.0,0,0.0,95.099,186.0140383,2.563925277,0,1.77,-0.16,57.2,0.0569,24.11,2.275801287,-0.8386,0.0,0,293,100.0,1,90.06147084,4.062942299,0.24,,,,,,,,1.0
hydrogen_bond_2020,Effect of Hydrogen Bonding between Ions of Like Charge on the Boundary Layer Friction of Hydroxy-Functionalized Ionic Liquids,reference/Lubrication/Extracted/2020-atkin-Effect of Hydrogen Bonding between Ions of Like Charge on the.pdf,/Users/julyanffzz/项目/Ioniclink/reference/Lubrication/Extracted/2020-atkin-Effect of Hydrogen Bonding between Ions of Like Charge on the.pdf,,high,matched_local_reference,hydroxy_functionalized_mica,[HOC3Py] + [OMs]- / compound=zero / surface=mica / potential=0.0 / velocity=6.0,Hydroxy-functionalized ionic liquids on mica; same-charge hydrogen-bonding boundary-layer friction paper.,no_film,no+film+dataset+0312.csv,262,True,[HOC3Py] +,[OMs]-,zero,mica,,3.236493461,0.3565,138.19,3,6.0,0,0.0,95.099,173.8722824,2.563925277,0,1.77,-0.16,57.2,0.0569,24.11,2.426522347,-0.8386,0.0,0,293,100.0,1,90.06147084,4.062942299,0.26,,,,,,,,1.0
stainless_2017,Ionic Liquid Lubrication of Stainless Steel: Friction is Inversely Correlated with Interfacial Liquid Nanostructure,reference/Lubrication/2017-atkin-Ionic Liquid Lubrication of Stainless Steel  Friction is Inversely Correlated with Interfacial Liquid Nanostructure.pdf,/Users/julyanffzz/项目/Ioniclink/reference/Lubrication/2017-atkin-Ionic Liquid Lubrication of Stainless Steel  Friction is Inversely Correlated with Interfacial Liquid Nanostructure.pdf,10.1021/acsnano.7b01839,high,matched_local_reference,stainless_2017_table_series,[HMIM]+ [FAP]- / compound=zero / surface=stainless steel / potential=0.0 / velocity=6.0,"Stainless steel Table/Figure series covering HMIM FAP, HMIM I, P4,4,4,1 TFSI, P6,6,6,14 i(C8)2PO2, and P6,6,6,14 TFSI.",no_film,no+film+dataset+0312.csv,263,True,[HMIM]+,[FAP]-,zero,stainless steel,,3.540263249,1.8929,167.276,5,6.0,1,0.0,445.004,215.3680851,3.775688868,0,0.07,0.01,0.0,0.89,8.81,2.153242802,7.1942,72.0,0,298,100.0,1,468.4882895,7.871070033,1.16,,,,,,,,0.0
stainless_2017,Ionic Liquid Lubrication of Stainless Steel: Friction is Inversely Correlated with Interfacial Liquid Nanostructure,reference/Lubrication/2017-atkin-Ionic Liquid Lubrication of Stainless Steel  Friction is Inversely Correlated with Interfacial Liquid Nanostructure.pdf,/Users/julyanffzz/项目/Ioniclink/reference/Lubrication/2017-atkin-Ionic Liquid Lubrication of Stainless Steel  Friction is Inversely Correlated with Interfacial Liquid Nanostructure.pdf,10.1021/acsnano.7b01839,high,matched_local_reference,stainless_2017_table_series,"[P4,4,4,1 ]+ [TFSI]- / compound=zero / surface=stainless steel / potential=0.0 / velocity=6.0","Stainless steel Table/Figure series covering HMIM FAP, HMIM I, P4,4,4,1 TFSI, P6,6,6,14 i(C8)2PO2, and P6,6,6,14 TFSI.",no_film,no+film+dataset+0312.csv,264,True,"[P4,4,4,1 ]+",[TFSI]-,zero,stainless steel,,3.951373459,5.0341,217.357,9,6.0,1,0.0,280.147,98.62953293,3.359227186,0,0.07,0.01,82.38,0.89,0.0,3.889782595,1.0593,72.0,0,298,100.0,0,384.7328028,5.284512596,0.93,,,,,,,,0.0
control_gold_2012,Control of Nanoscale Friction on Gold in an Ionic Liquid by a Potential-Dependent Ionic Lubricant Layer,reference/Lubrication/3.10/2012-Rutland-Control of Nanoscale Friction on Gold in an Ionic Liquid by a Potential-Dependent Ionic Lubricant Layer.pdf,/Users/julyanffzz/项目/Ioniclink/reference/Lubrication/3.10/2012-Rutland-Control of Nanoscale Friction on Gold in an Ionic Liquid by a Potential-Dependent Ionic Lubricant Layer.pdf,,high,matched_local_reference,py14_fap_au,"[Py1,4]+ [FAP]- / compound=zero / surface=Au(111) / potential=-0.16 / velocity=6.0","Exact [Py1,4][FAP] on Au(111) potential-dependent lubricant layer system.",no_film,no+film+dataset+0312.csv,265,True,"[Py1,4]+",[FAP]-,zero,Au(111),,3.423597497,2.0269,142.266,3,6.0,0,-0.16,445.004,92.90138861,3.775688868,1,0.7,-0.02,0.0,1.0,0.0,2.21874475,7.1942,60.0,0,298,100.0,0,468.4882895,7.871070033,0.28,,,,,,,,0.0
